#{"t_start": 1785052792.3407495, "env_id": "None"}
r,l,t,success,crossing_xy_error,touched_backboard,has_fallen,parameter_l2,mean_ctrl_delta
10.751817,1,3.427523,True,0.021693030009128554,False,False,0.008714489633424163,0.00032682562218435616
10.165688,1,3.427523,True,0.03857142223856214,False,False,0.00752329932931772,0.00032675622813550245
10.202132,1,3.427523,True,0.03730369512017162,False,False,0.008012673402123041,0.00032618590430610184
10.306337,1,3.427523,True,0.03385349171432626,False,False,0.0109824501305874,0.0003267563044227826
10.617519,1,3.427523,True,0.024968514758300902,False,False,0.014524887263876286,0.00032673946976551836
10.540734,1,3.427523,True,0.027014024797911325,False,False,0.009423085417758142,0.00032669089425643635
10.2392025,1,3.428523,True,0.036038824097412894,False,False,0.010092330607992066,0.0003268566152453589
-3.464554,1,3.428523,False,0.34633462697826267,False,False,0.006135551684743178,0.00032812174950129416
10.564411,1,4.677984,True,0.02638696794574676,False,False,0.00822649811926884,0.00032674582744731057
10.115862,1,4.677984,True,0.040321599269380975,False,False,0.012475558055241975,0.00032674398473756677
10.712709,1,4.677984,True,0.0225900992688888,False,False,0.01644897254619289,0.0003267167813588408
9.172954,1,4.677984,True,0.0918010966636301,False,False,0.014034980801653755,0.00030845226217139816
9.691639,1,4.677984,True,0.058753597557798756,False,False,0.01488847762416171,0.0003267510404894257
10.360759,1,4.677984,True,0.032157506665359256,False,False,0.01184700402125429,0.00032682449236957385
10.58089,1,4.677984,True,0.02593580077238295,False,False,0.01127151010994589,0.0003267356566441372
10.446978,1,4.677984,True,0.02961276384618145,False,False,0.011062022997210864,0.000326803808072238
10.376409,1,5.898169,True,0.03163360126827216,False,False,0.02010423847638527,0.00032673955261358466
10.764059,1,5.898169,True,0.02141776047102829,False,False,0.005995518517198091,0.0003268071909732059
9.633391,1,5.898169,True,0.061846966091982314,False,False,0.013241742944235886,0.0003255593510543857
10.54198,1,5.898169,True,0.026999587400091504,False,False,0.005873147001289994,0.0003267402057299342
9.783707,1,5.898169,True,0.05424800125116099,False,False,0.008444952213516732,0.00032615591265081577
10.517824,1,5.898169,True,0.02765708589108602,False,False,0.0056384973252539515,0.000326750888811236
9.632234,1,5.898169,True,0.06200993296638208,False,False,0.003988739902769861,0.00032544314249607936
-2.9413767,1,5.898169,False,0.29387704477642734,False,False,0.013588503142287909,0.000328119970640039
-2.2132251,1,7.118502,False,0.22125026786678043,False,False,0.00987913411703822,0.00032616734728796736
10.394388,1,7.118502,True,0.031158026968491175,False,False,0.009652119885256157,0.0003267393790870224
10.661992,1,7.118502,True,0.02387091529773669,False,False,0.009160490480108198,0.00032678793985625645
-2.3496554,1,7.118502,False,0.23483342009199945,False,False,0.010591099110825968,0.0003254368845663223
-0.98749465,1,7.118502,False,0.10458430672133107,False,False,0.014444997382518214,0.0003205032008360805
9.230184,1,7.118502,True,0.08752567153188237,False,False,0.013474616318712596,0.00032481360171438103
10.655202,1,7.118502,True,0.024057702294161584,False,False,0.0057601814181249,0.0003267817101158677
10.3925085,1,7.118502,True,0.03122491619032418,False,False,0.007822356270761464,0.00032675632540713823
9.6319685,1,8.328233,True,0.06200035871216117,False,False,0.006194700565466216,0.0003255209766961054
10.68713,1,8.328233,True,0.023265603183809935,False,False,0.005711162621696749,0.0003267362275001846
10.524682,1,8.328233,True,0.027415361843428302,False,False,0.01561398045534381,0.00032672922339181405
10.312511,1,8.328233,True,0.03369664682832413,False,False,0.004916155205432192,0.0003268187988499458
10.464349,1,8.328233,True,0.029123075551115277,False,False,0.010017423981067353,0.000326109977175965
9.706271,1,8.328233,True,0.0580658897523905,False,False,0.008828218074540569,0.00032553645976183735
10.465488,1,8.328233,True,0.029089657647502574,False,False,0.01021466716861364,0.0003267177354284364
10.616125,1,8.329236,True,0.02500932898979785,False,False,0.013537830923229542,0.0003267729890656825
10.202383,1,9.532571,True,0.03727646787409297,False,False,0.01073693710069231,0.00032674243552219094
10.666791,1,9.533572,True,0.023724094907643982,False,False,0.014645214473882359,0.00032679284268004923
10.279554,1,9.533572,True,0.03472539305032342,False,False,0.008624505871822218,0.00032676746308126436
10.32906,1,9.533572,True,0.03312974169268236,False,False,0.012559593234827613,0.0003268108093728418
9.770912,1,9.533572,True,0.054835112969009794,False,False,0.011292254065391617,0.00032618713351616023
10.614223,1,9.533572,True,0.025062119438658388,False,False,0.01277286971712872,0.0003267605413708044
10.12303,1,9.533572,True,0.04010522256141219,False,False,0.006333235787336909,0.000326206510915691
9.676543,1,9.533572,True,0.05963171422285323,False,False,0.005766040750265202,0.00032677282270820497
10.613685,1,10.762922,True,0.02507750372571665,False,False,0.012470512677214678,0.000326761000828381
10.709847,1,10.762922,True,0.022683345728374348,False,False,0.011481302151187337,0.0003267025465833405
10.0762205,1,10.762922,True,0.04182614831412756,False,False,0.00789034919406666,0.0003261553326978785
10.397973,1,10.762922,True,0.03100896457023449,False,False,0.016810746747012432,0.0003261440240783284
10.49028,1,10.762922,True,0.02838416458089239,False,False,0.011762268941668479,0.0003268482038056355
9.699747,1,10.762922,True,0.058425778931064265,False,False,0.006242869538189013,0.0003254890985921107
-3.1710656,1,10.762922,False,0.31665116953329114,False,False,0.02302989056654087,0.00032126030995677387
10.445209,1,10.762922,True,0.02964647284226721,False,False,0.014037113368797427,0.000326716151420712
10.654435,1,12.093287,True,0.02404722873239733,False,False,0.011682051714211423,0.00032615781286772185
9.479202,1,12.093287,True,0.07069196844757701,False,False,0.01699644220659362,0.00032554270818321553
10.133172,1,12.093287,True,0.03971731986902943,False,False,0.009199073528404681,0.0003272998544531575
10.396323,1,12.093287,True,0.03109135900246496,False,False,0.011184462515674058,0.0003266834719487819
10.315785,1,12.093287,True,0.0335538538759361,False,False,0.011198809617958543,0.0003267283608112461
10.2937975,1,12.093287,True,0.03426425939359927,False,False,0.00914747435007915,0.0003267877490102903
10.370064,1,12.093287,True,0.031875380717559194,False,False,0.011775493693304155,0.0003261868994586817
10.297278,1,12.093287,True,0.03418330333708115,False,False,0.0044126167052495995,0.0003267365856534468
-2.2957594,1,13.392079,False,0.22941169558867652,False,False,0.012987206030964985,0.0003254908760434609
10.313858,1,13.392079,True,0.03362498394284331,False,False,0.009544506949006094,0.0003267662035404462
10.91893,1,13.392079,True,0.01794376232541407,False,False,0.006574432030051221,0.0003267392723957161
10.175002,1,13.392079,True,0.03825607237830388,False,False,0.005931616472049799,0.0003268052274953185
10.15253,1,13.392079,True,0.039000052399087375,False,False,0.012660233365232306,0.00032678592391712007
10.711903,1,13.392079,True,0.022646969060692145,False,False,0.008721548317089248,0.00032680348874886844
10.640726,1,13.392079,True,0.024414771467270373,False,False,0.0072235515151797885,0.0003267999921828102
9.699308,1,13.392079,True,0.05835159683908211,False,False,0.015674350881116135,0.00032676289084046924
10.6134,1,14.619943,True,0.02508925201290124,False,False,0.011606284486234882,0.000326767001026003
10.486679,1,14.619943,True,0.028470032330627643,False,False,0.014378696163969673,0.00032685627132386365
10.466307,1,14.619943,True,0.02908692675035009,False,False,0.006601276426112767,0.00032675336545629635
10.118434,1,14.619943,True,0.04025510953107034,False,False,0.008724370839913188,0.0003262067817805605
10.356304,1,14.619943,True,0.03231687950841658,False,False,0.00801400352641413,0.0003268486948654235
10.121284,1,14.619943,True,0.040181904239550724,False,False,0.0045257485694238046,0.00032676997549046935
10.528956,1,14.619943,True,0.027317054687088786,False,False,0.012318037426689302,0.000326687331013992
10.138917,1,14.619943,True,0.0395190390172738,False,False,0.008033211626617708,0.0003267879355620294
10.400972,1,15.924853,True,0.030978852712344383,False,False,0.006894332548394061,0.0003267488625640852
10.29829,1,15.924853,True,0.03407879350181894,False,False,0.01574535545052168,0.00032680717950771417
10.719593,1,15.924853,True,0.022464621571851185,False,False,0.008042909211678741,0.0003266438575951445
10.274141,1,15.924853,True,0.03487820314916719,False,False,0.012083514979387804,0.00032689639506589945
10.0641775,1,15.925853,True,0.042239025532258015,False,False,0.013562503013769028,0.0003268510242679757
10.616845,1,15.925853,True,0.024996251321148313,False,False,0.012489329619666057,0.0003268465393987648
10.604328,1,15.925853,True,0.02530909788988828,False,False,0.01433969573767168,0.0003268199050814377
10.324401,1,15.925853,True,0.033320030404557714,False,False,0.00538197725731292,0.00032676134095968264
10.354281,1,17.262917,True,0.03231934736124295,False,False,0.017723371692951795,0.00032670461225781984
10.360063,1,17.262917,True,0.03220878461500813,False,False,0.006915424132106396,0.0003267251618158804
10.449324,1,17.262917,True,0.029505227900849626,False,False,0.0180910158079427,0.0003266828687610982
9.068843,1,17.262917,True,0.0999634220913275,False,False,0.014789414278622357,0.0003198298001146264
10.2991295,1,17.262917,True,0.03406227918859021,False,False,0.014142477369773912,0.0003268400286542025
10.518841,1,17.262917,True,0.027598712320330045,False,False,0.011223023024001681,0.00032673142002668593
10.542729,1,17.262917,True,0.02693805754856479,False,False,0.013549663882784313,0.00032684435629730705
10.834365,1,17.262917,True,0.019799565922841145,False,False,0.006787707354499698,0.00032678965300163515
10.6539955,1,18.472299,True,0.02405252236107733,False,False,0.01282743604295025,0.0003269050025158251
9.153514,1,18.472299,True,0.09331126290152428,False,False,0.012710812262593555,0.00032474578998248696
10.948943,1,18.472299,True,0.017300759770171127,False,False,0.007780309780181699,0.000326772857704312
10.183317,1,18.472299,True,0.03792369784428249,False,False,0.012099643624780282,0.00032672062115638605
10.721608,1,18.472299,True,0.022401233897629196,False,False,0.011139065784877278,0.0003267541598731939
10.059609,1,18.472299,True,0.042471384927567316,False,False,0.005909396876357916,0.00032613527498124423
9.406868,1,18.472299,True,0.07539901629191534,False,False,0.005713134325590609,0.0003255079585963488
9.339785,1,18.472299,True,0.0798368937587551,False,False,0.007856324791855593,0.00032546812147730714
-3.9696236,1,19.713052,False,0.39665835590643017,False,False,0.015218603728771948,0.00032815345610866497
10.682655,1,19.713052,True,0.02336330730960272,False,False,0.008229531231641335,0.0003268315436965637
10.780463,1,19.713052,True,0.020998015463215076,False,False,0.013965048901120752,0.0003267430646441671
-1.8834692,1,19.713052,False,0.18861795601186937,False,False,0.005046849321941061,0.0003272958743507427
10.425496,1,19.713052,True,0.030266500264903066,False,False,0.0054555818614276524,0.00032675702714740233
10.345252,1,19.713052,True,0.0326491057329835,False,False,0.009158964397188331,0.0003268053756611046
10.388355,1,19.713052,True,0.031348019721703084,False,False,0.00797219889934812,0.0003268068327402461
10.255675,1,19.713052,True,0.03547582228580617,False,False,0.01286281375150995,0.0003268056651971011
9.164583,1,21.001062,True,0.09242450636737096,False,False,0.015075058158398784,0.0003254148655114773
10.353712,1,21.001062,True,0.032394787095395304,False,False,0.008247382361743986,0.0003262228150369271
10.170492,1,21.001062,True,0.03839299848073637,False,False,0.008913207745213862,0.00032675697511629304
10.749902,1,21.001062,True,0.021748054217997286,False,False,0.006650116362417649,0.0003268361213795311
10.394201,1,21.001062,True,0.031164684258208415,False,False,0.00946812327208066,0.00032675443744743435
10.361184,1,21.001062,True,0.03213321585355461,False,False,0.013705939827724585,0.0003267373025121123
10.592496,1,21.002063,True,0.02564829169052167,False,False,0.008180038625111215,0.0003267655883367151
-2.6031153,1,21.002063,False,0.26010118995488035,False,False,0.012233212464444502,0.00032822288305828375
10.653832,1,22.127395,True,0.02403882282998977,False,False,0.016377668291258973,0.00032683275726183233
-1.0321305,1,22.127395,False,0.10832152157991956,False,False,0.014900838901723773,0.00032465504186591647
10.3072405,1,22.127395,True,0.033850587207413595,False,False,0.006927968554922978,0.000326779721949408
10.80811,1,22.127395,True,0.020375183192965336,False,False,0.011051049903399886,0.00032676303920375297
10.646665,1,22.127395,True,0.02425508796070447,False,False,0.009166996977969468,0.0003268013735031983
10.514175,1,22.127395,True,0.02771911734146468,False,False,0.012565213013173001,0.0003267567880498671
10.157776,1,22.127395,True,0.03884165902360224,False,False,0.008776927092638397,0.0003267645817446489
10.786834,1,22.127395,True,0.02086511573957164,False,False,0.01080434226206611,0.00032684309062167596
10.424276,1,23.239877,True,0.0302532094488572,False,False,0.013834793858436119,0.00032616273762616605
10.580092,1,23.239877,True,0.02593684372857949,False,False,0.015056051536842608,0.0003267542190543523
10.739097,1,23.239877,True,0.021973388778073796,False,False,0.01316483708039719,0.00032683180979188505
-1.892575,1,23.239877,False,0.18938255964396372,False,False,0.011877777606706042,0.0003278075272171748
10.835065,1,23.239877,True,0.019792273803612828,False,False,0.0049055702075550866,0.00032674907577759415
10.60516,1,23.239877,True,0.02530816243973963,False,False,0.01036344828093284,0.00032680524651421063
10.007821,1,23.239877,True,0.0444637687854438,False,False,0.009250800209624821,0.0003261155069598036
10.442443,1,23.239877,True,0.02975285315921205,False,False,0.009367385940535928,0.0003261731463309162
10.682342,1,24.347037,True,0.023351530018709415,False,False,0.012190077535628159,0.0003267875181519172
10.551649,1,24.347037,True,0.026711388046562538,False,False,0.011184658266053289,0.00032681253211928006
10.320963,1,24.347037,True,0.033424751081504826,False,False,0.005863064680064492,0.0003267876242753375
10.484419,1,24.347037,True,0.028534964136531664,False,False,0.014062306241396861,0.00032681020123683635
9.246225,1,24.347037,True,0.08643961443949899,False,False,0.007497562829261106,0.00032553839875206885
10.173659,1,24.347037,True,0.038269327722652055,False,False,0.010749165608764178,0.0003268522447143272
10.3352,1,24.347037,True,0.03295362004179224,False,False,0.010177701526417896,0.0003268253646527276
10.318739,1,24.347037,True,0.03345278879728071,False,False,0.012514205624595614,0.0003269022340123126
10.527158,1,25.544427,True,0.0273677332898761,False,False,0.011987662826451861,0.00032666640411978286
-3.296704,1,25.544427,False,0.32941810343133915,False,False,0.012785443005666208,0.00032810101198607817
10.534436,1,25.544427,True,0.027190207473771124,False,False,0.008309022249485527,0.00032682570003739496
10.341347,1,25.544427,True,0.03277516903912606,False,False,0.00825885325622901,0.0003261317363551351
10.490187,1,25.544427,True,0.028400532177210735,False,False,0.009294379813659914,0.0003267977173118938
10.596527,1,25.544427,True,0.025542535328257846,False,False,0.008333321869412427,0.0003268596709236272
10.355432,1,25.544427,True,0.03237163868102976,False,False,0.0034294083855206064,0.0003267939064184941
10.412668,1,25.545428,True,0.03061108890550796,False,False,0.010720115873856413,0.000326804722161595
10.334329,1,26.817886,True,0.03299882737438359,False,False,0.007257151600556592,0.00032623372127435106
10.417325,1,26.817886,True,0.030459868499939077,False,False,0.013215793902592466,0.0003267718464245056
10.690419,1,26.817886,True,0.023164726809279588,False,False,0.009821250246441638,0.0003268019490232344
10.709357,1,26.817886,True,0.022717574385191834,False,False,0.006864187001334621,0.0003267388100535861
10.658988,1,26.817886,True,0.02390880023110182,False,False,0.01659067709210898,0.00032673681505372926
10.226384,1,26.817886,True,0.03645286276851261,False,False,0.012252230696526086,0.0003260958291335156
10.199507,1,26.817886,True,0.037389605401981406,False,False,0.00859770848844665,0.0003268092916627455
10.688948,1,26.817886,True,0.023205448052218806,False,False,0.008872226705075585,0.00032678054457219266
10.689298,1,28.025167,True,0.023183810954692192,False,False,0.011532652756854146,0.00032675757072671144
10.601344,1,28.025167,True,0.02542074039167922,False,False,0.007699058667148817,0.00032673412304061347
10.583132,1,28.025167,True,0.025904745112735442,False,False,0.0059738567050808935,0.00032680976916761264
10.307743,1,28.025167,True,0.033806257562097264,False,False,0.011412854559842919,0.00032674332978042286
10.795689,1,28.025167,True,0.02064979559370663,False,False,0.013228286975205275,0.000326787564160933
10.468899,1,28.025167,True,0.02898027408839821,False,False,0.012481199000570571,0.0003267306411559048
10.418504,1,28.025167,True,0.030482870331963077,False,False,0.0033933317862094164,0.0003267761996799046
10.053115,1,28.025167,True,0.042651792435650135,False,False,0.01480471120770585,0.0003267614000772383
-0.9437362,1,29.246067,False,0.10095157006317065,False,False,0.01670445641760208,0.0003247832327473499
-1.9311055,1,29.246067,False,0.19324113706328383,False,False,0.009412975315917733,0.0003277620754091251
10.702674,1,29.246067,True,0.02285784150950613,False,False,0.011394715779948498,0.0003268246183644773
9.093385,1,29.246067,True,0.09807418087622251,False,False,0.009757313673169492,0.0003248091932367377
10.203776,1,29.246067,True,0.037229010924926906,False,False,0.010712644748542307,0.0003261719837029813
10.60432,1,29.247069,True,0.02536064866412952,False,False,0.004417660848390138,0.000326775741203308
9.977413,1,29.247069,True,0.045649331371240824,False,False,0.013993868593307151,0.0003268142812664328
9.228593,1,29.247069,True,0.08768679615919098,False,False,0.0104730865596744,0.00032483637913162063
10.363758,1,30.457572,True,0.032018693806873735,False,False,0.019667131603613042,0.0003268847038832019
-2.0801885,1,30.457572,False,0.2079267456947031,False,False,0.014376572385347753,0.00032781358036973777
9.55571,1,30.457572,True,0.06614582059485832,False,False,0.01681716652721337,0.00032619235569748204
10.625966,1,30.457572,True,0.02477863023214137,False,False,0.009408235549861203,0.0003267715452276402
10.584842,1,30.457572,True,0.025860455044944042,False,False,0.005869762310368846,0.0003268256581243424
-2.7553887,1,30.457572,False,0.27544455659967093,False,False,0.005744896429689805,0.00032813319347631053
9.898889,1,30.457572,True,0.049020588501076816,False,False,0.0059624488445749945,0.000326152488438861
-0.9929009,1,30.457572,False,0.10498636862342166,False,False,0.01729711557069754,0.00032257401715935527
10.028779,1,31.671853,True,0.043629485969630545,False,False,0.010232007898165448,0.0003261726255734321
10.330932,1,31.671853,True,0.03307692002039207,False,False,0.011683793399278913,0.00032613710296805964
10.754509,1,31.671853,True,0.021617335394321802,False,False,0.0112977967379801,0.00032674368978579635
10.522571,1,31.671853,True,0.02750153141834231,False,False,0.010363980292628756,0.0003268269432300006
-1.8774033,1,31.671853,False,0.18784448958193353,False,False,0.013876156332645629,0.0003277500580022029
10.312595,1,31.671853,True,0.033645640906064374,False,False,0.012577517530573316,0.00032622550243574365
9.922688,1,31.671853,True,0.0480020001189573,False,False,0.0052923959743098265,0.000326184991412548
-3.2552416,1,31.671853,False,0.32529539704115296,False,False,0.011634226443751415,0.0003281141305827515
10.224698,1,32.901874,True,0.036543795775157026,False,False,0.0071582723853235945,0.00032616837758893614
10.689797,1,32.902874,True,0.023202386441782123,False,False,0.005247051696476656,0.0003267873148338477
9.272778,1,32.902874,True,0.08448517405811272,False,False,0.010197694597646507,0.00031984748744217457
10.78255,1,32.902874,True,0.02096986650864745,False,False,0.00960298275295068,0.0003267403991198949
10.494645,1,32.902874,True,0.02828386490548665,False,False,0.00795341492385012,0.00032677426008501635
10.34909,1,32.902874,True,0.03251819151851467,False,False,0.011244288146788116,0.00032680890400013803
10.750495,1,32.902874,True,0.021722763186141376,False,False,0.009031334722883425,0.0003267482821489223
10.659677,1,32.902874,True,0.02394550960867789,False,False,0.005801599194070672,0.0003262191067977692
10.777294,1,34.133287,True,0.021096492172811503,False,False,0.008613269363249998,0.00032681553620008877
10.17377,1,34.133287,True,0.03826257632201943,False,False,0.0111592476356299,0.0003262398508702275
9.928763,1,34.133287,True,0.04764681001072453,False,False,0.016716373491106457,0.0003262527228504868
10.921112,1,34.133287,True,0.01789212971147235,False,False,0.0077169774371385665,0.00032680157998136257
10.589366,1,34.133287,True,0.025733731573655428,False,False,0.007462120811581584,0.0003267453852129986
9.620872,1,34.133287,True,0.06254196649420043,False,False,0.011950288433298237,0.00032547377141438106
-6.0504637,1,34.133287,False,0.6047464846921898,False,False,0.014994879910656922,0.0003284418193989266
10.359991,1,34.133287,True,0.03220163287554779,False,False,0.008449683598553604,0.0003268162774840727
10.186014,1,35.359023,True,0.037846555101875776,False,False,0.009744255700723344,0.00032680353673154313
10.478327,1,35.359023,True,0.028699480969519055,False,False,0.01517113062110171,0.0003269313360978381
10.220097,1,35.359023,True,0.03669478316284573,False,False,0.007767995553409314,0.00032672235663636074
10.555197,1,35.359023,True,0.026610028043417618,False,False,0.012408855116613719,0.0003268107765510808
10.600939,1,35.359023,True,0.025401943731792182,False,False,0.013349263478544341,0.0003267045761145667
9.934272,1,35.359023,True,0.04745524227518964,False,False,0.011838553141478978,0.0003262177402778752
10.053455,1,35.359023,True,0.04270165704615496,False,False,0.006605394525158157,0.00032676875741241107
10.814007,1,35.359023,True,0.02023960901585128,False,False,0.011313691977378915,0.0003267855024082032
10.642239,1,36.556013,True,0.024348765523445164,False,False,0.012722805464875994,0.00032674387022260074
10.5414295,1,36.556013,True,0.02697460120560831,False,False,0.013260236858723008,0.00032623732548506506
10.499564,1,36.556013,True,0.02813417924946877,False,False,0.010326239181330183,0.00032670016435518297
10.43813,1,36.556013,True,0.02989315136137603,False,False,0.00661246405255747,0.00032675619413784554
10.211009,1,36.556013,True,0.03699315734773085,False,False,0.009160750627914886,0.0003267797958887157
-2.7109935,1,36.556013,False,0.27098416419575755,False,False,0.006953128421106603,0.0003281281091349516
10.227201,1,36.556013,True,0.03639778222563217,False,False,0.01637325001335331,0.00032616746955780197
10.147761,1,36.556013,True,0.0392098908368246,False,False,0.00701500002109091,0.0003267142616815993
10.236912,1,37.759004,True,0.03609278747423556,False,False,0.01344276749102354,0.00032670150763114533
10.716547,1,37.759004,True,0.022540497060569556,False,False,0.007532399560638665,0.0003267653656129726
10.282024,1,37.759004,True,0.03464850494300511,False,False,0.008185706855631239,0.00032675409425839136
9.860738,1,37.759004,True,0.05063980597948586,False,False,0.013224125389862534,0.0003261773816435514
10.326474,1,37.759004,True,0.03322431600646113,False,False,0.010328808726475321,0.00032683686346795604
10.160974,1,37.760007,True,0.03871679476454771,False,False,0.01046006337828523,0.00032678228108932013
10.643273,1,37.760007,True,0.02431789084353771,False,False,0.013668894583199339,0.00032678183518044976
9.2610855,1,37.760007,True,0.08527512047767986,False,False,0.01361181405689278,0.000319132971800468
-0.9910727,1,38.941166,False,0.1050030181818514,False,False,0.007156112923572318,0.0003241078481588862
10.50027,1,38.941166,True,0.02810015795931468,False,False,0.012944673973920174,0.0003261601773059789
10.388155,1,38.941166,True,0.03127993375368379,False,False,0.02036892347734256,0.0003268949419878583
10.336407,1,38.941166,True,0.03284657289424629,False,False,0.02141720081546993,0.00032675308574223964
10.1802225,1,38.941166,True,0.038021088685522376,False,False,0.013548110143207585,0.0003268020363625499
10.506663,1,38.941166,True,0.027937601732719745,False,False,0.010399597377349686,0.00032681409145585047
10.076308,1,38.941166,True,0.04184910358579394,False,False,0.004408059417868484,0.00032614495160801385
10.612665,1,38.941166,True,0.02514228055318676,False,False,0.004979827697985886,0.0003267916723944086
10.094604,1,40.147606,True,0.04111919965062007,False,False,0.010464210305569488,0.00032675214538254506
10.383901,1,40.147606,True,0.03144836636733947,False,False,0.013485071836177424,0.0003268081320260282
10.234541,1,40.147606,True,0.03620619771122993,False,False,0.008298418952035353,0.0003268328463580073
10.673532,1,40.147606,True,0.023595566308453775,False,False,0.006838433391279744,0.00032676658052984336
10.164025,1,40.147606,True,0.0386117147355733,False,False,0.010108121283042514,0.00032674273735076967
10.320516,1,40.147606,True,0.03343476443300886,False,False,0.006501993540956357,0.0003267954276323223
10.52236,1,40.147606,True,0.0275029252161517,False,False,0.011160927756891481,0.00032677476104009363
10.12026,1,40.147606,True,0.04021356476776947,False,False,0.0052949200099238255,0.0003261934649802667
10.714174,1,41.395243,True,0.022575561671497796,False,False,0.012133108247533823,0.0003267534573512958
10.367309,1,41.395243,True,0.031979336565588476,False,False,0.00839983582190428,0.0003267631799037343
10.036208,1,41.395243,True,0.043348961576638256,False,False,0.009054160248751442,0.00032680329836140066
10.353032,1,41.395243,True,0.03239207532771751,False,False,0.01208730770754361,0.0003268398217857555
10.417747,1,41.395243,True,0.0304585128162866,False,False,0.011338457664795505,0.000326163710402671
10.715319,1,41.395243,True,0.022574904451491906,False,False,0.006548585247064762,0.0003267824626742199
10.45645,1,41.395243,True,0.029356621967523255,False,False,0.008457423807120739,0.0003267539703759991
10.445325,1,41.395243,True,0.029669933551474667,False,False,0.00936965908165031,0.0003261438924370374
-3.3281488,1,42.597517,False,0.33257250445684683,False,False,0.012272145432716708,0.0003281701842976524
10.67893,1,42.597517,True,0.023449834437210253,False,False,0.009310358716287208,0.00032683102861271265
10.197814,1,42.597517,True,0.03739270437741005,False,False,0.016607903132820918,0.0003262056453839942
10.262391,1,42.597517,True,0.0352939813749426,False,False,0.0070093790478393736,0.0003267602824064049
10.36009,1,42.597517,True,0.032149375093244816,False,False,0.016525772853501965,0.0003260756604796806
9.077342,1,42.597517,True,0.09941690474998202,False,False,0.006187425973033786,0.000324816628255833
10.48834,1,42.597517,True,0.028477222198662312,False,False,0.004782977386424451,0.0003267457495238354
10.504103,1,42.597517,True,0.028041113263845886,False,False,0.004451673149636421,0.00032677257344773246
10.504692,1,43.83272,True,0.028004786790200395,False,False,0.008079917276807833,0.0003267814658349879
10.362791,1,43.83272,True,0.0320292059812872,False,False,0.022773642970014284,0.00032687307262261483
10.516631,1,43.83272,True,0.027686763418019178,False,False,0.006188745446391474,0.0003267131604717636
10.644606,1,43.83272,True,0.02428947639835667,False,False,0.012638327790616525,0.00032668542735880287
10.45603,1,43.83272,True,0.02933762148581252,False,False,0.01389291787100932,0.0003268323191392646
10.28726,1,43.83272,True,0.034483852265551077,False,False,0.007581931506579809,0.0003261488485872246
10.301899,1,43.83272,True,0.033986011443996975,False,False,0.012289295703940821,0.00032675168451953417
10.798766,1,43.83272,True,0.02061643164869005,False,False,0.005098192659463638,0.0003267316263263177
9.155742,1,45.075323,True,0.09321160644879517,False,False,0.008039183447297484,0.00032485256212015
10.660419,1,45.075323,True,0.023917533686045146,False,False,0.007682384587301549,0.0003267492943430887
10.699541,1,45.075323,True,0.022925015752984848,False,False,0.013262058834213759,0.00032676930682384175
10.259328,1,45.075323,True,0.03537031022075771,False,False,0.010676847997756544,0.0003262437837447093
10.599033,1,45.075323,True,0.025489243093439792,False,False,0.006054436598674145,0.0003267364648584049
10.205709,1,45.075323,True,0.03718320111770183,False,False,0.007757292523801669,0.0003268576440349939
10.29194,1,45.075323,True,0.034308382392285966,False,False,0.011538454209265395,0.00032611917750225165
10.511693,1,45.075323,True,0.027777914682005862,False,False,0.014267003154067304,0.00032686109446842897
9.903901,1,46.439793,True,0.04879421211784055,False,False,0.006999842055063477,0.00032624165622605956
10.278392,1,46.439793,True,0.03475763614705738,False,False,0.00945093013869431,0.0003262280689586046
10.678676,1,46.439793,True,0.023420678229859455,False,False,0.016488468408425373,0.00032670825968896525
10.174538,1,46.439793,True,0.038238588364539895,False,False,0.010754639825429515,0.00032680401140409434
10.034079,1,46.439793,True,0.04345445264644101,False,False,0.00615166113453073,0.0003268015427782634
-2.6976326,1,46.439793,False,0.2695920340558977,False,False,0.009812164902611008,0.0003282208254598709
9.818979,1,46.439793,True,0.052602263534032606,False,False,0.006815137681574556,0.000326121662886717
10.619844,1,46.439793,True,0.024920762745462784,False,False,0.012214470339362,0.000326865511753545
10.718582,1,47.781551,True,0.022500559576547566,False,False,0.005638882083977723,0.0003267826760275923
10.378252,1,47.781551,True,0.03164251271951326,False,False,0.009407758542069643,0.0003267752539119992
10.441623,1,47.781551,True,0.029797097578736904,False,False,0.005790095667404382,0.00032675349867265443
9.909813,1,47.781551,True,0.0485449752169881,False,False,0.006307903326244207,0.00032611876699149925
10.546625,1,47.781551,True,0.026870410246258424,False,False,0.006650819549725231,0.00032675520710211814
10.597256,1,47.781551,True,0.025515924933925384,False,False,0.009808399095027306,0.0003267205057145714
10.451593,1,47.781551,True,0.029493126144432686,False,False,0.008854672647738619,0.00032677001533084466
10.656055,1,47.781551,True,0.024004105736032202,False,False,0.012192224897496414,0.00032674921191295744
9.495021,1,49.035247,True,0.06973157014089633,False,False,0.01675110712447744,0.0003254982925198362
10.209948,1,49.035247,True,0.037000501871705255,False,False,0.0133872486268512,0.00032670880934458044
10.50832,1,49.035247,True,0.027895366678462444,False,False,0.009777813309534944,0.0003268422132730459
9.61673,1,49.035247,True,0.06282210501604842,False,False,0.007093478908828206,0.0003267252710555223
10.213513,1,49.035247,True,0.03686583272433461,False,False,0.01539738595159889,0.0003261993934784299
9.189525,1,49.035247,True,0.09050771200650377,False,False,0.016508449631492415,0.00032479093568173477
10.212467,1,49.035247,True,0.03694151496397575,False,False,0.009470127664449931,0.00032681652917138364
10.544831,1,49.035247,True,0.026913304260400662,False,False,0.0076425407350839795,0.0003267445354556184
10.699114,1,50.268411,True,0.02297085286321667,False,False,0.005995833167375776,0.000326751681209429
10.475501,1,50.268411,True,0.028816283873132936,False,False,0.008529883891728126,0.0003267312395967821
10.275859,1,50.268411,True,0.03483745914323634,False,False,0.009784226310290025,0.000326811908795292
9.738184,1,50.268411,True,0.05647915475243857,False,False,0.0070019055675041,0.0003261783527982117
10.404713,1,50.268411,True,0.030822366023405715,False,False,0.014640170516489718,0.00032675176314601894
10.564967,1,50.268411,True,0.026362900222358356,False,False,0.009979438735593519,0.0003268501002567818
10.568499,1,50.268411,True,0.026256381442533124,False,False,0.012423238789887235,0.000326751278450566
10.429377,1,50.268411,True,0.03010661562821251,False,False,0.013531174383165246,0.00032681867039772126
10.315434,1,51.540729,True,0.033588540021016064,False,False,0.007443232130017846,0.00032673300533262443
10.393133,1,51.540729,True,0.031104499836327338,False,False,0.02492425636507578,0.00032678179444567705
10.447226,1,51.540729,True,0.029589702441922182,False,False,0.013839137138203235,0.0003268883929535701
10.449524,1,51.540729,True,0.02956347030976787,False,False,0.006923670387325497,0.00032674633162528696
10.708979,1,51.540729,True,0.02274027829784633,False,False,0.004076725202009256,0.00032673692502310553
10.378042,1,51.540729,True,0.03167489658370084,False,False,0.005080367388275922,0.00032678074084082595
-1.038914,1,51.540729,False,0.10901396808232776,False,False,0.0080281409939447,0.0003240713003421108
10.19028,1,51.540729,True,0.03769627896982756,False,False,0.01014837406902854,0.00032678665210348826
10.602075,1,52.792918,True,0.025404529570633064,False,False,0.007174410102044004,0.0003268186460041668
-0.9506134,1,52.792918,False,0.10149501591002058,False,False,0.017714143558083973,0.00032478330554752346
10.377184,1,52.792918,True,0.03167769381727921,False,False,0.008905777718019547,0.0003266893753668053
10.218778,1,52.792918,True,0.03677698761676195,False,False,0.0021976917681156972,0.000326731515666667
9.598583,1,52.792918,True,0.06371950601479917,False,False,0.016651439033263844,0.0003254739519783212
10.634335,1,52.792918,True,0.024584441412888073,False,False,0.0057081361358994045,0.0003261659777684624
10.392331,1,52.792918,True,0.031218659590275647,False,False,0.009759573543842734,0.0003267484922991728
10.593066,1,52.792918,True,0.02561594389847802,False,False,0.01153448494030493,0.00032685627594307193
10.24071,1,54.037638,True,0.03599783134409598,False,False,0.008718222471090425,0.0003266946891972689
10.2830305,1,54.037638,True,0.034545131537398854,False,False,0.01919899885208213,0.00032690262227688774
10.466854,1,54.037638,True,0.02904161023260458,False,False,0.011862636656443406,0.00032679299346360707
10.418673,1,54.037638,True,0.03044731373750952,False,False,0.00861937853527626,0.0003267671181009559
10.086489,1,54.037638,True,0.04140900305879544,False,False,0.012137341110959677,0.00032676573624398106
10.330376,1,54.037638,True,0.03311172648156671,False,False,0.008870202558801577,0.00032677033292928954
10.691105,1,54.037638,True,0.02315054202204412,False,False,0.009283541714974834,0.0003267226405984814
10.749712,1,54.037638,True,0.021739389223943674,False,False,0.009429749999141434,0.00032673880673640844
10.443025,1,55.288014,True,0.02973845178401801,False,False,0.008960825767907129,0.00032619200664883903
9.883391,1,55.288014,True,0.049688963101533264,False,False,0.00703539557381917,0.00032613185415870314
10.609899,1,55.288014,True,0.025183921341577247,False,False,0.010731912860597404,0.0003266746038984533
10.535531,1,55.288014,True,0.027154016717043282,False,False,0.009523321790226217,0.00032680873783527247
10.4790535,1,55.288014,True,0.028730391803849266,False,False,0.006034708050639112,0.0003267261691617259
10.319303,1,55.288014,True,0.033463097985287245,False,False,0.00805523766388656,0.0003268161126078921
10.167412,1,55.288014,True,0.03847889621363934,False,False,0.012064982208071581,0.0003268515280857632
10.38127,1,55.288014,True,0.03156608190637745,False,False,0.007022610695390655,0.00032677361117394325
10.596917,1,56.518249,True,0.025548362330931287,False,False,0.00526107184133653,0.00032670469284778574
9.912605,1,56.518249,True,0.04840229775954835,False,False,0.008929548639323437,0.0003262071011697996
10.66437,1,56.518249,True,0.023819784207853016,False,False,0.007528042264102993,0.0003267310924427746
9.450874,1,56.518249,True,0.07257210848485729,False,False,0.007064738156036314,0.00032552904929679865
10.57236,1,56.518249,True,0.0261830845158211,False,False,0.006975343183313678,0.00032680257187467474
9.644799,1,56.518249,True,0.061278980854941115,False,False,0.008923481884655885,0.000325451196601213
10.848784,1,56.518249,True,0.01947807643818797,False,False,0.006450095748559677,0.00032675337169333404
10.232664,1,56.518249,True,0.03625474292564458,False,False,0.010416993793640361,0.00032680083473647637
-1.8626547,1,57.771761,False,0.18642329099459487,False,False,0.012118592065775435,0.00032734305918439617
10.645078,1,57.771761,True,0.024296129780719704,False,False,0.008958444445846484,0.00032674122986341446
9.088209,1,57.771761,True,0.09850740775195012,False,False,0.008523770241753045,0.0003226630101377351
10.264266,1,57.771761,True,0.035219428308164186,False,False,0.009034949953035071,0.00032675796658734955
10.22234,1,57.771761,True,0.03661766057395149,False,False,0.007984794252451986,0.00032679238597827984
10.785495,1,57.771761,True,0.02090402288055804,False,False,0.009089576230103709,0.000326826316636369
10.269617,1,57.771761,True,0.035068747758317385,False,False,0.005379149736679209,0.00032680295005717394
10.616442,1,57.771761,True,0.02499900045731306,False,False,0.013969865839812001,0.0003267782978253529
10.757302,1,59.055384,True,0.021545376065342955,False,False,0.012611914961525156,0.0003262063887131017
10.806781,1,59.055384,True,0.02040889599902662,False,False,0.010319293023992522,0.00032675946926537204
10.31987,1,59.055384,True,0.03342159279631264,False,False,0.011828232069395494,0.0003268106831942909
10.369003,1,59.055384,True,0.03189724973523778,False,False,0.013467774403599853,0.00032669451679510236
9.206826,1,59.055384,True,0.08924524686355104,False,False,0.014161236588269085,0.0003205427240300905
10.745543,1,59.055384,True,0.021828349986165573,False,False,0.011484012086111706,0.00032626135422040073
10.601439,1,59.055384,True,0.025395733650120943,False,False,0.012048259658961264,0.000326798572492983
10.1573715,1,59.055384,True,0.03879194050470082,False,False,0.01782913442160817,0.0003262097895168502
10.858007,1,60.298633,True,0.019272121705907166,False,False,0.006619779914260661,0.00032616662239816374
10.200964,1,60.298633,True,0.037348673326925735,False,False,0.007284581944909519,0.0003267201698356123
10.528536,1,60.298633,True,0.02733148537971956,False,False,0.011765775105768046,0.00032677800514608
10.471211,1,60.298633,True,0.028964753107061,False,False,0.003665218363299678,0.0003267744786198456
10.699795,1,60.298633,True,0.02291626631801834,False,False,0.013786134349692744,0.00032675615824140624
10.511393,1,60.298633,True,0.027818698362418664,False,False,0.00834715826994058,0.00032672112432580397
10.448783,1,60.298633,True,0.029543087981092512,False,False,0.014183806110482406,0.0003268141785933313
10.114007,1,60.298633,True,0.040390423124160406,False,False,0.012330410743221103,0.0003261586760461129
10.264183,1,61.661072,True,0.03523213958891506,False,False,0.007505635698744988,0.0003268247646792877
10.289237,1,61.661072,True,0.034365305381061334,False,False,0.01616545826156162,0.00032681015656238656
10.816727,1,61.661072,True,0.02016788448472026,False,False,0.013493762391483163,0.00032682785207201117
9.633695,1,61.661072,True,0.06188295564062302,False,False,0.008398708135811516,0.0003261239791672313
10.419083,1,61.661072,True,0.03043824328008876,False,False,0.008120576188938682,0.0003267546850619596
10.425059,1,61.661072,True,0.03025354724924138,False,False,0.00986000794703353,0.00032669886405156955
-1.0361571,1,61.661072,False,0.10875118277183465,False,False,0.009706690156315848,0.0003233359983802029
10.26936,1,61.661072,True,0.035048432860098414,False,False,0.00978892783519056,0.00032674202045994
10.148622,1,62.944196,True,0.03914531153266553,False,False,0.011777003866728442,0.0003268166048932204
9.300668,1,62.944196,True,0.08242108318495162,False,False,0.01657121280432648,0.0003254698522242331
10.209564,1,62.944196,True,0.037081033567089215,False,False,0.003468185228507638,0.000326701562268173
10.742634,1,62.944196,True,0.021902028125352902,False,False,0.010492585883512654,0.00032674175216831236
10.398164,1,62.944196,True,0.031054580522965298,False,False,0.008172889301380536,0.00032666907845519696
10.391213,1,62.944196,True,0.031238020123893897,False,False,0.012101344469608111,0.0003262158223005385
10.222969,1,62.944196,True,0.03660946224946103,False,False,0.006052027259303452,0.00032675692449632947
10.153867,1,62.944196,True,0.0389621790578074,False,False,0.011312881487430617,0.00032685902085195274
10.535068,1,64.199239,True,0.027152305930581266,False,False,0.012155792303189377,0.00032671169892433923
10.310575,1,64.199239,True,0.03370458260103845,False,False,0.01333959521509748,0.00032682868306394946
10.2220125,1,64.199239,True,0.03664634537020034,False,False,0.0053630992213308795,0.00032672341314792387
10.519494,1,64.199239,True,0.027595031064036876,False,False,0.008627688361978731,0.00032682531419095325
10.473778,1,64.199239,True,0.028874930953917965,False,False,0.0067407790339415324,0.00032675231759268086
10.195727,1,64.199239,True,0.03751577437195914,False,False,0.009118257911972499,0.0003267728058571643
10.547846,1,64.199239,True,0.026847557050294346,False,False,0.004800381049975804,0.0003267725352865318
10.103725,1,64.199239,True,0.040706072557662565,False,False,0.020723322903134563,0.0003268659284866139
10.577035,1,65.482641,True,0.02605251662130862,False,False,0.008350123668569671,0.00032614890826657437
-0.9414427,1,65.482641,False,0.10090859369222906,False,False,0.007881339178419147,0.00032475369523513617
10.205141,1,65.483641,True,0.037175710770477294,False,False,0.011695869672608756,0.0003267003507089728
10.588777,1,65.483641,True,0.025754734357769933,False,False,0.006391609142108936,0.0003261859175068102
10.740923,1,65.483641,True,0.02195172302451221,False,False,0.008589224666756252,0.00032681016514581404
10.164569,1,65.483641,True,0.03856016210429383,False,False,0.014714003190522178,0.00032673762509187015
10.623986,1,65.483641,True,0.024849896930262013,False,False,0.0053530618355443205,0.000326801202154121
-6.0975223,1,65.483641,False,0.609444398775435,False,False,0.015391608588250765,0.00032839816070765653
10.551543,1,66.737048,True,0.026688656568082243,False,False,0.01596152913096014,0.00032688052198954793
10.558931,1,66.737048,True,0.0264931060801865,False,False,0.015663018131510838,0.0003268743723079687
10.480297,1,66.737048,True,0.02868462242377818,False,False,0.007965259984779642,0.0003261686531962505
10.68847,1,66.737048,True,0.023219340076189053,False,False,0.008431612265945772,0.00032680827439855373
10.021993,1,66.737048,True,0.043873518029798976,False,False,0.013037871189351307,0.0003268536166244889
10.706281,1,66.737048,True,0.022765789368094685,False,False,0.012308822361809895,0.0003267764190663607
10.172155,1,66.737048,True,0.038312618155756845,False,False,0.012077248036574385,0.00032619541304411957
10.637808,1,66.737048,True,0.024464135565902104,False,False,0.012064404997058827,0.000326719235466788
10.376143,1,67.953587,True,0.0316910589016475,False,False,0.011892964234318378,0.0003267686869684006
10.22449,1,67.953587,True,0.036569303208632,False,False,0.004407683814569597,0.0003267139181180733
10.091941,1,67.953587,True,0.04122906586304835,False,False,0.009005430384195398,0.0003261099423953546
10.533039,1,67.953587,True,0.027233202413551795,False,False,0.0073584961944573625,0.00032615442912058455
10.237426,1,67.953587,True,0.03610037122056866,False,False,0.009733442165720696,0.00032684773550491615
10.879103,1,67.953587,True,0.018817569283810464,False,False,0.004177895797348444,0.00032675915701887954
9.096884,1,67.953587,True,0.09781217642324151,False,False,0.008698209024796181,0.0003247844908508283
10.53383,1,67.953587,True,0.027175200781583173,False,False,0.01411496464006041,0.0003267907158009971
10.666853,1,69.171627,True,0.023732409142913267,False,False,0.012663539885544934,0.0003267835933928757
10.651975,1,69.171627,True,0.024119344222776496,False,False,0.00960793770761317,0.00032673817775544375
10.257091,1,69.171627,True,0.035429508317275545,False,False,0.012836489839598697,0.00032614020491795646
10.773939,1,69.171627,True,0.021147303718224052,False,False,0.014470399190206358,0.0003267715827102686
9.525993,1,69.171627,True,0.06798298219088576,False,False,0.008043835941271829,0.00031906916757180556
10.6350155,1,69.171627,True,0.024573613749186145,False,False,0.0044320070369250125,0.00032681479874331306
10.416608,1,69.171627,True,0.030472552157159865,False,False,0.01463309273772548,0.0003268567667783417
10.685006,1,69.171627,True,0.023305966468420033,False,False,0.008123450749243278,0.00032677208430357375
10.15037,1,70.404067,True,0.039099195508814744,False,False,0.009512988519629515,0.0003261150544614237
10.603096,1,70.404067,True,0.0253403606432842,False,False,0.014457741469175955,0.00032677436151962717
9.753175,1,70.404067,True,0.05571089836236266,False,False,0.009939600111707688,0.00032556482408667106
10.799829,1,70.404067,True,0.020525296929391687,False,False,0.019646883432767416,0.00032671699211457746
10.568797,1,70.404067,True,0.026267272735194528,False,False,0.008873149435893712,0.00032678528220112104
10.562739,1,70.404067,True,0.026391572485998976,False,False,0.01571773268534602,0.0003268206877339047
10.432256,1,70.404067,True,0.03003215146200071,False,False,0.011969717906028533,0.00032678727028452023
10.15267,1,70.405068,True,0.039042425318213475,False,False,0.005996192713555313,0.0003260995544592281
10.335164,1,71.788081,True,0.0329815150956635,False,False,0.005866417357477247,0.0003268270298526674
10.455917,1,71.788081,True,0.02938224461036411,False,False,0.006632057682927061,0.00032675816309680523
10.242607,1,71.788081,True,0.035915572682576336,False,False,0.011615220298413848,0.0003268336466826859
10.54746,1,71.788081,True,0.02683204029042504,False,False,0.009625190218118725,0.0003266895021152095
10.380385,1,71.788081,True,0.03158992154848282,False,False,0.007478782735520178,0.00032681215335395844
-2.8672235,1,71.788081,False,0.2865799799266491,False,False,0.007828104892676442,0.0003282393342087672
-1.9191602,1,71.788081,False,0.1920643432671419,False,False,0.00916395521475069,0.000327773932518253
10.617538,1,71.788081,True,0.02500953013510179,False,False,0.006432439821658429,0.00032673609635416146
9.648226,1,73.099231,True,0.06098918624301976,False,False,0.01887019853663019,0.0003260423823928738
10.643366,1,73.099231,True,0.024326447190926328,False,False,0.01150853814378596,0.0003266302400411694
10.164276,1,73.099231,True,0.03863425939288621,False,False,0.00565413984286987,0.00032683684478433136
10.207938,1,73.099231,True,0.03713157495246112,False,False,0.004180575052653161,0.0003267710993455131
10.20612,1,73.099231,True,0.03718553946170065,False,False,0.005363733287499369,0.00032681647175985987
10.338424,1,73.099231,True,0.03285208463498075,False,False,0.010440175836189542,0.00032672384878366
10.727306,1,73.099231,True,0.022292964141109803,False,False,0.005199200549782667,0.00032671560131570973
9.119269,1,73.099231,True,0.09601866669882586,False,False,0.010090550245958306,0.0003219123859426461
-1.867533,1,74.395584,False,0.18676829720007962,False,False,0.01903097216468192,0.0003278195384073295
-0.9997272,1,74.396587,False,0.10574463962066724,False,False,0.0059746997016062574,0.00032474680763539633
9.460583,1,74.396587,True,0.0719666470922863,False,False,0.006944196468428648,0.0003255304576137834
10.193252,1,74.396587,True,0.03762254977270036,False,False,0.005983621669079128,0.00032614657010380545
10.043572,1,74.396587,True,0.04306415006800472,False,False,0.00895916914036551,0.00032616219693641716
9.645394,1,74.396587,True,0.061199413505865434,False,False,0.013372335371513363,0.00032551556703799644
10.724438,1,74.396587,True,0.022355328836928475,False,False,0.006544887541667926,0.00032675347019230257
10.197926,1,74.396587,True,0.037441471255094096,False,False,0.008942332306559057,0.00032617865156715683
10.257751,1,75.914881,True,0.03542641864731644,False,False,0.010004078278313743,0.0003267486352532928
10.600612,1,75.914881,True,0.02543878162990177,False,False,0.007883638132089739,0.0003267808884445834
10.844723,1,75.914881,True,0.01954381753752164,False,False,0.012035419302152132,0.0003267581513811381
10.455189,1,75.914881,True,0.02939510966496854,False,False,0.008021937255945001,0.0003260966375330012
9.50417,1,75.914881,True,0.06926397541942822,False,False,0.009755100753863096,0.00032545933968728676
10.406992,1,75.914881,True,0.030781346059074323,False,False,0.010192050162209183,0.00032682230437614657
-1.013725,1,75.914881,False,0.10678672487178714,False,False,0.013803041350924035,0.00032472903858235747
9.5369,1,75.914881,True,0.06739056123082296,False,False,0.003818347979817059,0.0003254704171667508
10.022605,1,77.327427,True,0.04387517888044491,False,False,0.009767000467093919,0.000326074930310097
10.587265,1,77.327427,True,0.025765353008368352,False,False,0.01191685288103891,0.00032672118062947625
-1.8646246,1,77.327427,False,0.18675573232532403,False,False,0.005125813027880364,0.00032733171925745713
10.612553,1,77.327427,True,0.025092543882787952,False,False,0.015203627104523632,0.0003266085818185353
10.413939,1,77.327427,True,0.030597571440667097,False,False,0.006663072438792825,0.00032679073384763786
10.650382,1,77.327427,True,0.02417122787281413,False,False,0.007244598672498737,0.0003266935826511225
-2.0471735,1,77.327427,False,0.204796347767494,False,False,0.006896210382498968,0.0003277651358686482
10.295967,1,77.327427,True,0.03422092570182402,False,False,0.00507712161676407,0.0003267465753433635
10.791305,1,78.654305,True,0.020739568260627946,False,False,0.015647266396196468,0.0003268138661066415
10.426785,1,78.654305,True,0.03017794292281184,False,False,0.01421539695183041,0.00032673098356672314
9.769499,1,78.654305,True,0.054943125510874984,False,False,0.007182191665375158,0.00032617443536237726
10.649129,1,78.654305,True,0.024181943633220255,False,False,0.011378611349506072,0.0003262598109616057
10.647602,1,78.654305,True,0.024227848956779104,False,False,0.00989006671639872,0.0003267498014475996
10.386215,1,78.654305,True,0.03138752130820148,False,False,0.012070870326690398,0.00032670379192633583
10.112314,1,78.654305,True,0.04049049846870418,False,False,0.007129737340912664,0.0003267372722403596
10.302156,1,78.654305,True,0.034002274086891514,False,False,0.0084423729692829,0.00032672471226487124
10.734099,1,79.992952,True,0.022132758267560934,False,False,0.004710044853829979,0.0003267649766914427
-4.4849534,1,79.992952,False,0.4483254214069765,False,False,0.008499924242558465,0.00032837555277004545
10.166809,1,79.992952,True,0.038471644645056265,False,False,0.016112896791347572,0.0003267765960567739
10.257486,1,79.992952,True,0.03538653715235632,False,False,0.0174076700917431,0.0003268294815966051
-1.9018215,1,79.992952,False,0.1903177242188579,False,False,0.010795275544116138,0.0003272730629006968
10.160423,1,79.992952,True,0.03870842028422635,False,False,0.014395531562204422,0.0003267684349414091
10.104773,1,79.992952,True,0.040712481368083565,False,False,0.014619154228338212,0.0003261368665395919
10.228967,1,79.992952,True,0.03638755309391617,False,False,0.009072927131779632,0.0003266950297125295
9.424362,1,81.366925,True,0.0741898746103114,False,False,0.012015737313198414,0.0003254727857504835
10.13314,1,81.366925,True,0.03974696804644327,False,False,0.005254047196829755,0.0003267046032117198
10.375543,1,81.366925,True,0.03172732877490771,False,False,0.008878906357388241,0.00032672942376124175
10.6505165,1,81.366925,True,0.024175534746297137,False,False,0.005716103299262249,0.00032675708939246755
10.908413,1,81.366925,True,0.018171840059804628,False,False,0.006115926304566034,0.0003261161787285385
10.285283,1,81.366925,True,0.03453386781470771,False,False,0.009685619848041031,0.00032679454561272534
10.593555,1,81.366925,True,0.025620639281783927,False,False,0.008185683336270323,0.0003267802745461237
9.751862,1,81.366925,True,0.0557267109199414,False,False,0.014890343114653409,0.00032668247846208474
9.710378,1,82.706671,True,0.057886435489577816,False,False,0.005926254958073052,0.00032613137847078717
10.628935,1,82.706671,True,0.02472516509275495,False,False,0.005049069488183437,0.00032673857320279553
10.7603035,1,82.706671,True,0.02148171507928801,False,False,0.011151217085424481,0.0003267431866980875
10.536558,1,82.706671,True,0.027131076863155232,False,False,0.008629012274206553,0.00032678216707578416
9.584171,1,82.706671,True,0.06455600213590895,False,False,0.014011633077915102,0.00032551842803365047
10.5509,1,82.706671,True,0.026734985715111383,False,False,0.010520355418713438,0.00032687004814371123
-3.5550168,1,82.706671,False,0.3553052459914755,False,False,0.009893273925555305,0.00032818998417220597
10.599476,1,82.706671,True,0.025461206950486932,False,False,0.009241006986440077,0.00032664952576065207
10.649423,1,84.711792,True,0.024144756124908733,False,False,0.01730928166282126,0.0003268970575195521
9.721305,1,84.711792,True,0.05728385908747042,False,False,0.010884235365860917,0.0003260941190848154
10.391271,1,84.711792,True,0.03126538432124003,False,False,0.007229758097984928,0.00032674167322754757
10.675198,1,84.711792,True,0.023539056976160412,False,False,0.009922468561200175,0.0003261056099888213
10.488266,1,84.711792,True,0.028469645905328467,False,False,0.006514757586270945,0.0003267632020394924
10.845552,1,84.711792,True,0.019528289871545344,False,False,0.01136196946234567,0.000326773341641808
10.362471,1,84.711792,True,0.032137506910274366,False,False,0.00657325776451143,0.00032671418961443524
9.331471,1,84.711792,True,0.08042773324543245,False,False,0.0062555628910457494,0.000325445247787026
10.725815,1,86.006919,True,0.022297015060948937,False,False,0.01181073301951769,0.0003267812940237127
-3.1684508,1,86.006919,False,0.3165435906142776,False,False,0.015335724137311386,0.0003281090961510734
10.395361,1,86.006919,True,0.03116034432051722,False,False,0.004400556312514947,0.0003261569237726031
10.692979,1,86.006919,True,0.023105477581681813,False,False,0.009118276912249179,0.0003268663843221593
10.6188,1,86.006919,True,0.0249674027660438,False,False,0.00833488692458062,0.0003261991270539603
9.173424,1,86.006919,True,0.0918843597390792,False,False,0.006222435884026956,0.00031760473362941506
9.247639,1,86.006919,True,0.0862009833211074,False,False,0.016841278245293086,0.0003205626846891136
10.52056,1,86.006919,True,0.027557356515120604,False,False,0.010191778578306717,0.00032669109001433257
10.556921,1,87.270871,True,0.026591386485090258,False,False,0.007277300045813229,0.00032623199805047556
9.29377,1,87.270871,True,0.08309493690123955,False,False,0.003131455344883528,0.0003255029946663137
10.13543,1,87.270871,True,0.03963924358747508,False,False,0.008745898277620541,0.0003268680053881653
10.540766,1,87.270871,True,0.026999692461500708,False,False,0.011924142656757468,0.0003267027403599336
10.667553,1,87.270871,True,0.023711440500959656,False,False,0.013382262603008146,0.00032680704372688933
10.2482605,1,87.270871,True,0.03577422995154855,False,False,0.004681242068458376,0.00032668096623667637
10.196698,1,87.270871,True,0.03746483451241396,False,False,0.011677199954320702,0.00032680434882205467
10.543186,1,87.270871,True,0.026921773243824772,False,False,0.01429172910143035,0.0003261976780624631
10.344869,1,88.559592,True,0.03263375187570803,False,False,0.013567747102103822,0.00032672037658433697
10.46575,1,88.559592,True,0.029101152031533982,False,False,0.0068797267726352675,0.00032684993693999004
10.285373,1,88.559592,True,0.03454905696268684,False,False,0.006878622296740141,0.0003267701659848068
10.831788,1,88.559592,True,0.01983368176101976,False,False,0.012091038093133713,0.00032676731445619215
10.595591,1,88.559592,True,0.025558607300718482,False,False,0.009922551155972674,0.000326809962463549
10.633922,1,88.559592,True,0.0245878473358881,False,False,0.0070990271207998935,0.0003267328125121753
10.138608,1,88.559592,True,0.03950150525599908,False,False,0.012020884957145794,0.00032671245780596875
10.746656,1,88.559592,True,0.021830525359562838,False,False,0.005456726360356623,0.0003261728754970968
9.987295,1,89.879472,True,0.04526716519104292,False,False,0.0116859938492101,0.00032679544323006875
10.69172,1,89.879472,True,0.023136239058058602,False,False,0.009130558451610527,0.0003266617624862944
10.083824,1,89.880467,True,0.0415347655007042,False,False,0.00864973330070317,0.0003267353686655799
10.220859,1,89.880467,True,0.03661203259999963,False,False,0.016221474461951654,0.0003268135614375926
10.474377,1,89.880467,True,0.028842835408000915,False,False,0.009438355240591964,0.00032668160983594026
10.331518,1,89.880467,True,0.03310299797813591,False,False,0.004560138197191193,0.00032675829932123616
10.457796,1,89.880467,True,0.029328685594151752,False,False,0.00662912818269322,0.0003268096945177708
10.604757,1,89.880467,True,0.025336373136917573,False,False,0.006921403840320404,0.0003262113353665206
10.802995,1,91.264397,True,0.020503259908098332,False,False,0.008626249635679092,0.0003267442005169204
-2.3422337,1,91.264397,False,0.23407328067121327,False,False,0.011591796586265387,0.0003197516524744094
10.418385,1,91.264397,True,0.030452799157288973,False,False,0.009125138487453392,0.00032675830592462533
-3.6292903,1,91.264397,False,0.3628102894045333,False,False,0.005992765582047354,0.0003281543584529495
10.442798,1,91.264397,True,0.029758171879936013,False,False,0.006670694520736195,0.0003266994531657617
10.106703,1,91.264397,True,0.0406675465920615,False,False,0.011075306302570547,0.0003261124046723469
10.770575,1,91.264397,True,0.021268221196040833,False,False,0.005369814890852687,0.0003267617453654399
10.350947,1,91.265396,True,0.03245063846658513,False,False,0.012957088648048537,0.000326198875751497
10.737128,1,92.541465,True,0.022030193652652814,False,False,0.011069064948238757,0.0003267280864807711
10.59647,1,92.54247,True,0.025544994767566505,False,False,0.008142684410775859,0.0003262192766586702
10.529188,1,92.54247,True,0.02733110320104625,False,False,0.008574179057168374,0.00032670775968230293
10.461476,1,92.54247,True,0.02918366737226334,False,False,0.013709583923918882,0.00032672430094063827
10.821391,1,92.54247,True,0.020104207815524827,False,False,0.004203379305791845,0.0003267875785928725
10.313577,1,92.54247,True,0.03361845946373767,False,False,0.011985751983535442,0.0003267673192354183
10.354744,1,92.54247,True,0.03233956677861941,False,False,0.012104636299486977,0.0003267857733992655
10.268639,1,92.54247,True,0.035030218494227355,False,False,0.01619477151468451,0.0003261298962278752
10.689597,1,93.830935,True,0.023192991104364225,False,False,0.008163936297776848,0.0003267548290429319
9.235387,1,93.830935,True,0.087217617553778,False,False,0.008439739318428344,0.00032055887323846985
10.0678215,1,93.830935,True,0.04209738732120094,False,False,0.013998801518034761,0.0003267890903923317
-3.1596403,1,93.830935,False,0.3158105643092477,False,False,0.0079409526353418,0.00032819326279961086
10.439091,1,93.830935,True,0.02977580354456573,False,False,0.022147401065752966,0.000326680139775034
10.474053,1,93.830935,True,0.028852470931274007,False,False,0.009349064572304826,0.00032608949737087425
10.539754,1,93.830935,True,0.027039027206692053,False,False,0.009690088678360248,0.00032676212119793854
9.269612,1,93.830935,True,0.08470762257308455,False,False,0.010480741607360143,0.00032057986585382216
10.795735,1,95.150721,True,0.020669744511684417,False,False,0.008658351731765634,0.00032679707223932046
10.49994,1,95.150721,True,0.028088408367636618,False,False,0.01671343270405407,0.0003267284816220031
10.339879,1,95.150721,True,0.03279026970243549,False,False,0.013156492538319782,0.00032676966154384653
10.093242,1,95.150721,True,0.04121054038079133,False,False,0.004987731118461671,0.00032678413602613783
10.280352,1,95.150721,True,0.034669637247968725,False,False,0.0132717186269094,0.0003268234452803324
10.754156,1,95.150721,True,0.021643936811940212,False,False,0.007423696178102813,0.0003268162366907856
10.46404,1,95.150721,True,0.029106234222989295,False,False,0.01453311564426821,0.00032678027243578133
10.479256,1,95.150721,True,0.028708365856604495,False,False,0.008944412590293212,0.00032617004381598586
9.324533,1,96.408634,True,0.08093581219596759,False,False,0.004035181249610001,0.00032546825659144203
10.423888,1,96.408634,True,0.03029450175534645,False,False,0.008691151881608412,0.0003267643166429368
10.805899,1,96.408634,True,0.02044667427699079,False,False,0.00646555554033322,0.0003267650171765366
10.42338,1,96.408634,True,0.03028628539187078,False,False,0.012640382226132684,0.0003268229903834394
9.710949,1,96.408634,True,0.05785688390199368,False,False,0.005979773215231776,0.0003255525736250384
10.035702,1,96.408634,True,0.0433622878003974,False,False,0.009872405396857305,0.00032617209878660277
10.645066,1,96.408634,True,0.024292166409024922,False,False,0.009800605071314864,0.00032679244417738244
10.683023,1,96.408634,True,0.02334639687241968,False,False,0.009822424628564934,0.00032682522445390375
10.090896,1,97.673942,True,0.041244171014045275,False,False,0.012200442035817816,0.00032607114104259957
10.627517,1,97.674943,True,0.024747937212830817,False,False,0.00767205155892172,0.00032676407829402383
10.03325,1,97.674943,True,0.04346338769324953,False,False,0.009148744299691314,0.00032674467837322957
10.16811,1,97.674943,True,0.03848639679328517,False,False,0.007506755124017478,0.000326762512785485
10.301173,1,97.674943,True,0.03405778700998926,False,False,0.004630810441957788,0.0003267575442335597
10.099683,1,97.674943,True,0.04096346041397431,False,False,0.006072041639886833,0.00032676683233306384
10.624722,1,97.674943,True,0.024785327813591464,False,False,0.014319767102466149,0.0003268296789392698
10.498511,1,97.674943,True,0.02815868754299514,False,False,0.011172730989549774,0.00032674297091396867
-2.6164916,1,98.879154,False,0.26147655677360493,False,False,0.010269311344539537,0.0003205970923955524
10.381853,1,98.879154,True,0.031539766317383804,False,False,0.008488608253544914,0.0003267613862074692
9.48817,1,98.879154,True,0.07018397540807642,False,False,0.013742001305750217,0.000326214805018862
10.412573,1,98.879154,True,0.03060618190597927,False,False,0.01203524803652536,0.0003266535086254673
10.177109,1,98.879154,True,0.03819292239707487,False,False,0.004439753537589079,0.00032672982020015654
10.6252775,1,98.879154,True,0.024794288600721526,False,False,0.009782572033604128,0.000326819009781536
10.720706,1,98.879154,True,0.022425392249205513,False,False,0.010629834712707334,0.00032688628125208003
10.208749,1,98.879154,True,0.037087406100301604,False,False,0.006607276265387321,0.00032673654675845605
10.276905,1,100.104802,True,0.034786635438692086,False,False,0.012402599549514844,0.00032620448846702163
10.327732,1,100.104802,True,0.03319174911863743,False,False,0.009255572753965484,0.0003267800494337018
10.434358,1,100.104802,True,0.029996248347619672,False,False,0.007651581809350532,0.0003267822146520063
10.511333,1,100.104802,True,0.027812962873868214,False,False,0.009684538285298215,0.0003267250003169044
10.724047,1,100.104802,True,0.022346854400676155,False,False,0.010266357288521662,0.00032678700238336243
10.950374,1,100.104802,True,0.017265508771905,False,False,0.008995771552003927,0.0003267763070335635
10.51882,1,100.104802,True,0.027612676957544442,False,False,0.008771940910108843,0.0003267639210296789
10.125932,1,100.104802,True,0.03996731989646271,False,False,0.010818009693935659,0.00032669963992715067
-3.5028303,1,101.343277,False,0.35008587215547393,False,False,0.009942912352296605,0.0003281417916972072
10.176839,1,101.343277,True,0.03816809865161309,False,False,0.009350609762327213,0.00032616335213171726
10.708209,1,101.343277,True,0.02274802942000313,False,False,0.006328634624977606,0.00032681901368101536
-1.0599478,1,101.343277,False,0.11082684012604863,False,False,0.007063923311000382,0.00032412879540261077
10.108014,1,101.343277,True,0.04061181106016226,False,False,0.01209904815715095,0.0003262123205164936
10.383117,1,101.343277,True,0.031473007874957507,False,False,0.013292271213082423,0.000326827886738526
10.454445,1,101.343277,True,0.029395723217931703,False,False,0.011636623067227559,0.0003267920456582518
10.597894,1,101.343277,True,0.025516450026230215,False,False,0.00651600311406146,0.00032676049481900407
10.653961,1,102.565251,True,0.024053300353912215,False,False,0.012841893240753402,0.00032680462465232524
10.175674,1,102.565251,True,0.03814375774911279,False,False,0.018665317298024356,0.00032683583769283246
10.680237,1,102.565251,True,0.023392463837931192,False,False,0.01440647196954607,0.0003267771552796618
9.566486,1,102.565251,True,0.0656016950258824,False,False,0.01032236504902436,0.0003255370207259573
10.449139,1,102.565251,True,0.029555588420345006,False,False,0.010225289040530489,0.0003266990678265071
10.158801,1,102.565251,True,0.03879148291982824,False,False,0.010745462609826166,0.0003261546397929465
10.078674,1,102.565251,True,0.041738174847959664,False,False,0.007304973595154319,0.00032677563049898295
10.446949,1,102.565251,True,0.029646849349074886,False,False,0.005266531863798735,0.000326818569516899
10.485625,1,103.803022,True,0.02853653283334538,False,False,0.0077498652679662775,0.00032682350584595525
10.373616,1,103.803022,True,0.03181553156940182,False,False,0.0039071723911984855,0.000326728779592067
9.2225065,1,103.803022,True,0.08812982691936601,False,False,0.010869202285731376,0.00031836516357741396
10.309379,1,103.803022,True,0.03375787537722418,False,False,0.010885357863020334,0.0003268016536025619
9.184721,1,103.803022,True,0.09091616765363379,False,False,0.01348215522704053,0.0003142372872562335
10.819967,1,103.803022,True,0.02008964718857508,False,False,0.014534185256882362,0.0003260806092486422
9.833015,1,103.803022,True,0.051888134845688126,False,False,0.014059258001104939,0.00032620140869115387
10.112799,1,103.803022,True,0.04047625031621338,False,False,0.006648598678193208,0.0003261904594051637
10.584313,1,105.012836,True,0.025868052233080308,False,False,0.007064933294784798,0.0003267473139535088
9.248109,1,105.012836,True,0.08626729338271366,False,False,0.009929391777529106,0.0003248016546771533
10.25255,1,105.012836,True,0.03558109206598939,False,False,0.012489260782624993,0.0003268036461776146
10.252631,1,105.012836,True,0.035613309516625766,False,False,0.007195066133514462,0.0003268181792332653
10.682962,1,105.012836,True,0.023367104293573686,False,False,0.00592172029895863,0.00032677536223825227
10.644781,1,105.012836,True,0.02428283554792474,False,False,0.013078899067939595,0.00032684707268779156
10.573076,1,105.012836,True,0.02616617626706772,False,False,0.006595589163999322,0.00032680467992226214
10.724287,1,105.012836,True,0.022346466996326576,False,False,0.009142155132252772,0.00032669425184664286
10.673263,1,106.332856,True,0.023594885574300825,False,False,0.008318646888261361,0.0003266903387180791
10.43874,1,106.332856,True,0.029857119940199652,False,False,0.009803225061367833,0.00032610581131685656
10.292332,1,106.332856,True,0.03431004817541801,False,False,0.009320825383613585,0.0003267093888775851
10.16204,1,106.332856,True,0.038688312221745846,False,False,0.009164758082742502,0.00032681029561099176
9.264544,1,106.332856,True,0.08499727044407976,False,False,0.015637463868539685,0.00032550867229875043
10.41974,1,106.332856,True,0.03040275468200132,False,False,0.010901157024049878,0.00032670725708675306
10.082608,1,106.332856,True,0.04160277149203935,False,False,0.0056588323195300985,0.00032611190563773654
10.423006,1,106.332856,True,0.030328460820114034,False,False,0.00728167879898606,0.0003268057735434857
10.198894,1,107.610249,True,0.03733953967757706,False,False,0.018968853061531996,0.00032665539951805646
10.241437,1,107.610249,True,0.03598277465354199,False,False,0.0073474030448809425,0.00032679793882623684
10.664657,1,107.610249,True,0.02382462690927578,False,False,0.005118251833301777,0.00032672845063276676
10.631683,1,107.610249,True,0.024617921381658275,False,False,0.012373205467135327,0.00032670859887548836
10.356126,1,107.610249,True,0.03227491214749099,False,False,0.015769342884005246,0.00032670049230654706
10.49585,1,107.610249,True,0.028240734174379393,False,False,0.009691331517039891,0.000326759526192951
10.274217,1,107.610249,True,0.03487854369462889,False,False,0.011652729482037388,0.0003267133290755638
10.408445,1,107.610249,True,0.030765426856957358,False,False,0.005623678494144787,0.0003267502247356108
10.704787,1,109.051468,True,0.022811330111111243,False,False,0.010393946091930086,0.0003267255254052513
10.364545,1,109.051468,True,0.03206030911592472,False,False,0.008888471729767129,0.0003260976033821484
10.117555,1,109.051468,True,0.040234192445621056,False,False,0.015992640814511738,0.0003267389344801089
10.823128,1,109.051468,True,0.020059040662820358,False,False,0.005484828800726883,0.0003267830891684551
10.541157,1,109.051468,True,0.027021669656961036,False,False,0.00589399334515762,0.00032672498083204034
10.473305,1,109.051468,True,0.028860886283017147,False,False,0.011596425579877218,0.00032621497688157207
10.69764,1,109.051468,True,0.02297676593796025,False,False,0.012148941580264305,0.0003268538355391489
-2.2336938,1,109.051468,False,0.22332149487617686,False,False,0.008243563943726459,0.0003155742385629711
10.57214,1,110.409992,True,0.026186491164419432,False,False,0.007433040180790952,0.00032617035722300105
10.435847,1,110.409992,True,0.029964792668133757,False,False,0.0056365585767157176,0.00032673852312243087
10.322494,1,110.409992,True,0.033359453414662295,False,False,0.008624682915244708,0.0003267881589838387
-1.0507383,1,110.410992,False,0.10998206987221557,False,False,0.01035613642100779,0.0003241265498445361
10.734696,1,110.410992,True,0.022092593705905963,False,False,0.010142139580021806,0.000326804290480018
10.729436,1,110.410992,True,0.02223956528708907,False,False,0.005693126663693958,0.0003268245824256231
9.916555,1,110.410992,True,0.04822588313936895,False,False,0.0097507600131523,0.0003262254520929786
-3.8445687,1,110.410992,False,0.3844086972963898,False,False,0.0024359245349596325,0.000328205960893512
-0.9823723,1,111.619931,False,0.10415331717482228,False,False,0.014813337360114372,0.0003247866086824335
10.363974,1,111.619931,True,0.03210175883785271,False,False,0.004926910175565249,0.0003268291794333096
10.9468565,1,111.619931,True,0.01734001710565049,False,False,0.00890788626741782,0.00032681819877719413
10.309158,1,111.619931,True,0.033792145683280005,False,False,0.006567580677135535,0.00032675892223824564
10.528715,1,111.619931,True,0.02731567031195084,False,False,0.013781533915940437,0.0003261379312006325
10.201046,1,111.619931,True,0.03734190175543824,False,False,0.007863670292584606,0.0003261929759004292
10.356128,1,111.619931,True,0.032323532462220514,False,False,0.007808081267398192,0.0003267782777634992
10.373198,1,111.619931,True,0.031771291347193066,False,False,0.013324291906270455,0.0003267041978783801
10.286771,1,112.851156,True,0.03448345582781277,False,False,0.01008888626612885,0.0003267396611778972
10.321497,1,112.851156,True,0.03341774803637985,False,False,0.004310000208655299,0.00032612670950687473
-4.269267,1,112.851156,False,0.4266686288693095,False,False,0.012911038781085788,0.0003284111121655703
10.849956,1,112.851156,True,0.01944784129980633,False,False,0.007371584040818335,0.0003267645445816346
10.60544,1,112.851156,True,0.025267950634020795,False,False,0.016738767566159753,0.0003268346243261682
10.107182,1,112.851156,True,0.04065838941633448,False,False,0.009923861811013207,0.0003260768475290905
10.355416,1,112.851156,True,0.032364040618375514,False,False,0.004746999324394337,0.00032677126716786894
10.361948,1,112.851156,True,0.032159328654197725,False,False,0.005601583630060503,0.00032676783586299
10.306019,1,114.055315,True,0.03384562934030014,False,False,0.013816537296248075,0.0003267867041787302
10.19561,1,114.055315,True,0.0374356046590938,False,False,0.021373728921855812,0.0003260766257887935
10.629791,1,114.055315,True,0.02469429464114873,False,False,0.006824431117017818,0.0003268082001279446
10.319215,1,114.055315,True,0.033445191685482295,False,False,0.011342553185277682,0.0003268177275459379
10.347361,1,114.055315,True,0.03262463384786429,False,False,0.002585707096812972,0.0003267989331351818
10.009332,1,114.055315,True,0.044336780167065305,False,False,0.017680742778079874,0.00032680449528467117
10.377525,1,114.055315,True,0.03166019069788981,False,False,0.010104173331313714,0.0003268194362958921
10.227055,1,114.055315,True,0.036392797865672205,False,False,0.017851767653052582,0.00032611413968293673
9.972383,1,115.334383,True,0.04590018575777727,False,False,0.008419095597397381,0.0003261152930438311
10.8747225,1,115.334383,True,0.018883782175166446,False,False,0.010996084738664848,0.00032683606878693817
10.459626,1,115.334383,True,0.029271592106325486,False,False,0.007499727959674874,0.00032677881440855124
10.566859,1,115.334383,True,0.026313098164823,False,False,0.009910503823988333,0.0003268215561782369
10.207843,1,115.334383,True,0.037099553619242505,False,False,0.009356776269149701,0.00032668354142572487
10.371625,1,115.334383,True,0.03183722519206919,False,False,0.010276258001530683,0.0003267424394667593
10.534015,1,115.334383,True,0.027196944796168143,False,False,0.009171804751306575,0.00032667782865482053
10.483811,1,115.334383,True,0.028583536611197224,False,False,0.008420221184790704,0.00032673329286043426
10.431107,1,116.526115,True,0.030064671953581486,False,False,0.012103925275452402,0.0003267393195119291
10.160959,1,116.526115,True,0.03868641533917029,False,False,0.0148372634121875,0.0003267589235807875
10.144559,1,116.526115,True,0.03928262590913951,False,False,0.012835626822714311,0.00032611601007260946
10.613024,1,116.526115,True,0.02512794836792699,False,False,0.005972044702587734,0.0003267443192654842
10.393793,1,116.526115,True,0.031201226888576888,False,False,0.005373336023853415,0.0003267769574351527
10.196093,1,116.526115,True,0.037512739440266875,False,False,0.007729969191831931,0.00032607884547954205
10.59262,1,116.526115,True,0.025665379495233405,False,False,0.0042843731525686705,0.0003267527613871987
-5.053399,1,116.526115,False,0.5051765970326747,False,False,0.00816504913443906,0.000328388230413187
10.781176,1,117.760523,True,0.021021455264325948,False,False,0.005350571764428247,0.00032678521341760104
10.564361,1,117.760523,True,0.026391948546372737,False,False,0.007540752428613951,0.0003261898850588863
10.578581,1,117.760523,True,0.025997555981256835,False,False,0.011065406165526818,0.00032676170654831206
10.212748,1,117.760523,True,0.03694860524930008,False,False,0.007023817320858212,0.00032611732325720275
10.158438,1,117.760523,True,0.03879244770450239,False,False,0.012428360395318647,0.0003267532214989864
10.855766,1,117.760523,True,0.019299055166151966,False,False,0.011758358519156603,0.0003267192364266839
9.818111,1,117.760523,True,0.05261811063759041,False,False,0.009448121157698882,0.00032616887927925514
10.395546,1,117.760523,True,0.03111759665885459,False,False,0.01065978422061028,0.0003267794669256267
10.441111,1,118.968494,True,0.029801210112273675,False,False,0.007639910243750461,0.0003268207343835339
10.440908,1,118.968494,True,0.0298145973697252,False,False,0.0063272859349409365,0.0003267841354329681
10.332318,1,118.968494,True,0.033063504580807104,False,False,0.006905692913906911,0.00032675147984302763
10.238261,1,118.968494,True,0.03610430709752654,False,False,0.0049658016080594254,0.00032680485013616853
10.668795,1,118.968494,True,0.02370487833744985,False,False,0.008494266312861412,0.00032683685013035614
10.678996,1,118.968494,True,0.02345570175678963,False,False,0.007790940733030776,0.00032670276639582837
10.701365,1,118.968494,True,0.022907991916853315,False,False,0.007630497625248144,0.0003268574607818102
10.045306,1,118.968494,True,0.04298624984995536,False,False,0.010373657173170991,0.0003268334335626336
10.733756,1,120.201084,True,0.022109231787425885,False,False,0.011354198377651075,0.00032680259981514493
10.230772,1,120.201084,True,0.03634356479116415,False,False,0.006608657620183704,0.000326795742696449
10.516758,1,120.201084,True,0.027642778091662566,False,False,0.013583018839418749,0.0003267195068909863
9.879929,1,120.201084,True,0.049812982404711666,False,False,0.010274566817063837,0.0003267678480727741
10.72268,1,120.201084,True,0.022390990079314187,False,False,0.007911452213931717,0.00032670966860525027
-4.192322,1,120.201084,False,0.4190860520867609,False,False,0.007313933971558385,0.00032815955136365185
10.438277,1,120.201084,True,0.029863088958429797,False,False,0.011083031749980233,0.0003267298825011944
10.563152,1,120.201084,True,0.026381842799062888,False,False,0.015488504340734325,0.0003267316701605462
9.219129,1,121.422569,True,0.08844817458713718,False,False,0.006250951782114332,0.0003190509723652723
10.861828,1,121.423569,True,0.019184676643899827,False,False,0.007244909961431857,0.00032668801426210994
10.237561,1,121.423569,True,0.03607687729317431,False,False,0.012585244295279486,0.00032682701058272216
10.703981,1,121.423569,True,0.022844602731234485,False,False,0.007577153910582421,0.000326183105238069
10.382981,1,121.423569,True,0.03151054722411002,False,False,0.007712351846344662,0.00032677638735872304
10.434945,1,121.423569,True,0.02995441226979373,False,False,0.011940892749958047,0.0003267361974542032
9.478099,1,121.423569,True,0.07080142847905016,False,False,0.013589458567646324,0.0003197990171572395
10.477149,1,121.423569,True,0.028775367310095366,False,False,0.007561039599909813,0.00032682352979011023
-1.8190001,1,122.619093,False,0.18220670970943117,False,False,0.007694915559473296,0.0003277932852969202
10.184608,1,122.619093,True,0.037891013076406105,False,False,0.010356620262262913,0.00032673577103933685
10.355078,1,122.619093,True,0.03229822818767492,False,False,0.01719746816811687,0.0003268463732818331
10.680269,1,122.619093,True,0.02343410826643898,False,False,0.005799485540013219,0.0003261650752786747
10.360988,1,122.619093,True,0.03217214703853715,False,False,0.008300930656008624,0.00032684734303004107
10.749104,1,122.619093,True,0.02176486664943519,False,False,0.007083063069477813,0.0003268454309455093
10.647828,1,122.619093,True,0.024223684274096387,False,False,0.009588587724203835,0.00032685166619856004
10.620814,1,122.619093,True,0.024895071116133195,False,False,0.012385219203494084,0.00032673910929966946
10.527752,1,123.874925,True,0.027382730524160414,False,False,0.006263121460346918,0.0003267613368453432
10.780095,1,123.874925,True,0.02104696929898213,False,False,0.005262161770298682,0.0003267834967535666
10.745591,1,123.874925,True,0.021833174768263054,False,False,0.010224192719567322,0.0003268105378146654
10.457985,1,123.874925,True,0.029298731214405422,False,False,0.010939716490840768,0.0003267756292758582
9.1502695,1,123.874925,True,0.09362146615091922,False,False,0.008833472368357595,0.0003220005486771984
10.321154,1,123.874925,True,0.033381792391776896,False,False,0.011761095704614859,0.00032675461175536686
-4.2080717,1,123.874925,False,0.4204632922050674,False,False,0.017200930972847563,0.0003282846515726968
10.764651,1,123.874925,True,0.021392843219258093,False,False,0.008351916910137218,0.0003267543875335261
10.207475,1,125.098971,True,0.03702454080428152,False,False,0.022217633097362147,0.00032687869006449785
10.224571,1,125.098971,True,0.03643311736124433,False,False,0.02425822195398932,0.0003269120483329438
10.620305,1,125.098971,True,0.024923981774900062,False,False,0.009283570589619324,0.0003267872842919916
10.429085,1,125.098971,True,0.030128859344925613,False,False,0.011159712975012993,0.00032677908898828253
10.250149,1,125.098971,True,0.03566016218993048,False,False,0.01250460473656197,0.0003268291647192877
-3.603665,1,125.098971,False,0.36024368318561983,False,False,0.006201900592753196,0.00032814337975611553
10.392676,1,125.098971,True,0.031217364451907474,False,False,0.008249666459705192,0.00032678959641129613
10.481745,1,125.098971,True,0.028637639141780486,False,False,0.00910355600838294,0.00032670175783730516
10.711229,1,126.372911,True,0.02268046587064493,False,False,0.005166185643680684,0.00032670017660220457
10.54953,1,126.372911,True,0.0267487497540602,False,False,0.014799990651538019,0.00032674629116240706
10.331944,1,126.372911,True,0.0330753032997169,False,False,0.00687669990469708,0.00032681524743908446
10.186254,1,126.372911,True,0.037826622522679904,False,False,0.011426813383355543,0.0003261346796785584
10.689196,1,126.372911,True,0.02318407844044792,False,False,0.011989915419578683,0.0003267919948798772
9.099724,1,126.372911,True,0.09758508976050419,False,False,0.00877026464534486,0.00032487927457530263
10.824311,1,126.372911,True,0.020007709787259083,False,False,0.0109116544362666,0.000326741988865919
10.25105,1,126.372911,True,0.03566182134376425,False,False,0.007746485435823869,0.000326791662498812
10.0034075,1,127.609376,True,0.04462770137375361,False,False,0.010742199145538445,0.0003262349077698903
-4.3788176,1,127.609376,False,0.4376401296337591,False,False,0.012086706344733867,0.0003281596082441859
10.129156,1,127.609376,True,0.03986676523880747,False,False,0.00858731207316185,0.00032617029503747685
9.926668,1,127.609376,True,0.047813820547319315,False,False,0.0075009073472968495,0.0003267914036360645
10.876237,1,127.610377,True,0.018867544815017474,False,False,0.007120181537028356,0.00032675441215951795
10.513205,1,127.610377,True,0.027774802605788074,False,False,0.007275341199425435,0.0003268077739716477
10.655122,1,127.610377,True,0.024026342139596413,False,False,0.012420393383739273,0.0003267738107859536
10.6275835,1,127.610377,True,0.024727965798622433,False,False,0.011255029221589864,0.0003268076785087112
10.4279,1,128.845486,True,0.030185170978194564,False,False,0.007399371608966981,0.0003267952540616413
10.132466,1,128.845486,True,0.03973887955878552,False,False,0.009737890950940053,0.00032621381837799883
10.533293,1,128.845486,True,0.027225057766851052,False,False,0.007593786999090233,0.00032673733150205585
10.416809,1,128.845486,True,0.030487022908915164,False,False,0.011158014448392907,0.00032672637456640036
10.745571,1,128.845486,True,0.021829274892621722,False,False,0.011142519121746249,0.00032680413922204577
-1.0195274,1,128.845486,False,0.10739226320136175,False,False,0.006852649022896714,0.0003240804022974399
10.531315,1,128.845486,True,0.027301346164203197,False,False,0.0034176956949459173,0.00032675207776896556
10.714185,1,128.845486,True,0.022585317696459276,False,False,0.010061491794165659,0.0003267028166268615
10.144941,1,130.1144,True,0.039328746271332184,False,False,0.004470130915378798,0.0003267465185476105
10.335147,1,130.1144,True,0.03300509775599627,False,False,0.0021580332215685727,0.0003267427110390614
10.602532,1,130.1144,True,0.025363790008807154,False,False,0.012750157487962962,0.00032679611039513533
10.243281,1,130.1144,True,0.03589735548122544,False,False,0.010989619282877864,0.0003267107124980573
10.728453,1,130.1154,True,0.022257688384178808,False,False,0.006825307706252277,0.00032683408831965077
10.468451,1,130.1154,True,0.0290248478291215,False,False,0.00684175875961033,0.00032680866531853816
10.772886,1,130.1154,True,0.0211780501239923,False,False,0.013134234412296098,0.0003266929295638422
10.470873,1,130.1154,True,0.028937757400795443,False,False,0.01013648080974968,0.0003268608590087773
10.7034025,1,131.322968,True,0.022839499912026655,False,False,0.011525356065924747,0.0003267546508129637
10.108609,1,131.322968,True,0.04058668134555809,False,False,0.012541246107640106,0.0003267188744632997
10.550955,1,131.322968,True,0.026740364925947772,False,False,0.009244864202318737,0.00032678461884338213
10.366474,1,131.322968,True,0.032007297173346085,False,False,0.007963450845730547,0.0003267619319772409
10.237912,1,131.322968,True,0.0360428784552242,False,False,0.015933290810501707,0.0003268419568784126
10.660665,1,131.322968,True,0.023879492522661666,False,False,0.014078096804879474,0.0003266932710415465
10.645461,1,131.322968,True,0.02428428159156604,False,False,0.009393840675469538,0.0003268218534503278
9.9321785,1,131.322968,True,0.047567081152099844,False,False,0.009066497418108,0.0003267694286773491
10.678699,1,132.547878,True,0.023470953759554228,False,False,0.0061891249060271126,0.0003267541473651831
10.171427,1,132.547878,True,0.038351136888109996,False,False,0.01021349789088664,0.000326818160042972
10.8798065,1,132.547878,True,0.018774239621417783,False,False,0.010547474359946796,0.00032687312683243186
10.686341,1,132.547878,True,0.023259417452039324,False,False,0.01091635257795171,0.0003267373267538275
10.320226,1,132.547878,True,0.03341167231133023,False,False,0.011633756091463329,0.0003261288177690327
10.411744,1,132.547878,True,0.03059974151469811,False,False,0.017273261722200343,0.000326769402298016
10.22833,1,132.547878,True,0.03639847481668701,False,False,0.010628955036791343,0.00032678880800624167
10.392963,1,132.547878,True,0.031241300052767085,False,False,0.002803247946755866,0.0003267595387074491
10.116842,1,133.770077,True,0.040279468068694264,False,False,0.013347117146737725,0.00032670969479094576
10.391441,1,133.770077,True,0.03124536430995416,False,False,0.009732015205071628,0.00032672776895687703
10.3119755,1,133.770077,True,0.033682378285810215,False,False,0.009852306274150735,0.0003267517075990855
10.633863,1,133.770077,True,0.024511466294880907,False,False,0.022443105089119612,0.0003267220407870971
10.487031,1,133.770077,True,0.02850118186754774,False,False,0.007044782263317459,0.000326769303063294
-1.0385313,1,133.770077,False,0.10884700486944793,False,False,0.0159368364664091,0.0003241350167744739
10.289506,1,133.771581,True,0.03438109880708711,False,False,0.012359542269822268,0.00032681966830496833
10.28367,1,133.771581,True,0.034603604314561144,False,False,0.00691685908774023,0.00032678878431226596
10.523517,1,134.993395,True,0.027478618023240097,False,False,0.009831094854483302,0.0003267115332296459
10.707015,1,134.993395,True,0.02274375245118092,False,False,0.013179201167358656,0.0003266852792568446
10.698323,1,134.993395,True,0.022950818089117503,False,False,0.01405384061653801,0.00032674514251409366
10.675676,1,134.993395,True,0.02352593961877949,False,False,0.010178820725596742,0.00032683021320123554
10.54854,1,134.993395,True,0.026818226609506286,False,False,0.006791860270105724,0.0003267700356403338
10.333685,1,134.993395,True,0.03301724851573972,False,False,0.007511260359194546,0.00032672128311969824
-6.618726,1,134.993395,False,0.6616383791376528,False,False,0.011708744903486955,0.0003284213932179876
9.403232,1,134.993395,True,0.07565010831232627,False,False,0.00458906534306889,0.00032543639905011675
9.664375,1,136.295153,True,0.06028019524228851,False,False,0.004884563779293404,0.0003262036095671501
10.385965,1,136.295153,True,0.03137533485731504,False,False,0.015354701281911746,0.0003268108424642532
10.441844,1,136.295153,True,0.02977000091083063,False,False,0.009384612955339888,0.0003266958589711357
9.951679,1,136.295153,True,0.04673421841457659,False,False,0.010866610500783814,0.0003260594533503034
10.370786,1,136.295153,True,0.03184299493131577,False,False,0.013517038317947093,0.00032618300740013526
9.329267,1,136.295153,True,0.08048303444636713,False,False,0.013251998655288066,0.0003261387904739469
10.741244,1,136.295153,True,0.02195712980094734,False,False,0.005845785590040249,0.00032684551725330836
10.21806,1,136.295153,True,0.036775688608450846,False,False,0.005979670802867252,0.00032670182154301183
10.331245,1,137.546433,True,0.03309887812253135,False,False,0.006585193413264952,0.0003268381936360605
10.640618,1,137.547434,True,0.024383496436518683,False,False,0.01394782984615854,0.0003268017877781362
10.324831,1,137.547434,True,0.03331719247843209,False,False,0.003686507857014422,0.0003267795715243609
10.239304,1,137.547434,True,0.03601289208981018,False,False,0.01348620661801542,0.0003268133506225953
10.46154,1,137.547434,True,0.02918824227880684,False,False,0.012583539379558218,0.00032671495315308443
10.548882,1,137.547434,True,0.026767973621876075,False,False,0.014458609271451569,0.0003268637436855239
-4.1828876,1,137.547434,False,0.4181329850618902,False,False,0.007797106081059848,0.0003284320427751736
-1.0161006,1,137.547434,False,0.10705353197665998,False,False,0.009821458131947697,0.0003247860904337863
10.191559,1,138.935921,True,0.037655458821411275,False,False,0.009672855705772927,0.00032678885956449494
10.425363,1,138.935921,True,0.030263859095257827,False,False,0.006574530196204407,0.00032679195675227045
10.578469,1,138.935921,True,0.0260237036545456,False,False,0.006653506088759407,0.00032675933264385596
10.360126,1,138.935921,True,0.03219090611578642,False,False,0.009534951628612056,0.000326806881293939
10.406318,1,138.935921,True,0.030801818232824473,False,False,0.010091592676956064,0.0003267480798736618
10.590296,1,138.935921,True,0.02567784010771743,False,False,0.013517109884002017,0.0003267509705672796
10.552554,1,138.935921,True,0.026710241133928038,False,False,0.006874929558801373,0.00032681532699639903
10.756698,1,138.935921,True,0.021598139018809893,False,False,0.0044292385588762155,0.00032676972205975506
9.665698,1,140.22788,True,0.06008663217383368,False,False,0.01662730715741141,0.000325512157095414
10.242227,1,140.22788,True,0.035937812022646426,False,False,0.010169393973676836,0.00032681515463576664
9.288843,1,140.22788,True,0.08338541110564221,False,False,0.007201273318133292,0.0003255382925981737
10.02728,1,140.22788,True,0.04368051410412663,False,False,0.01120757592975829,0.00032682249992319095
10.278134,1,140.22788,True,0.03476972037094135,False,False,0.008867392421829785,0.0003268229920946338
10.680424,1,140.22788,True,0.023411302232467273,False,False,0.009648118822595348,0.0003267532171639175
10.650823,1,140.22788,True,0.02413523697155147,False,False,0.012206433662975096,0.0003267754983177179
10.689548,1,140.22788,True,0.023186677180626832,False,False,0.00970249069171631,0.00032673392234616446
10.801,1,141.538676,True,0.02053831377271204,False,False,0.010950356634786076,0.0003267128322028583
10.3979225,1,141.538676,True,0.031050342086124148,False,False,0.010091798137465172,0.00032680632640801717
10.303624,1,141.538676,True,0.03396300783041885,False,False,0.00728567999949998,0.00032684606897236736
9.992748,1,141.538676,True,0.04506042832040453,False,False,0.010047546679693485,0.0003262106608509001
10.333604,1,141.538676,True,0.033018894511458376,False,False,0.007650560556827234,0.0003268319296479895
10.524969,1,141.538676,True,0.027429779005056512,False,False,0.011533593539419348,0.0003267217332480718
10.087802,1,141.538676,True,0.041424850021009,False,False,0.003450514935333471,0.0003261494539061036
10.680071,1,141.538676,True,0.02341933741616795,False,False,0.009783773830164539,0.00032667478290050023
10.64892,1,142.978877,True,0.02419209468340779,False,False,0.010405346324217295,0.00032678571930173705
10.607253,1,142.978877,True,0.025255383319522342,False,False,0.010110488994362642,0.00032670313474998186
10.24555,1,142.978877,True,0.03583731879476885,False,False,0.008704315179995691,0.00032615283184725424
10.24625,1,142.978877,True,0.03581480139909872,False,False,0.008602948695397728,0.00032677215577455804
10.420576,1,142.978877,True,0.03040583731448921,False,False,0.0061905287020227245,0.00032618417755264097
10.36823,1,142.978877,True,0.0319847297577385,False,False,0.0029066496605209676,0.0003267645054572855
10.65862,1,142.978877,True,0.023965627435664497,False,False,0.007060410010718313,0.0003267898150379503
10.488474,1,142.978877,True,0.028460740156320316,False,False,0.007069383161914783,0.00032673672378070594
10.401693,1,144.357423,True,0.030903194285521768,False,False,0.016064563124678397,0.00032672174621396636
10.334819,1,144.357423,True,0.0329824867504084,False,False,0.007435572919170162,0.00032680137087473396
10.542354,1,144.357423,True,0.0269834508455356,False,False,0.007000475982300274,0.0003267458150101345
10.655647,1,144.357423,True,0.024015349113091083,False,False,0.011986418425299824,0.0003267896761919482
10.57131,1,144.357423,True,0.02620149681870576,False,False,0.008741588253972265,0.0003267686593381938
10.525481,1,144.357423,True,0.027435593210907574,False,False,0.007904581999666408,0.0003262047950456004
9.460296,1,144.357423,True,0.07196471584775284,False,False,0.008533667096936025,0.00032548008392806817
10.261552,1,144.357423,True,0.035270918556679416,False,False,0.014731226652112924,0.00032677271366482604
10.210785,1,145.991871,True,0.03699380130790991,False,False,0.010185506874343435,0.00032676926157679953
10.644253,1,145.991871,True,0.024332024089394125,False,False,0.005969643448069069,0.0003267714022868918
9.526908,1,145.991871,True,0.06787587855317656,False,False,0.01253532024862841,0.0003254791879646883
-4.2974286,1,145.991871,False,0.4295702691172994,False,False,0.008634892143729176,0.0003283981165074111
10.338217,1,145.991871,True,0.03285553152601979,False,False,0.010918265964091215,0.0003268125515596961
10.523747,1,145.991871,True,0.02748464512808344,False,False,0.007575202039882422,0.00032674858043130705
10.243935,1,145.991871,True,0.035872577578182935,False,False,0.01145927557222816,0.00032671135297103113
10.58103,1,145.991871,True,0.025950579758865108,False,False,0.007756545276616538,0.0003267586641111913
10.613766,1,147.366718,True,0.025086813552961378,False,False,0.010256961712094859,0.00032679270851897077
10.454986,1,147.366718,True,0.029418057949249277,False,False,0.005021411283858175,0.0003267674149707009
-5.5368314,1,147.366718,False,0.5535259919445447,False,False,0.007858562726164534,0.0003283398578739464
10.174592,1,147.366718,True,0.038238307353232734,False,False,0.010521162371322064,0.00032610275159329275
10.417264,1,147.366718,True,0.030443051907503692,False,False,0.016390518665060267,0.00032673292298447817
10.167368,1,147.366718,True,0.038481301296292916,False,False,0.011941380102554555,0.00032681436200037714
10.544028,1,147.366718,True,0.0269020325519373,False,False,0.013754458588834551,0.0003262156109444647
10.634563,1,147.366718,True,0.02455739380026049,False,False,0.009890761123965624,0.0003268054208663629
10.747536,1,148.812677,True,0.02178870112922085,False,False,0.009886237710625268,0.0003267675326999218
10.557901,1,148.812677,True,0.026546669062457045,False,False,0.010760999380907322,0.00032676247564349055
10.311644,1,148.812677,True,0.0337127446848888,False,False,0.006702633304360603,0.00032617958875769555
10.233905,1,148.812677,True,0.036225370789710096,False,False,0.008608329319943616,0.00032683129736148524
10.270347,1,148.812677,True,0.035025561682298416,False,False,0.00836773504684158,0.00032675587560825666
-6.176378,1,148.812677,False,0.6173220267254548,False,False,0.015786898366945846,0.0003285135860910532
10.703839,1,148.812677,True,0.022845099177755998,False,False,0.008185808453999995,0.00032678728236102344
10.351257,1,148.812677,True,0.03247739879592154,False,False,0.00704877573921662,0.0003267860711614689
10.334761,1,150.143478,True,0.0329883617335164,False,False,0.006780676154050603,0.00032667822374614217
10.66121,1,150.143478,True,0.023905420140832995,False,False,0.0061563307888538865,0.00032675547159134223
10.2992325,1,150.143478,True,0.03408151532195738,False,False,0.010607575633231876,0.0003268455215262134
10.4752445,1,150.143478,True,0.028798635792254147,False,False,0.012947670321610594,0.0003267465985685955
10.229573,1,150.143478,True,0.03638490692479124,False,False,0.00643311278795992,0.0003261420933491009
10.263347,1,150.143478,True,0.03524308605083091,False,False,0.01001612190337441,0.00032677943269075125
9.536992,1,150.144478,True,0.06736804509317063,False,False,0.005276055583784328,0.00032544117468442994
10.143831,1,150.144478,True,0.0393100813312728,False,False,0.01263470099383744,0.00032674915309213666
10.452266,1,151.467437,True,0.029484846221987805,False,False,0.006941798500056159,0.0003267371936820405
10.140062,1,151.467437,True,0.039461070347692154,False,False,0.010388333735874182,0.0003261389112828753
10.683498,1,151.467437,True,0.023314367338228576,False,False,0.013953470319791151,0.0003267557761395822
9.662315,1,151.467437,True,0.06034384401382951,False,False,0.00916126649396004,0.00032549159216987316
10.864427,1,151.467437,True,0.019123381518718265,False,False,0.008107286892307611,0.00032683260218143047
9.5818615,1,151.467437,True,0.0647000475678143,False,False,0.01279033095982845,0.0003254089318046912
10.276307,1,151.467437,True,0.03479352938009071,False,False,0.014324768335546238,0.00032677506407660753
10.172709,1,151.467437,True,0.03835280204791199,False,False,0.003562248850514422,0.0003267892056164545
9.617394,1,152.782329,True,0.0627722730871309,False,False,0.00830797286929584,0.00032554537397720034
10.178245,1,152.783331,True,0.038153971631005736,False,False,0.004347799702047515,0.0003267633934669027
10.032984,1,152.783331,True,0.0434657363473795,False,False,0.010179401291562707,0.0003260864465110839
10.716915,1,152.783331,True,0.022539744583363407,False,False,0.0058490309396133765,0.0003268185843881178
10.305536,1,152.783331,True,0.03391133246405471,False,False,0.0058663150910999075,0.00032684831815357496
10.089653,1,152.783331,True,0.041315018488508416,False,False,0.00890774579863518,0.00032683818936691335
10.3460045,1,152.783331,True,0.0325940534971213,False,False,0.014333507430580199,0.0003267825857173634
10.651379,1,152.783331,True,0.02413960360245319,False,False,0.008553551325367082,0.0003267826877500231
10.085019,1,154.140969,True,0.04143834579776296,False,False,0.015557972985306812,0.00032682326694001687
10.66661,1,154.140969,True,0.023778756910900204,False,False,0.004562196900554222,0.000326709953112358
10.412762,1,154.140969,True,0.030595097171460243,False,False,0.012976069818099093,0.00032678630079787204
10.43465,1,154.140969,True,0.029998652531197937,False,False,0.005773395159825404,0.00032614483143959366
9.964121,1,154.140969,True,0.04616988359626452,False,False,0.01686784289264169,0.0003261851088691223
10.186445,1,154.140969,True,0.03784859816156546,False,False,0.0072915765961249135,0.00032669811063423533
10.025927,1,154.140969,True,0.043751270850909796,False,False,0.008939458925888606,0.00032615007209721344
10.269878,1,154.140969,True,0.035043155573818076,False,False,0.008004423267298808,0.0003267940595982816
10.370848,1,155.456578,True,0.03188250281339901,False,False,0.0066781260048872915,0.00032618618496744133
10.2348,1,155.456578,True,0.0361890964009833,False,False,0.00956094387756578,0.00032621147956480803
10.111134,1,155.456578,True,0.040505144642964556,False,False,0.011033117530690893,0.00032609148469970553
10.353325,1,155.456578,True,0.032375784420252914,False,False,0.013283929508751284,0.0003267572090145258
10.496174,1,155.456578,True,0.028237434545944212,False,False,0.008667204849310942,0.00032680671816999354
10.522756,1,155.456578,True,0.027442013641368387,False,False,0.0203543842879994,0.00032670032638702155
10.439461,1,155.456578,True,0.02986783941532731,False,False,0.004340431527072999,0.00032615785233276344
9.198855,1,155.456578,True,0.08990639644730825,False,False,0.009829443648993979,0.00032477993831306573
10.316185,1,156.760191,True,0.0335217210170365,False,False,0.014309665129922754,0.0003267271846688737
10.755068,1,156.760191,True,0.02163052004651137,False,False,0.005709105122767398,0.00032674803464499344
10.376607,1,156.760191,True,0.031715824643045745,False,False,0.0054674663891285495,0.00032675926545806154
-4.9648676,1,156.760191,False,0.49631198010994937,False,False,0.00874029854109385,0.0003284421306020499
10.260372,1,156.760191,True,0.03532870558196393,False,False,0.011802770262232077,0.0003262024835143847
10.829181,1,156.760191,True,0.01991809246677492,False,False,0.0064011395610195825,0.0003267927306840684
10.349524,1,156.760191,True,0.032543371331639835,False,False,0.0049782425016008545,0.0003267551675513302
10.358764,1,156.760191,True,0.0321834938903725,False,False,0.017557299503422597,0.0003268372266002208
-1.0885497,1,158.08583,False,0.11327836336126902,False,False,0.00798459639625282,0.00032409915094989365
10.411479,1,158.08583,True,0.030640502713644043,False,False,0.01166317755675964,0.00032685386816474896
10.037345,1,158.08583,True,0.043278451338831646,False,False,0.012441385653401697,0.0003261946119504285
10.455001,1,158.08583,True,0.029382172369024896,False,False,0.011227515323942568,0.00032678253833005394
10.539745,1,158.086831,True,0.027040143100134847,False,False,0.009526101347205019,0.0003266917738366088
10.448317,1,158.086831,True,0.029580725600923084,False,False,0.009951598105000785,0.0003268446763791608
10.441396,1,158.086831,True,0.029754977375123566,False,False,0.014234010266883874,0.0003266368011350435
10.361327,1,158.086831,True,0.03212204339350254,False,False,0.014825638066001158,0.00032682819948473145
9.5833645,1,159.285168,True,0.06464834234378233,False,False,0.009855382377756731,0.00032611120052291454
10.260723,1,159.285168,True,0.03537139372338125,False,False,0.003534770650328968,0.00032678546711891875
10.330472,1,159.285168,True,0.033143948177609205,False,False,0.003221381964499593,0.00032678236395470954
10.263352,1,159.285168,True,0.03526652879233739,False,False,0.006399804023456723,0.000326740985762583
10.483997,1,159.285168,True,0.028584117365909118,False,False,0.007386753218937002,0.0003268183375105735
10.081614,1,159.285168,True,0.04161304470934367,False,False,0.009261625110331866,0.00032677742008498984
10.835466,1,159.285168,True,0.019751087388400573,False,False,0.012061121034846854,0.0003267760159429757
10.270645,1,159.285168,True,0.03501177256280483,False,False,0.00899417236482626,0.0003266910854881232
10.256123,1,160.480863,True,0.03545064497749308,False,False,0.014460651252969903,0.00032732809165682486
10.249861,1,160.480863,True,0.03567809683291244,False,False,0.011224137238953932,0.00032685247035713424
10.30291,1,160.480863,True,0.0339817418523345,False,False,0.007906534584856932,0.00032615955966533336
10.631652,1,160.480863,True,0.024642432047583228,False,False,0.007711918657457273,0.0003267793736216361
10.484055,1,160.480863,True,0.02858016654954357,False,False,0.007807209831819458,0.000326741869947068
10.146605,1,160.480863,True,0.039186150509270476,False,False,0.01612822821053433,0.0003267439059316983
10.04919,1,160.480863,True,0.04281999401413788,False,False,0.012534014821570702,0.0003268323656483404
10.141411,1,160.480863,True,0.03942065475497631,False,False,0.009284123751537927,0.00032680313456951327
10.401906,1,161.699446,True,0.03092515788735311,False,False,0.011287994208213298,0.0003267990568555807
10.370333,1,161.699446,True,0.03185232948797963,False,False,0.014238969735162522,0.0003267609745364533
10.49859,1,161.699446,True,0.028150307825772037,False,False,0.012285033195208843,0.0003268213434050055
10.169631,1,161.699446,True,0.0384381101183581,False,False,0.006784116708529064,0.00032676544161639766
-3.5861585,1,161.699446,False,0.35847930970582526,False,False,0.0068914365554364025,0.00032816542366770503
9.82909,1,161.699446,True,0.05209881416276178,False,False,0.010740658937033968,0.00032621242431374537
10.435639,1,161.699446,True,0.029953949645020548,False,False,0.00855146195599573,0.00032620478422252467
9.73418,1,161.699446,True,0.056685982091566944,False,False,0.0062208312811085015,0.00032543196467034376
10.301147,1,162.932401,True,0.03403934666415332,False,False,0.007659145690688966,0.00032675209549700676
10.571882,1,162.932401,True,0.0261767410012342,False,False,0.01056278420145676,0.0003267766310342869
10.549063,1,162.932401,True,0.026795692860625112,False,False,0.008383345382666477,0.0003268406554513873
9.367382,1,162.932401,True,0.07793118158782948,False,False,0.010973252208692963,0.0003254537024375083
10.451695,1,162.932401,True,0.02949934754522528,False,False,0.00725973653327186,0.0003267324534288075
10.5637865,1,162.932401,True,0.026360827211438388,False,False,0.01627402973420063,0.0003268404466968898
10.5329275,1,162.932401,True,0.02723261602607403,False,False,0.008026068051292471,0.0003267190737591628
10.549616,1,162.932401,True,0.02677373898696608,False,False,0.009710810857467063,0.00032684867603662406
10.355509,1,164.156316,True,0.032274868565034344,False,False,0.018862569223677506,0.0003267976616956284
10.686076,1,164.156316,True,0.023274857809874552,False,False,0.009099607775234686,0.0003267550812584101
9.933571,1,164.156316,True,0.04746565401486151,False,False,0.014109763462086592,0.0003268448253253571
10.676779,1,164.156316,True,0.023508624119356107,False,False,0.008167897551329016,0.0003267021801436887
10.527039,1,164.156316,True,0.027380656928599163,False,False,0.010209120386627591,0.00032624897339455936
10.24384,1,164.156316,True,0.035887462432952856,False,False,0.009686422666921416,0.00032670497755217043
10.222944,1,164.156316,True,0.036573236178446406,False,False,0.011553272469238875,0.000326787262138536
10.327624,1,164.156316,True,0.03320474632429273,False,False,0.007713495886999687,0.00032673579487428996
10.162216,1,165.427744,True,0.038663394838069395,False,False,0.01182004803224041,0.00032675413030599674
10.386699,1,165.427744,True,0.03141744180971879,False,False,0.004654115571840063,0.00032618419581626834
10.4791,1,165.427744,True,0.02868353747297662,False,False,0.014141788760723107,0.000326830897817501
10.064506,1,165.427744,True,0.04227441123277498,False,False,0.007267625140027044,0.0003267517889808469
10.7168045,1,165.427744,True,0.0225464798206311,False,False,0.005004773330569255,0.0003267746337893862
10.437105,1,165.427744,True,0.02989353395790348,False,False,0.011671823767142781,0.0003261497591231154
10.316253,1,165.427744,True,0.03358117218302499,False,False,0.004525096691188054,0.00032681143407147634
10.40356,1,165.427744,True,0.030853393422636093,False,False,0.015154410224822256,0.0003266704680383676
10.2525015,1,166.917918,True,0.0356262590421208,False,False,0.005881450595846687,0.000326177408988694
9.6121,1,166.917918,True,0.06303664305453753,False,False,0.010739184612752492,0.00032549689676665067
10.257477,1,166.917918,True,0.03542990550989504,False,False,0.010845345438565043,0.00032677702578749686
10.208952,1,166.917918,True,0.037069758482824254,False,False,0.008183855801256797,0.00032672703829983804
10.28472,1,166.917918,True,0.03448536065466438,False,False,0.020043281543858992,0.00032678286916142454
10.625823,1,166.917918,True,0.024768546230908066,False,False,0.012097570789762454,0.00032630109873295327
10.109966,1,166.917918,True,0.04053371470872477,False,False,0.012972633927848596,0.00032675594031414325
10.580162,1,166.917918,True,0.02598054500710621,False,False,0.0063935203795598885,0.00032615319290995914
10.589057,1,168.128372,True,0.02572336580158335,False,False,0.01099103486956638,0.0003267296767430419
10.247637,1,168.128372,True,0.035804018566566384,False,False,0.00329967045476375,0.000326788726565964
10.245379,1,168.128372,True,0.03586735404094083,False,False,0.0050238824825688845,0.0003267531067979196
10.29471,1,168.128372,True,0.03425722240510504,False,False,0.005682990774059813,0.0003267551350977424
9.842681,1,168.128372,True,0.05147066500818382,False,False,0.011462358451672584,0.0003261817684056149
10.314594,1,168.128372,True,0.033603523011261155,False,False,0.009266902716633581,0.0003267555601506399
10.36377,1,168.128372,True,0.03206762049877299,False,False,0.011559720911374012,0.00032684611921479325
10.368809,1,168.128372,True,0.03196094637775813,False,False,0.00393195583735585,0.00032678544199155496
10.338968,1,169.336403,True,0.03285518621040214,False,False,0.007217970461787622,0.00032672643819618637
10.585008,1,169.336403,True,0.025806662032162055,False,False,0.015312106120209952,0.00032667409070847594
-5.557126,1,169.336403,False,0.5556316731466201,False,False,0.004047826644142114,0.0003283486750997298
10.447565,1,169.336403,True,0.029620411449826283,False,False,0.006790328071710845,0.00032675413533390875
10.486933,1,169.336403,True,0.028447947634735196,False,False,0.0170638286045887,0.00032677297282781307
9.072896,1,169.336403,True,0.09980531550369698,False,False,0.00431642466079551,0.00032201907592675685
-1.8676976,1,169.336403,False,0.1870171731000651,False,False,0.007246792629897064,0.00032724695341942414
10.418818,1,169.336403,True,0.03044218962082513,False,False,0.008763773229732366,0.0003267338404537823
10.542671,1,170.617745,True,0.026970586917578216,False,False,0.0078000146507286134,0.00032679415462140665
-0.9462614,1,170.617745,False,0.10131045975664045,False,False,0.0072761728399858136,0.00032486310091629826
10.505223,1,170.617745,True,0.027969722698940637,False,False,0.011776163053454114,0.00032688046889616353
10.2606125,1,170.617745,True,0.03534753985899098,False,False,0.007724020582420437,0.0003267940017468779
10.431179,1,170.617745,True,0.03007630998509521,False,False,0.00974027089022204,0.0003267654009816422
10.456406,1,170.617745,True,0.029328549579847745,False,False,0.013602299729318007,0.0003267946576037838
10.503645,1,170.617745,True,0.0279643283608609,False,False,0.020644413993130047,0.00032618324067941305
10.220397,1,170.617745,True,0.036678323315921954,False,False,0.00870113016475804,0.0003268584578928942
9.904196,1,171.867674,True,0.04872365568863122,False,False,0.013685966781301734,0.00032679527529709193
10.733601,1,171.868674,True,0.02213772333742872,False,False,0.0061655793315446294,0.0003267761647414067
10.470246,1,171.868674,True,0.028952848695595956,False,False,0.010597927495497806,0.00032619953171601524
10.2514105,1,171.868674,True,0.03562462108363203,False,False,0.011580602436312688,0.00032679948927264303
10.912231,1,171.868674,True,0.018098754144267988,False,False,0.003983401332925533,0.0003268027220025679
-3.5164585,1,171.868674,False,0.3514659498118332,False,False,0.009077258714035674,0.00032806265423420783
10.768418,1,171.868674,True,0.021296150155311507,False,False,0.010174499612696668,0.0003268240386771652
10.358449,1,171.868674,True,0.0322389383948919,False,False,0.01004563691341999,0.0003267237083002587
10.405068,1,173.235126,True,0.03085901223603133,False,False,0.0066576201749344545,0.00032619822962386174
-3.3921003,1,173.235126,False,0.33904908122666266,False,False,0.008171293361133335,0.00032816962624355404
10.648176,1,173.235126,True,0.024215908734337894,False,False,0.0093914170606134,0.0003261635868849269
10.85578,1,173.235126,True,0.019283273517761015,False,False,0.015244184944803648,0.0003268734769927291
10.290407,1,173.235126,True,0.03437590559869657,False,False,0.00865926596896468,0.000326707042408347
10.467938,1,173.235126,True,0.029032460295663375,False,False,0.008061631424421671,0.0003268192490132242
10.888532,1,173.235126,True,0.018605400838356836,False,False,0.005547114335466587,0.0003268042666216187
10.376832,1,173.235126,True,0.031699576515631135,False,False,0.007034495782707402,0.00032674695522592466
10.368058,1,174.4781,True,0.03197165169647766,False,False,0.00591731205693078,0.00032681835798370435
10.238198,1,174.4781,True,0.03605756356308309,False,False,0.012300840927891635,0.00032677861845305006
9.682373,1,174.4781,True,0.05930337031411487,False,False,0.00811189012283655,0.00032682298193550274
10.43458,1,174.4781,True,0.029972027023552672,False,False,0.010725814791466764,0.0003267604995357722
10.047585,1,174.4781,True,0.0428528222678546,False,False,0.01629296999618633,0.0003261147442305091
-3.2190695,1,174.4781,False,0.3216202845075017,False,False,0.014553768940833196,0.00032814161137827456
10.450214,1,174.4781,True,0.02952852003506573,False,False,0.009571221465148883,0.0003267302648588827
10.434046,1,174.4781,True,0.02999616347397951,False,False,0.009228194943698727,0.0003268498097880898
10.309708,1,175.955507,True,0.03372951657614774,False,False,0.01372666151421963,0.0003267765100567003
10.398915,1,175.955507,True,0.03105813625145373,False,False,0.0038170673157893243,0.00032679916791689514
10.648371,1,175.955507,True,0.02422275459161031,False,False,0.00705649870562776,0.00032672805682867185
9.707518,1,175.955507,True,0.05794411316404328,False,False,0.014553289415017497,0.00032614378850038725
10.471384,1,175.955507,True,0.028951063620153646,False,False,0.00522172543984755,0.0003268111120403149
-2.381516,1,175.955507,False,0.23792365084423106,False,False,0.014992969382960864,0.0003183821689530556
10.681843,1,175.955507,True,0.02339279495130882,False,False,0.006308423581795343,0.00032676031167873956
10.592071,1,175.955507,True,0.02563112775011645,False,False,0.0135983593124503,0.00032672019360260754
10.366128,1,177.320095,True,0.032023374526581584,False,False,0.0070492299561732575,0.0003268127144228869
10.490763,1,177.320095,True,0.0283741515283871,False,False,0.011144716184874726,0.0003267682970421089
-6.6415277,1,177.320095,False,0.6639626864848567,False,False,0.009503942120337705,0.00032835626074134065
9.278082,1,177.320095,True,0.08401795946688684,False,False,0.016431002767006413,0.00032048158581517513
10.670803,1,177.320095,True,0.023628324260399007,False,False,0.013871308720959659,0.00032682986097067897
9.512884,1,177.320095,True,0.06873261793081961,False,False,0.010511850832118566,0.0003254275508586782
-3.7363634,1,177.320095,False,0.3734707407534223,False,False,0.008318926329687715,0.000328389528670647
10.280132,1,177.320095,True,0.03464895505077151,False,False,0.017573979277617915,0.0003268166573020087
10.200074,1,178.61506,True,0.037367538034178055,False,False,0.008976823190398331,0.000326770123258791
10.33039,1,178.61506,True,0.03310276506221292,False,False,0.010241542405623522,0.00032675549356065515
9.9672985,1,178.61506,True,0.04610012998130337,False,False,0.00946015391289173,0.0003261911004802404
10.334855,1,178.61506,True,0.033003585521934456,False,False,0.0038581048787492468,0.00032676631625906444
10.6756315,1,178.61506,True,0.02353879237862698,False,False,0.0078041983627744034,0.0003267789328122506
-2.307306,1,178.61506,False,0.2305040067299954,False,False,0.015933814397025247,0.00032784354708488697
10.31094,1,178.61506,True,0.03371446934226843,False,False,0.009951925650053584,0.00032669194025054614
9.193486,1,178.61506,True,0.09036815070771659,False,False,0.005958619508788136,0.00032541668462404607
9.807288,1,179.877633,True,0.05313489194120139,False,False,0.008165480515817874,0.0003261484191831304
9.735954,1,179.877633,True,0.056558880860489845,False,False,0.010125249919638419,0.00032543626580968526
10.51688,1,179.877633,True,0.02765572680777239,False,False,0.010607010493516885,0.0003267332454550922
10.4628935,1,179.877633,True,0.029129435345194573,False,False,0.01617275410930732,0.000326202013299257
-4.910739,1,179.878634,False,0.4908229069871203,False,False,0.012550418822518793,0.00032843528819803734
10.434939,1,179.878634,True,0.029908889054683314,False,False,0.01984223837321612,0.00032682953293019455
10.004482,1,179.878634,True,0.0445323131314256,False,False,0.017329930367328713,0.0003261868932869883
10.523253,1,179.878634,True,0.027488291233491075,False,False,0.009375946206112594,0.0003261394537859181
10.272145,1,181.119895,True,0.03497925210491403,False,False,0.006498075323228756,0.00032677550454321305
10.619718,1,181.119895,True,0.024942968229235845,False,False,0.008514065622334832,0.00032671821482045855
-1.0162443,1,181.119895,False,0.10706800151852292,False,False,0.009680533854504188,0.0003240836369012969
10.28357,1,181.119895,True,0.034578383949047845,False,False,0.011334428037647937,0.0003262372892226493
10.429854,1,181.119895,True,0.030071157364360154,False,False,0.01724724061890457,0.0003267241216190532
9.768264,1,181.119895,True,0.05501438271861476,False,False,0.005990610014584938,0.0003254729204531271
10.1472025,1,181.119895,True,0.039215910508875525,False,False,0.008964250884689407,0.0003267692357406649
9.97757,1,181.119895,True,0.04570032917244757,False,False,0.00695177884074112,0.00032610071195928174
9.256524,1,182.378409,True,0.08564493735389125,False,False,0.010786987226641913,0.0003255325618565129
10.020008,1,182.378409,True,0.04395394998281635,False,False,0.012738925462636918,0.0003261454401746934
10.338554,1,182.378409,True,0.032846002382647246,False,False,0.010771444801078996,0.0003268149794534511
10.431259,1,182.378409,True,0.030070884804142144,False,False,0.010272548016506103,0.0003267494552111205
10.491931,1,182.378409,True,0.028359183084477678,False,False,0.007989839859139309,0.00032679221544021874
10.266281,1,182.378409,True,0.035129424004625286,False,False,0.012750826481395717,0.0003268400917098354
10.344328,1,182.378409,True,0.032650474081406144,False,False,0.013555278143857567,0.0003268031376416936
10.299207,1,182.378409,True,0.034096698427864745,False,False,0.008355028300681326,0.0003261277167499364
10.4621,1,183.601828,True,0.02916723984102521,False,False,0.013483441425245565,0.00032676575110989067
10.471164,1,183.601828,True,0.02893687447241011,False,False,0.008834790858009317,0.000326770851957884
10.751859,1,183.601828,True,0.021690698657189752,False,False,0.008998420605489228,0.00032620541828035164
10.353661,1,183.601828,True,0.03240869572945418,False,False,0.006231992673538731,0.00032675335407324825
10.031598,1,183.601828,True,0.04350547608404356,False,False,0.012009118657534783,0.0003261333864318585
10.160749,1,183.601828,True,0.03871483035454932,False,False,0.011859249111765637,0.0003269204263573105
10.590278,1,183.601828,True,0.02571285243310949,False,False,0.006897928325091878,0.0003267811059267403
10.282002,1,183.601828,True,0.03460520600088025,False,False,0.015012100278183706,0.0003261550998796367
10.336848,1,184.821731,True,0.03288795708806348,False,False,0.012525422219504614,0.0003268227708725507
10.331433,1,184.821731,True,0.033058827240995396,False,False,0.012081460641688265,0.00032678471625989937
9.62069,1,184.821731,True,0.0625983401381093,False,False,0.007699781568975708,0.00032610372231327934
10.259269,1,184.821731,True,0.035386274549604635,False,False,0.008536183337288816,0.00032612877488539567
10.342082,1,184.821731,True,0.03275596636797433,False,False,0.007688154571483631,0.0003267748410452863
10.055611,1,184.821731,True,0.042567625803593565,False,False,0.01331583512893009,0.0003261962677084708
9.452858,1,184.821731,True,0.0724052877803642,False,False,0.01045308686499703,0.0003254616480964248
10.594281,1,184.821731,True,0.025552921555916482,False,False,0.017561700210673947,0.00032675421932354176
9.770802,1,186.003469,True,0.05488744637748709,False,False,0.006428360206105141,0.0003261494945385031
10.099442,1,186.003469,True,0.040935367711464735,False,False,0.011074940070413365,0.0003262083440689434
10.549383,1,186.003469,True,0.026780453097753756,False,False,0.00962155367972521,0.00032674498086257493
10.319852,1,186.003469,True,0.033391207212237296,False,False,0.01676483804439078,0.0003267842991788785
10.076153,1,186.003469,True,0.04184592422826361,False,False,0.00560895229920133,0.00032680150699980845
10.339018,1,186.003469,True,0.03285281777479705,False,False,0.0073510820916036414,0.00032676708572544524
10.6449375,1,186.003469,True,0.024293855850853936,False,False,0.010112729428951747,0.0003267431860607809
10.015192,1,186.003469,True,0.04417548657613746,False,False,0.008740160993995216,0.00032667540781016396
10.420966,1,187.257061,True,0.030315109181162755,False,False,0.019771701857540142,0.00032680261247409955
9.965629,1,187.257061,True,0.046198595369469,False,False,0.005840187173983134,0.00032612970792277935
10.391301,1,187.257061,True,0.031268443960605005,False,False,0.006562833875563112,0.00032685120472139605
10.891296,1,187.257061,True,0.01852637815550727,False,False,0.009862804324791712,0.00032676845581237847
10.593937,1,187.257061,True,0.025571980245610814,False,False,0.01562170472759706,0.00032682848987453713
10.325056,1,187.257061,True,0.03327633703699367,False,False,0.009095202519250285,0.00032686316145669067
10.121056,1,187.257061,True,0.0401467977236918,False,False,0.010484757413255595,0.00032614158375479684
10.63739,1,187.257061,True,0.024506745616307755,False,False,0.005739149107392841,0.0003267243962959554
10.085257,1,188.43948,True,0.04137007421330179,False,False,0.023507656328606585,0.0003267743074919145
10.469464,1,188.43948,True,0.02897328104509928,False,False,0.010890292714490862,0.0003267429893543349
10.624947,1,188.43948,True,0.024796600073324675,False,False,0.010985649806759113,0.00032674803639296326
9.199239,1,188.43948,True,0.08991196475662562,False,False,0.007543758563384256,0.00032482444596855194
10.205097,1,188.43948,True,0.03716043581143798,False,False,0.014151481514351723,0.0003266966177176102
10.719494,1,188.43948,True,0.022454412152465488,False,False,0.010657698611403707,0.0003268512915435887
10.637403,1,188.43948,True,0.0244840910168998,False,False,0.010147387642244857,0.00032675499610967197
10.4184065,1,188.43948,True,0.030450260703409202,False,False,0.00944561969627088,0.0003267189218876721
10.6574745,1,189.655888,True,0.023970556241855102,False,False,0.01180175326452323,0.00032678178463776725
10.585524,1,189.655888,True,0.02581525993281634,False,False,0.011085944909196751,0.0003266933584490685
-0.96832997,1,189.655888,False,0.10303896050000579,False,False,0.012074456911476242,0.0003248207109547876
10.309259,1,189.655888,True,0.03376785551341634,False,False,0.00990333639912957,0.0003268097200244647
10.636183,1,189.655888,True,0.02451821515055917,False,False,0.009513575248779884,0.00032668802200222014
10.648401,1,189.655888,True,0.024232562858058453,False,False,0.004959480992253021,0.00032675647163113615
9.982499,1,189.655888,True,0.045501487543749664,False,False,0.006741913024265645,0.0003261131618115876
10.79441,1,189.655888,True,0.020697110803886278,False,False,0.009341820263651579,0.0003267336828395661
9.816469,1,190.929765,True,0.05273788392091766,False,False,0.0047763139471951035,0.00032611140993323625
10.348146,1,190.929765,True,0.0325556193098357,False,False,0.009869578275515958,0.00032675675078560755
10.2565565,1,190.929765,True,0.03548198341110391,False,False,0.007518125065096472,0.00032671760634666897
10.494325,1,190.929765,True,0.02829411213216427,False,False,0.007715767872542386,0.0003267863051736819
10.336523,1,190.929765,True,0.03292479609100947,False,False,0.008211799488850641,0.0003268544456725626
10.708547,1,190.929765,True,0.02273104331024069,False,False,0.008139805437458427,0.000326793168881062
10.132787,1,190.929765,True,0.03975469704732999,False,False,0.005944454098831724,0.00032620948140179315
10.355072,1,190.929765,True,0.03235166019739886,False,False,0.008490628218917636,0.00032685749712096403
10.482603,1,192.242998,True,0.02862392414590303,False,False,0.0072553923697104864,0.00032676815340008063
10.696479,1,192.242998,True,0.023040680802429773,False,False,0.004866184961390591,0.0003267429422506384
10.669686,1,192.242998,True,0.02367479069894534,False,False,0.010093572902121527,0.0003267027279328524
9.235167,1,192.242998,True,0.08724450564462814,False,False,0.007706230185831457,0.00031828910328734767
9.184687,1,192.242998,True,0.09099003238469922,False,False,0.008772349712341405,0.0003205123614019379
10.52201,1,192.242998,True,0.027515359940324564,False,False,0.010632735201863404,0.00032680039724795337
10.568222,1,192.242998,True,0.026280810797210938,False,False,0.009188644963782848,0.0003261764105880645
10.063363,1,192.242998,True,0.042291605649529364,False,False,0.010718933293366302,0.0003267444345293447
9.104468,1,193.615473,True,0.09714142896546761,False,False,0.012989375740925522,0.0003182870973970157
10.063157,1,193.616473,True,0.042317230233459076,False,False,0.008385997953467055,0.0003260957447232572
10.270234,1,193.616473,True,0.035043507935656935,False,False,0.006173205383230717,0.00032678431163425187
9.896248,1,193.616473,True,0.0490455115332351,False,False,0.016301948111689623,0.0003261972251627057
10.327156,1,193.616473,True,0.033239802792442076,False,False,0.004439062852682416,0.00032681930950085274
10.536017,1,193.616473,True,0.027129410317138572,False,False,0.011638527573600906,0.000326805576868126
10.484339,1,193.616473,True,0.028577005601648314,False,False,0.006953085283178341,0.000326755134470292
10.696228,1,193.616473,True,0.02303535639311941,False,False,0.007211252625586245,0.00032674907688307156
10.533947,1,194.822603,True,0.027175907989014828,False,False,0.013394428935071357,0.00032622046187172837
10.554049,1,194.822603,True,0.026672598595406716,False,False,0.006437133084506607,0.0003268167986924134
-1.0178442,1,194.822603,False,0.10722765166238267,False,False,0.008201744180281734,0.00032479675305800725
10.278238,1,194.822603,True,0.034758291322837885,False,False,0.010115444056783508,0.0003267231072659288
10.552075,1,194.822603,True,0.026707870796196388,False,False,0.00970814513870663,0.00032684724904503135
10.25101,1,194.822603,True,0.03569867605113257,False,False,0.002363340679741454,0.00032616821573325846
10.43906,1,194.822603,True,0.02987109318641241,False,False,0.005780573850689036,0.00032677827722410197
-4.557156,1,194.822603,False,0.4554805686232164,False,False,0.011755645537801122,0.0003283787792840442
10.60524,1,196.043769,True,0.02529695807883556,False,False,0.012129582067520865,0.00032675788143987666
10.479174,1,196.043769,True,0.028724519151869007,False,False,0.006481558636256602,0.0003267158452267692
10.383452,1,196.043769,True,0.03150012241286138,False,False,0.007093702499453463,0.0003268385008246695
10.57204,1,196.043769,True,0.026172746897141188,False,False,0.010532466412762434,0.00032617854462056164
10.426208,1,196.043769,True,0.030214937514797667,False,False,0.01074674435120473,0.0003267134717721899
10.556966,1,196.043769,True,0.02657597522336393,False,False,0.009942294046886464,0.0003267998253590137
10.6698,1,196.043769,True,0.023704799921325702,False,False,0.003480868586063631,0.00032671669953235994
10.275556,1,196.043769,True,0.03479857403528874,False,False,0.017301837761920787,0.0003267876573932761
10.33872,1,197.249283,True,0.03283063906455141,False,False,0.012423862323854905,0.0003267267373660401
10.299234,1,197.249283,True,0.034118276372327734,False,False,0.004830902674021878,0.0003267858095017393
10.492673,1,197.249283,True,0.02832272138508155,False,False,0.010828834511605046,0.00032621261873898614
-2.5534966,1,197.249283,False,0.255258842420141,False,False,0.006557743994018344,0.00032817596006195793
10.509169,1,197.249283,True,0.027853799771775753,False,False,0.013086309360713281,0.00032673271463003916
10.129107,1,197.249283,True,0.03987478866009749,False,False,0.007721405708185078,0.00032677640014064504
9.235566,1,197.249283,True,0.08710310877095595,False,False,0.015358196025134807,0.0003254082717725581
-2.9152217,1,197.249283,False,0.29139563338689756,False,False,0.0069312333659929115,0.00032818124901885375
10.405921,1,198.423073,True,0.03083427509353985,False,False,0.00658271427098618,0.00032671107956115474
10.1083145,1,198.423073,True,0.04059781375236606,False,False,0.012500142238815652,0.0003267042317632149
10.270073,1,198.423073,True,0.035001983971498854,False,False,0.013361955153453457,0.0003267777808915416
10.619009,1,198.423073,True,0.02494274658639894,False,False,0.012101899402660543,0.0003268238593127031
10.440695,1,198.424074,True,0.029825243762657383,False,False,0.005552707781241196,0.00032607568233286355
10.552367,1,198.424074,True,0.02668954574607691,False,False,0.011677607113881576,0.00032685894814489
10.297183,1,198.424074,True,0.03416420236591428,False,False,0.007885447177900089,0.00032678414681748064
-2.460052,1,198.424074,False,0.24577710787945017,False,False,0.014171598176709689,0.0003277546406410082
10.355168,1,199.649385,True,0.03235761819161056,False,False,0.00703510797817994,0.00032613469627582986
-2.200253,1,199.649385,False,0.21980130878282367,False,False,0.01777716993728771,0.00032773593325618653
9.775839,1,199.649385,True,0.0546288463342437,False,False,0.008062587506881807,0.00032620388971875473
10.725532,1,199.649385,True,0.022300423726551874,False,False,0.012515692622338847,0.00032672596549473254
10.260596,1,199.649385,True,0.035257171595054995,False,False,0.021611998068335827,0.00032679049866043806
10.276644,1,199.649385,True,0.034806617090698364,False,False,0.01061937925135965,0.00032610967989540136
10.568324,1,199.649385,True,0.026293963951161792,False,False,0.006196075956183079,0.0003267257612650428
10.566837,1,199.649385,True,0.02630885731743628,False,False,0.010820600254141737,0.0003261727582791165
10.523678,1,200.885775,True,0.02748844822398118,False,False,0.007223225447309957,0.0003261775849088202
9.096235,1,200.885775,True,0.09785475122553815,False,False,0.009272072825546167,0.00032488503544370664
10.272792,1,200.885775,True,0.034956886238993984,False,False,0.006704889837410427,0.000326154077907296
10.54855,1,200.885775,True,0.026812370580142512,False,False,0.007839490247551732,0.00032678272508788477
10.543718,1,200.885775,True,0.02691935390013056,False,False,0.01207992440320879,0.00032682942604231454
-1.0450257,1,200.885775,False,0.10954217269706185,False,False,0.007565876420457865,0.0003248586152855827
10.044173,1,200.885775,True,0.04301722823863148,False,False,0.0120300414374655,0.0003261223476058683
10.806653,1,200.885775,True,0.020419996387602165,False,False,0.008526895830805407,0.0003267251402628767
10.339882,1,202.466306,True,0.03283412557389414,False,False,0.006052384666607591,0.00032681210109366485
10.396483,1,202.466306,True,0.03108544797981454,False,False,0.011379885503699698,0.00032678087976996845
10.357976,1,202.466306,True,0.03227060163428428,False,False,0.007225098174107489,0.00032620605926385115
10.489941,1,202.466306,True,0.02838786623114987,False,False,0.012798291113353911,0.00032614614658634336
10.564636,1,202.466306,True,0.026372125041835323,False,False,0.009898948238564648,0.0003267372521672942
10.316368,1,202.466306,True,0.03348594876499553,False,False,0.019087875296913692,0.00032674507597578136
10.353796,1,202.466306,True,0.03238080804007146,False,False,0.010107396896479418,0.00032619241832505173
10.079742,1,202.466306,True,0.041698611605724224,False,False,0.007224748477819199,0.0003261663079835611
10.24434,1,203.987875,True,0.03583654837926533,False,False,0.014867715557370787,0.00032608701541209925
10.5109625,1,203.987875,True,0.027801854228277866,False,False,0.013559589392472133,0.0003267310143127821
10.538585,1,203.987875,True,0.027068038283993633,False,False,0.010163058729686229,0.00032675318141163283
9.206498,1,203.987875,True,0.08932720968521214,False,False,0.010308868139079044,0.00032484207201834
10.4481325,1,203.987875,True,0.029589027292886906,False,False,0.009421002067964533,0.0003267920681941442
10.148876,1,203.987875,True,0.039139737874863405,False,False,0.01128474203978019,0.00032610664270106375
10.746486,1,203.987875,True,0.021807310141298542,False,False,0.011210424827956941,0.0003267390481029714
9.223966,1,203.987875,True,0.08804569955567335,False,False,0.009271905438632383,0.0003191010506080474
10.245994,1,205.363183,True,0.03583796315953723,False,False,0.006387646160687362,0.00032677747725429527
10.904286,1,205.363183,True,0.018254586509305438,False,False,0.007577049012859859,0.000326808672963345
9.478101,1,205.363183,True,0.07080504406782592,False,False,0.013286730566215047,0.0003254310426461303
10.604487,1,205.363183,True,0.025334680340734186,False,False,0.008597848428731403,0.0003268214537955507
10.295039,1,205.363183,True,0.03421697145983066,False,False,0.010339093240607526,0.0003268073805963829
10.233475,1,205.363183,True,0.03619043993550226,False,False,0.015989229398775007,0.0003267068702468509
10.113581,1,205.363183,True,0.040418595211486864,False,False,0.010611528735281242,0.00032676603689766085
9.488085,1,205.363183,True,0.07022389858563542,False,False,0.010891856224895498,0.00032674542319185176
-3.7304614,1,206.863107,False,0.3728555745746188,False,False,0.009568238063302691,0.00032825331103731686
10.597334,1,206.863107,True,0.025531605473885877,False,False,0.006397343559373583,0.00032679505240833603
10.248251,1,206.863107,True,0.03570901859637015,False,False,0.014591277748719782,0.00032678729528996906
10.231373,1,206.863107,True,0.036320173443339425,False,False,0.007095989936250766,0.00032679328009491197
10.056445,1,206.863107,True,0.042608451316023754,False,False,0.0038124699031156016,0.0003261290713244425
9.181346,1,206.863107,True,0.09128486095067531,False,False,0.00602693707311542,0.00032550946447943764
10.65178,1,206.863107,True,0.024102515421061635,False,False,0.013933204861749182,0.0003267416610327713
10.232383,1,206.863107,True,0.036285845021703796,False,False,0.007174245374607959,0.0003267852982452802
10.518615,1,208.4849,True,0.027591233994489713,False,False,0.013717352941820533,0.0003268654287882447
10.419297,1,208.4849,True,0.030443838939094508,False,False,0.006088624675583376,0.0003267981687743159
10.246676,1,208.4849,True,0.03577560515289306,False,False,0.012391873000473256,0.0003269026184923135
10.231627,1,208.4849,True,0.036255143572891245,False,False,0.015538528230818157,0.00032611969685794563
10.273275,1,208.4849,True,0.034899978742536995,False,False,0.013056621676235924,0.0003267553795194392
10.039542,1,208.485899,True,0.04320982380497786,False,False,0.010299607019291022,0.00032676717459708646
10.147047,1,208.485899,True,0.03920494737028647,False,False,0.01127976791055966,0.0003268554587866103
10.887334,1,208.485899,True,0.01863707692776364,False,False,0.004275588625328892,0.00032675835786557443
10.810982,1,209.983744,True,0.02031522793748328,False,False,0.009833825591037303,0.000326811000273116
9.664223,1,209.983744,True,0.06021777285120929,False,False,0.011559893543157935,0.0003268536686160805
10.308435,1,209.983744,True,0.033816346682146545,False,False,0.006357086448553321,0.00032679323928370816
10.502219,1,209.983744,True,0.02806197561150781,False,False,0.010099368173574512,0.0003267880813608214
10.423083,1,209.983744,True,0.030297953275832408,False,False,0.012123258747496712,0.0003267584761780211
10.506622,1,209.983744,True,0.02795539863283606,False,False,0.0073750767642973,0.0003267692395204606
9.772032,1,209.983744,True,0.05480953335969581,False,False,0.008344707501688087,0.0003261397202383122
10.44753,1,209.983744,True,0.02955932566444055,False,False,0.017614382277839197,0.00032683764660117903
10.288873,1,211.611052,True,0.03436464756348985,False,False,0.01809208375607202,0.00032683853205314566
-4.288138,1,211.611052,False,0.42855114096424063,False,False,0.013137672933111152,0.0003283419094181793
-2.8592112,1,211.611052,False,0.28561198516624137,False,False,0.01619024733956274,0.00032811609827131273
10.573276,1,211.611052,True,0.026121616717021272,False,False,0.014041004364530773,0.00032675582131151606
9.848844,1,211.611052,True,0.051254123971914985,False,False,0.004501932074865993,0.00032618555351017465
9.627234,1,211.612051,True,0.06225489673210291,False,False,0.006444405661154716,0.0003261197133146546
9.805059,1,211.612051,True,0.053194914734786124,False,False,0.01290539593289943,0.0003267649596220579
10.369731,1,211.612051,True,0.0318777990994462,False,False,0.013040312730044475,0.00032673951880233545
10.62124,1,213.22944,True,0.024904779138396407,False,False,0.008359087153082543,0.0003267800606332205
9.578936,1,213.230441,True,0.06486399735121291,False,False,0.012916065157953809,0.00032548126176761325
10.620702,1,213.230441,True,0.02490475364920354,False,False,0.011057033604782272,0.0003268141087724303
9.860321,1,213.230441,True,0.050685164557715115,False,False,0.010243405912584375,0.00032605787977449564
10.46617,1,213.230441,True,0.029062310775528316,False,False,0.011627128966594957,0.00032614588402436577
-1.0302136,1,213.230441,False,0.1083415893762481,False,False,0.00413208366209845,0.000324762399487131
10.246233,1,213.230441,True,0.03580187083487141,False,False,0.010642104769267096,0.0003261262723187228
10.639641,1,213.230441,True,0.02441449591164789,False,False,0.012705337914800392,0.0003267649876478091
10.663769,1,214.7463,True,0.023823783425019937,False,False,0.009726252821826742,0.0003267106739192507
10.407197,1,214.7463,True,0.03081371042834753,False,False,0.0036808169860564704,0.00032677202661218936
9.610226,1,214.7463,True,0.06313888979493294,False,False,0.010833771320520059,0.0003255494020730331
10.203779,1,214.7463,True,0.0372565278575681,False,False,0.006673144731771542,0.00032612110521330136
10.146942,1,214.7463,True,0.03925389162781147,False,False,0.004944152568073836,0.0003261198086396154
10.252678,1,214.7463,True,0.035597264474491776,False,False,0.009398145175429877,0.00032686587128506495
9.190633,1,214.7463,True,0.09048273347421601,False,False,0.012620889177706809,0.0003249059341528119
10.382675,1,214.7463,True,0.0314957627025816,False,False,0.011708213728644027,0.00032680798540153373
10.371202,1,216.265691,True,0.03185519186322581,False,False,0.009419525492228121,0.00032678098468482715
10.81745,1,216.265691,True,0.02016631612389455,False,False,0.010221562898607586,0.00032682974181064074
9.35284,1,216.265691,True,0.07882779783255858,False,False,0.01692715993801221,0.00032617284319296945
10.593744,1,216.265691,True,0.02560649535481313,False,False,0.009958609923257516,0.000326675517213394
10.18588,1,216.265691,True,0.03786628113765956,False,False,0.007569961182516215,0.00032671801488800244
10.68379,1,216.265691,True,0.023335420448180856,False,False,0.008218109997602929,0.0003267613569216528
10.664205,1,216.265691,True,0.023790273307044463,False,False,0.014276157195287426,0.0003267813703026631
10.718696,1,216.265691,True,0.022485218223228697,False,False,0.00825355852177193,0.00032676339760846323
10.250122,1,217.734871,True,0.03566347043874482,False,False,0.012134846156400451,0.0003268145332267834
10.289527,1,217.734871,True,0.034408352976907156,False,False,0.008001265164799551,0.00032676696876253854
10.460805,1,217.734871,True,0.029228647103005226,False,False,0.009149925882834793,0.00032620924739228856
10.667895,1,217.734871,True,0.023735803559133874,False,False,0.006770302882544885,0.0003267419955595419
10.6904125,1,217.734871,True,0.023171295165674826,False,False,0.008510857219549044,0.00032675946740900016
10.68413,1,217.734871,True,0.023318855921216176,False,False,0.009882153968472761,0.0003268188430741084
10.3661785,1,217.734871,True,0.03204176259259882,False,False,0.0037698106611507485,0.0003267586570293377
10.472603,1,217.734871,True,0.028874562667610147,False,False,0.012680709256551799,0.000326821953502267
10.802637,1,219.080628,True,0.020483869622289694,False,False,0.01464792624878339,0.00032671009750967223
10.243047,1,219.080628,True,0.03593158810046338,False,False,0.007003480424229378,0.00032621706048524844
10.2396555,1,219.080628,True,0.03605350909493102,False,False,0.0056226602451237406,0.00032677523385812515
9.149236,1,219.080628,True,0.09376427988053142,False,False,0.004768041899843085,0.00032199288774898327
10.4827175,1,219.080628,True,0.02860930626269594,False,False,0.009290851611708062,0.0003261908289189861
10.485312,1,219.080628,True,0.02849744903147861,False,False,0.016304758170342517,0.000326903446336297
10.304773,1,219.080628,True,0.033895561938617515,False,False,0.012167167318935126,0.0003268476918604738
10.347806,1,219.080628,True,0.0325750959788427,False,False,0.008409775736891638,0.00032679531519044693
10.632531,1,220.525838,True,0.024593216673370045,False,False,0.012994752545080679,0.0003267371523076991
10.254445,1,220.525838,True,0.0355115732108308,False,False,0.013574240613359625,0.00032677522801589123
10.187783,1,220.525838,True,0.0377994334587369,False,False,0.007706285463337283,0.0003261866013922435
9.549698,1,220.525838,True,0.06654971315668515,False,False,0.01194042825951925,0.0003261000620906204
10.383091,1,220.525838,True,0.031481424844783,False,False,0.01201758574233659,0.00032685781930102275
10.371766,1,220.525838,True,0.031840218696403626,False,False,0.009077152379098972,0.000326803133845199
-2.9976087,1,220.525838,False,0.29953458124482163,False,False,0.011775406626251705,0.0003190739303156949
10.255722,1,220.525838,True,0.03549205768025854,False,False,0.010159431914875675,0.00032672533091657765
10.56713,1,222.034505,True,0.026309546392979253,False,False,0.00922571289189677,0.0003267585548009479
10.229647,1,222.035506,True,0.03638058289776957,False,False,0.006711367389641513,0.00032677098366811467
10.384411,1,222.035506,True,0.03141846257621671,False,False,0.01592345361743081,0.0003267649271663779
10.389932,1,222.035506,True,0.03129918176676148,False,False,0.008262093818732195,0.00032681006157973325
10.195655,1,222.035506,True,0.03752619376586878,False,False,0.007963159415661952,0.00032676484090013073
-5.293255,1,222.035506,False,0.5291126741287621,False,False,0.01064118671184225,0.0003283097500606655
9.891648,1,222.035506,True,0.04930609998774805,False,False,0.009406387397784734,0.0003261784211940381
10.470947,1,222.035506,True,0.02890619150829158,False,False,0.015354912929987693,0.0003260720562462923
10.273482,1,223.466844,True,0.03492764740662321,False,False,0.007759317128548594,0.00032615643987886594
10.256828,1,223.466844,True,0.035457210791216255,False,False,0.00993317630339193,0.0003268299631076626
10.600704,1,223.466844,True,0.025443068231167258,False,False,0.006595954996574759,0.0003266893912151838
10.561038,1,223.466844,True,0.02645953726624408,False,False,0.011439778806929117,0.00032682691452913043
10.480556,1,223.466844,True,0.028633867785651766,False,False,0.01572259972789013,0.0003268820871598157
9.334372,1,223.466844,True,0.0801242255941503,False,False,0.013892775761738555,0.0003197873625595895
10.492438,1,223.466844,True,0.02830621253783811,False,False,0.014972925711357974,0.00032680554314406835
10.356475,1,223.466844,True,0.03231629936681639,False,False,0.007255271251814973,0.0003267782681297843
10.31849,1,224.809479,True,0.03348968668626747,False,False,0.007884686018095674,0.0003268348851581839
10.609941,1,224.809479,True,0.0252025322381677,False,False,0.006909892467532395,0.0003268335387024461
10.771561,1,224.809479,True,0.021197121741585542,False,False,0.015673501687599675,0.00032665983207036425
10.454625,1,224.809479,True,0.029416240187394894,False,False,0.007141194391122795,0.00032674009802774364
10.613119,1,224.809479,True,0.02507342317981837,False,False,0.016092101001614192,0.0003267787790783765
10.417942,1,224.809479,True,0.030480251177693842,False,False,0.006648054062102431,0.00032674379826167166
10.534648,1,224.809479,True,0.02716562401818478,False,False,0.011792644196008022,0.0003261140959608502
-3.3415031,1,224.809479,False,0.3339663785870414,False,False,0.009342871330260951,0.00032821253016979097
10.192119,1,226.247222,True,0.037652232395982484,False,False,0.007341849035575144,0.0003268126221301717
10.60811,1,226.247222,True,0.025211499510997257,False,False,0.014322563667063856,0.0003268159736813694
10.402781,1,226.247222,True,0.030849545212773843,False,False,0.019697783083008628,0.00032684442051111905
10.200986,1,226.247222,True,0.03734749520413302,False,False,0.0073445116182330895,0.000326789855016297
10.684628,1,226.247222,True,0.023318789195737773,False,False,0.007409134023027906,0.0003268002942843581
10.214648,1,226.247222,True,0.03689182430865566,False,False,0.0058908861705860675,0.00032611520861698017
10.241761,1,226.247222,True,0.03596077538138889,False,False,0.009039649827706601,0.000326832819483984
10.649984,1,226.247222,True,0.024169093004412525,False,False,0.009656435266461276,0.00032679081160459606
10.123031,1,227.793928,True,0.040080514176521975,False,False,0.009727972469679122,0.00032616522172719146
9.657379,1,227.793928,True,0.060592476436635345,False,False,0.010370081814601717,0.0003255405262241352
10.4508915,1,227.793928,True,0.029497283976312735,False,False,0.011637823757682231,0.00032679099777917046
10.104502,1,227.793928,True,0.040729584370918406,False,False,0.013650085053579512,0.0003267716472959833
10.414435,1,227.793928,True,0.030556078730210674,False,False,0.011249342934382161,0.0003266986386424241
10.186348,1,227.793928,True,0.03786626565525234,False,False,0.005230797891892327,0.00032612152082915586
10.503697,1,227.793928,True,0.028046656220888855,False,False,0.00547748764379817,0.000326774664451099
10.238671,1,227.793928,True,0.03604938244599711,False,False,0.011164169926333616,0.00032668248233012437
10.327649,1,229.141787,True,0.0331881812475981,False,False,0.010239597887737,0.00032679517603987924
10.329144,1,229.141787,True,0.033145237831917654,False,False,0.00965674645731568,0.00032672971847095395
10.639277,1,229.141787,True,0.024430484862641943,False,False,0.011363633419867843,0.0003267916038628812
-2.0193605,1,229.141787,False,0.20195347148304618,False,False,0.011053069849713108,0.00032774392718765865
10.496045,1,229.141787,True,0.028224725498425342,False,False,0.011596724777838656,0.00032671082003932656
10.345298,1,229.141787,True,0.032662099911204834,False,False,0.0068213404251540955,0.00032684204841569554
10.46959,1,229.141787,True,0.028985981104464677,False,False,0.008016333000789128,0.0003267339925206242
10.376087,1,229.141787,True,0.03171436510353469,False,False,0.008308843920264973,0.0003268047419124404
10.032863,1,230.404698,True,0.04346044881927749,False,False,0.011460791043943104,0.00032612728907479877
-3.754547,1,230.404698,False,0.37506951766955243,False,False,0.019297421137280626,0.00032819730745866667
10.276301,1,230.404698,True,0.034729585599579664,False,False,0.024243894386662697,0.0003268958896330353
9.429842,1,230.404698,True,0.07386548000393227,False,False,0.010004342031134334,0.00032553262988853186
10.658653,1,230.404698,True,0.023957865819615228,False,False,0.008447102028532272,0.0003267435275176421
10.6152935,1,230.404698,True,0.02502606616835251,False,False,0.014436113677190339,0.0003268164427791674
10.592425,1,230.404698,True,0.02563909619432014,False,False,0.010295131721113678,0.0003267654268965857
-2.8846714,1,230.404698,False,0.2881194080371961,False,False,0.01806164115539507,0.00032043523384829093
10.012371,1,231.719643,True,0.044259900062629406,False,False,0.012182807294509601,0.00032623869070109735
10.650941,1,231.719643,True,0.02416468622581192,False,False,0.005752981053872488,0.0003267651501071565
10.253794,1,231.719643,True,0.035572615092079166,False,False,0.007557086776566492,0.0003267924846629203
10.345467,1,231.720644,True,0.03261239219087873,False,False,0.014045928318775016,0.00032678671782692564
10.709124,1,231.720644,True,0.022724859829056317,False,False,0.006532057454343589,0.0003267257493401948
10.60651,1,231.720644,True,0.02529443480071337,False,False,0.006265404106174645,0.0003267388121349098
10.380076,1,231.720644,True,0.03156620299341296,False,False,0.012969208321346811,0.00032685417722855243
-5.759975,1,231.720644,False,0.5756286893013398,False,False,0.018440682979108423,0.000328351230832033
10.344157,1,233.250701,True,0.03265609312167049,False,False,0.013499924040500277,0.00032681960385318854
10.729134,1,233.250701,True,0.02224127024585496,False,False,0.006847884622252529,0.00032622184333496167
10.66784,1,233.250701,True,0.023700721315439276,False,False,0.014104005406396098,0.00032684425273634576
10.328661,1,233.250701,True,0.033182020702195385,False,False,0.006168492051326111,0.00032679661573716993
10.668675,1,233.250701,True,0.023707984290722274,False,False,0.008464451284093129,0.00032681661382305245
10.863378,1,233.250701,True,0.019155185525890097,False,False,0.006161955206297525,0.0003268070051587454
10.685076,1,233.250701,True,0.023304646650731686,False,False,0.008044026887615971,0.0003267990178228778
10.501421,1,233.250701,True,0.02809942728511259,False,False,0.00731924653670288,0.00032677562546201797
10.86564,1,234.639836,True,0.019104920257678654,False,False,0.006216278982694134,0.0003266862065168795
10.499034,1,234.639836,True,0.028170621437640188,False,False,0.006405053138245382,0.00032675475155494416
10.55937,1,234.639836,True,0.02652481684077107,False,False,0.007518809095129944,0.00032668332381690984
10.825747,1,234.639836,True,0.01999489264184748,False,False,0.006567644559872341,0.00032680458151524604
10.676544,1,234.639836,True,0.02350476886050911,False,False,0.010120554626330961,0.0003267429982499695
10.257998,1,234.639836,True,0.0354399757997202,False,False,0.006705707552449835,0.00032681184700181145
10.447485,1,234.639836,True,0.02959896641320667,False,False,0.010928711631218089,0.00032674656909253714
10.177095,1,234.639836,True,0.03815111463849062,False,False,0.01050389749691485,0.0003261753469267878
10.512322,1,235.820867,True,0.02780589973915523,False,False,0.0060239944023711385,0.0003267121005491501
10.350173,1,235.820867,True,0.032479989892687695,False,False,0.01204610762302278,0.0003267897232979405
10.271614,1,235.820867,True,0.03489014712106275,False,False,0.02287747306868106,0.0003267143716868859
10.672701,1,235.820867,True,0.023610803959763314,False,False,0.007917570152019009,0.00032677271871634416
-0.9550187,1,235.820867,False,0.10194874539004503,False,False,0.011959517445224995,0.0003226958851925401
10.80741,1,235.820867,True,0.020354527164516276,False,False,0.019077467460962012,0.0003267630121228606
10.569818,1,235.820867,True,0.026261011910438357,False,False,0.004952317345380284,0.0003267645185410936
9.761551,1,235.820867,True,0.05535031970820579,False,False,0.004963563305319721,0.00032678903348701494
10.595012,1,237.017542,True,0.025580804558722116,False,False,0.008552624158856754,0.0003267929432346918
10.046551,1,237.017542,True,0.04294997417280563,False,False,0.008851396796533765,0.0003261495623311715
10.346216,1,237.017542,True,0.032585749227669936,False,False,0.014623061008377562,0.000326808148247947
10.150635,1,237.017542,True,0.03911439174453036,False,False,0.006051402256935319,0.000326170564844963
10.616397,1,237.017542,True,0.0249654660350092,False,False,0.020730428935562213,0.0003268898902023274
10.411425,1,237.017542,True,0.030637634286803942,False,False,0.012425184979459217,0.0003267798137298837
10.119541,1,237.017542,True,0.04023363643017029,False,False,0.006133765948460868,0.00032674943966129114
10.427711,1,237.017542,True,0.030181518521099005,False,False,0.00897175174509792,0.00032680841623315086
10.645737,1,238.200037,True,0.0242982947891712,False,False,0.005236043254980121,0.0003267679990477549
10.371899,1,238.200037,True,0.03185171724935971,False,False,0.006512896854478252,0.00032674646773737253
10.772803,1,238.200037,True,0.021181188435823305,False,False,0.012876294942979564,0.0003268096276048952
10.555235,1,238.200037,True,0.02661409734571271,False,False,0.011453503051923709,0.0003267525914250288
9.19105,1,238.200037,True,0.09048597765364198,False,False,0.010324132235359669,0.00032048891755405705
10.686871,1,238.200037,True,0.02325481689208848,False,False,0.009205893462634923,0.0003266915446599549
10.426486,1,238.200037,True,0.030245256372787174,False,False,0.004148415931131222,0.00032678711937923673
10.896851,1,238.200037,True,0.01836494027861205,False,False,0.0192577413927257,0.0003267703771318174
10.727911,1,239.395514,True,0.02226575653575928,False,False,0.007851358063063052,0.0003268254436421779
10.735047,1,239.395514,True,0.022068463409914012,False,False,0.013443029021380426,0.00032670088404827477
10.399741,1,239.395514,True,0.030998043723440564,False,False,0.009812307040422985,0.00032680160662209033
10.572341,1,239.395514,True,0.026185086789973444,False,False,0.006688896291941429,0.00032673336704831427
10.248867,1,239.395514,True,0.035694509433592266,False,False,0.013708378066265034,0.00032671433501192535
10.408799,1,239.395514,True,0.030746646586887767,False,False,0.007038601021886561,0.00032679742331232165
10.418218,1,239.395514,True,0.030452210395132035,False,False,0.010059772483569079,0.0003267914905914693
10.507297,1,239.395514,True,0.02790401181215237,False,False,0.013326956532088402,0.00032684841111835586
9.392494,1,240.633989,True,0.07629881974644447,False,False,0.008660634511234118,0.0003254161088022145
10.890814,1,240.633989,True,0.018543446886130424,False,False,0.008354357214063864,0.000326858587173378
10.708744,1,240.633989,True,0.022737680260430236,False,False,0.005786961332361536,0.0003267406762878385
10.568221,1,240.633989,True,0.026295295114748915,False,False,0.00646067846432514,0.00032677867987591366
10.227924,1,240.633989,True,0.03639696871195839,False,False,0.012880780378342562,0.00032683058866645663
10.821399,1,240.633989,True,0.02010152319403851,False,False,0.004757067876054311,0.0003267437468698438
10.522422,1,240.633989,True,0.02753218391904795,False,False,0.0054923906019398545,0.0003267871084896823
10.475148,1,240.633989,True,0.02883434849517158,False,False,0.007089154484583374,0.00032681703827851656
-6.3075123,1,241.816696,False,0.6304780980085897,False,False,0.013655582168937348,0.00032837814194320886
9.883415,1,241.816696,True,0.04960463508415482,False,False,0.01650280430534053,0.00032688861406191894
10.03603,1,241.816696,True,0.04334571637972489,False,False,0.010361855272344926,0.0003261689158630868
9.169753,1,241.816696,True,0.09211007498302544,False,False,0.009785918951508413,0.00032486276495025573
9.561879,1,241.816696,True,0.06590835445995466,False,False,0.006605768542513208,0.0003267956605093865
10.618263,1,241.816696,True,0.02496957117218459,False,False,0.010596276905445812,0.0003267101944829444
10.276113,1,241.816696,True,0.03480664252111571,False,False,0.013272004290344534,0.00032673768890913965
10.441011,1,241.816696,True,0.02980157720933487,False,False,0.008073250091387218,0.0003267938889309424
10.631906,1,243.035107,True,0.024621633755291368,False,False,0.010531670226019318,0.00032675901350687816
10.313021,1,243.035107,True,0.03364018863043558,False,False,0.011315006418538893,0.0003267420982349868
10.276296,1,243.035107,True,0.034830125586132465,False,False,0.008733074090489186,0.0003267259430060509
10.358962,1,243.035107,True,0.032258504363510826,False,False,0.004274763205537283,0.00032682795152565825
-1.0154704,1,243.035107,False,0.10697367893823086,False,False,0.011414576904729667,0.0003211717932106829
10.285817,1,243.035107,True,0.034536991292389546,False,False,0.006529674606904013,0.0003268361642677369
10.5648365,1,243.035107,True,0.02636183437116073,False,False,0.010835766070333312,0.00032683295098994667
10.346393,1,243.035107,True,0.0326132721932154,False,False,0.009273846850504416,0.000326747945955447
10.393904,1,244.296329,True,0.031183699384760594,False,False,0.007765652762067614,0.00032676776824519375
10.5071125,1,244.296329,True,0.027904868660126748,False,False,0.014088855908884363,0.00032685237232384475
10.445368,1,244.296329,True,0.029666140761503892,False,False,0.009815371988210975,0.0003268594407845343
10.614527,1,244.296329,True,0.025100846355342366,False,False,0.003723511819599036,0.0003267685949408777
10.5277,1,244.296329,True,0.027365803363700057,False,False,0.00963150173482519,0.0003267193857466785
10.8041,1,244.296329,True,0.020437812677806536,False,False,0.01739946913748702,0.00032677387036588395
10.037485,1,244.296329,True,0.043309821879818265,False,False,0.007703039810113744,0.00032686355080629174
10.131138,1,244.296329,True,0.03980604173111868,False,False,0.007079017707320815,0.00032677093267508955
10.458141,1,245.659765,True,0.029319451721943536,False,False,0.006520384147637753,0.0003268277442684668
10.258733,1,245.659765,True,0.03532320968977058,False,False,0.02083931684625086,0.0003268313494386825
10.255834,1,245.659765,True,0.03549819734501509,False,False,0.008668977069458772,0.00032675981191081433
9.112021,1,245.659765,True,0.0965938111066968,False,False,0.009836308472456017,0.00032479259375950116
10.736233,1,245.659765,True,0.022076922770969877,False,False,0.005743019798445282,0.00032678722178392346
9.318045,1,245.659765,True,0.08126504095392993,False,False,0.012669685304827039,0.0003247803609877214
10.264154,1,245.659765,True,0.03524398165099253,False,False,0.005840049038932149,0.0003261796260962298
10.157394,1,245.659765,True,0.038854115408390136,False,False,0.008923138034468595,0.0003267108485589082
10.312239,1,246.878362,True,0.03368464334688354,False,False,0.008177225520648259,0.0003268012594440967
10.272675,1,246.878362,True,0.03495987865665229,False,False,0.006833885301167685,0.0003267491032827278
10.353079,1,246.878362,True,0.03241881953868896,False,False,0.007489090228239141,0.00032674528879156594
10.692613,1,246.878362,True,0.023104906646924914,False,False,0.011064164448751324,0.0003262050464490235
-1.1186757,1,246.878362,False,0.11592831057618885,False,False,0.006744063222585098,0.00032405228114223066
-3.6854153,1,246.878362,False,0.3683834371810568,False,False,0.007950568440667558,0.00032814671713623253
10.356442,1,246.878362,True,0.03224800006889833,False,False,0.018591424930589056,0.00032678724972479254
10.255964,1,246.878362,True,0.03548696178480205,False,False,0.009721269289839997,0.0003268323888431654
9.127974,1,248.188017,True,0.09539844663286648,False,False,0.006086366862979795,0.00031912634836190874
10.270663,1,248.188017,True,0.03500834517137166,False,False,0.009433841706046582,0.00032676748870224387
10.502631,1,248.188017,True,0.028040295745239658,False,False,0.011958570149534808,0.00032679888706613696
10.199364,1,248.188017,True,0.03739939241012006,False,False,0.007882540362544427,0.00032669438613755367
10.424155,1,248.188017,True,0.030304380302731648,False,False,0.005660569733149896,0.0003268182164212389
10.52553,1,248.188017,True,0.02739131425593349,False,False,0.015792784514691273,0.00032687496986563344
10.403991,1,248.188017,True,0.030863313645945134,False,False,0.011316729534871312,0.00032685907606187125
10.306499,1,248.188017,True,0.03387180073216718,False,False,0.007287123092948097,0.0003267306138595104
9.265813,1,249.382954,True,0.08492827130537227,False,False,0.014094770680377592,0.00032548933380067925
10.722495,1,249.382954,True,0.022399833841203465,False,False,0.006996116805433547,0.0003268131317229798
10.350713,1,249.382954,True,0.03247745227308942,False,False,0.009762536077841137,0.0003267989017619703
10.34865,1,249.382954,True,0.032522076936206644,False,False,0.012809154822728697,0.0003267373251033458
10.394315,1,249.382954,True,0.03118091995065433,False,False,0.006174907647362896,0.0003268036044932702
10.779307,1,249.382954,True,0.021055351275521054,False,False,0.007395616933791094,0.0003268187721778247
10.503235,1,249.382954,True,0.028022229996451913,False,False,0.012207193909094322,0.0003268080553178067
10.401998,1,249.382954,True,0.03095626897115837,False,False,0.005579229644109724,0.0003267093290550613
10.515647,1,250.625778,True,0.027704801728039286,False,False,0.007817771043395694,0.0003267805304824575
10.511538,1,250.626777,True,0.027815498266523322,False,False,0.00820165369931215,0.0003267973306452997
10.403703,1,250.626777,True,0.030859714148632273,False,False,0.013368658498711293,0.00032615316116534206
10.631926,1,250.626777,True,0.024590358301265845,False,False,0.016587314729858936,0.00032678827629470977
10.325464,1,250.626777,True,0.033283048199603586,False,False,0.005977407977501074,0.00032676087595008525
10.664933,1,250.626777,True,0.0237600606539913,False,False,0.016702384189879387,0.00032672051220048517
10.709586,1,250.626777,True,0.022701876321308587,False,False,0.008961214103379144,0.0003268073545286799
-1.8567133,1,250.626777,False,0.1857436408378837,False,False,0.016853045571541367,0.00032736721242346127
10.452942,1,252.076843,True,0.029433518740840832,False,False,0.012533105642088557,0.0003261496855947872
10.150468,1,252.076843,True,0.03908917464287394,False,False,0.010431425157480807,0.0003267982279319791
10.397365,1,252.076843,True,0.0310584748514309,False,False,0.011512784920538088,0.00032683448355026956
-1.8229281,1,252.076843,False,0.18258416403187575,False,False,0.008173855512046281,0.00032738781434631597
10.364279,1,252.076843,True,0.03207456891163634,False,False,0.007873719453693657,0.0003267077760028998
10.658472,1,252.076843,True,0.02397057210980295,False,False,0.006810211386734838,0.00032671338278300594
10.193114,1,252.076843,True,0.03760241793149402,False,False,0.009588920648834525,0.0003261142681528623
9.584809,1,252.076843,True,0.06458375808421384,False,False,0.008360724465098533,0.00032544950958609577
10.241569,1,253.256565,True,0.03597653838384168,False,False,0.007626810254178052,0.00032617594625067753
10.648601,1,253.256565,True,0.024192652678929946,False,False,0.011893956106847885,0.0003267425122006494
9.413208,1,253.256565,True,0.07498278180500924,False,False,0.006142989814417632,0.00032552818570753014
10.645314,1,253.256565,True,0.024267461205828164,False,False,0.013465388567171529,0.0003267113710192408
10.586317,1,253.256565,True,0.025817315057461314,False,False,0.006728910010636171,0.00032678184215321717
10.729334,1,253.256565,True,0.02221184483367496,False,False,0.011995530582023699,0.00032674780772175765
10.40309,1,253.256565,True,0.030930006997450594,False,False,0.004551965529491317,0.0003268032369741829
10.657627,1,253.256565,True,0.023961170579226913,False,False,0.012915196068039128,0.00032677863660760935
9.320475,1,254.467005,True,0.08113648804727586,False,False,0.00980873609025616,0.0003176451821486106
10.658974,1,254.468012,True,0.02394918365111751,False,False,0.008581581013931276,0.00032682433308642213
10.632077,1,254.468012,True,0.02457666891765229,False,False,0.018523548915460188,0.00032677268300832543
10.574676,1,254.468012,True,0.02613603165559998,False,False,0.004308222811993427,0.0003267406535697789
10.369018,1,254.468012,True,0.031861783843194665,False,False,0.019251218624261202,0.00032664352622785816
9.274446,1,254.468012,True,0.08434883835113167,False,False,0.011401205752114781,0.0003254348044511386
10.569742,1,254.468012,True,0.026228332729494323,False,False,0.01150251835319241,0.0003267307338729375
10.298669,1,254.468012,True,0.034127891368800026,False,False,0.006148533847385807,0.0003268288933767383
10.371636,1,255.544696,True,0.03177301208908933,False,False,0.020842435139864536,0.0003268158909577601
-1.827276,1,255.544696,False,0.18301274636538042,False,False,0.0081616995289617,0.00032725616821761833
9.080431,1,255.544696,True,0.09910550398149119,False,False,0.010105168032465476,0.0003247283023737886
10.612331,1,255.544696,True,0.025151456365912254,False,False,0.004868902284618026,0.00032679597334033287
10.7647085,1,255.544696,True,0.021397754308887462,False,False,0.007019261874349983,0.0003267224208169797
10.220976,1,255.544696,True,0.03668980875177066,False,False,0.004105185679406755,0.0003267256947300429
10.359276,1,255.544696,True,0.03225200377006681,False,False,0.003770607263477473,0.00032678158452589226
10.502928,1,255.544696,True,0.02801957772592515,False,False,0.014223935237127543,0.00032684062382238135
10.124763,1,256.775952,True,0.04001741939937375,False,False,0.009756660654015125,0.0003268063399866848
10.515543,1,256.775952,True,0.027689397422261553,False,False,0.011146767313816664,0.0003267139466128732
10.30755,1,256.775952,True,0.03386377029034542,False,False,0.0032934065624754586,0.00032679138429031533
10.398768,1,256.775952,True,0.03101485782027903,False,False,0.01184037538257321,0.00032675659746290964
10.080353,1,256.775952,True,0.04167762755455115,False,False,0.006967490679146681,0.00032680676578108765
10.654731,1,256.775952,True,0.02402656287704733,False,False,0.01432957401276593,0.0003266580253512286
10.670979,1,256.775952,True,0.02362904490116217,False,False,0.012849911871112759,0.00032618464794400653
10.682851,1,256.775952,True,0.023360052968716002,False,False,0.007912984245458667,0.0003268053399304541
10.337122,1,257.985139,True,0.032886556898596334,False,False,0.011384453146578762,0.0003267311314117581
10.911552,1,257.985139,True,0.01809035836842272,False,False,0.009331925835545245,0.0003261949646820703
10.372068,1,257.985139,True,0.03183480481905016,False,False,0.008457327468224845,0.000326809152101907
10.18584,1,257.985139,True,0.03785739092868383,False,False,0.009052822292703232,0.000326848999109894
10.754137,1,257.985139,True,0.021614617089800482,False,False,0.01373429027709172,0.0003267921318519091
9.922696,1,257.985139,True,0.04800400568045036,False,False,0.0050161164192857365,0.0003262041742792591
10.79256,1,257.985139,True,0.020741832376752922,False,False,0.008879616126957758,0.0003267610754548206
10.087177,1,257.985139,True,0.04142111551605985,False,False,0.0070713813807863945,0.00032608888247850914
10.453086,1,259.127747,True,0.02944726264510952,False,False,0.009408765461995382,0.00032618723261618405
-5.976052,1,259.127747,False,0.5973397062922351,False,False,0.013274502292860061,0.0003283592459771626
10.234877,1,259.127747,True,0.036184656873398474,False,False,0.009846117532690272,0.00032677481972078506
10.13073,1,259.127747,True,0.039807990064500545,False,False,0.008846605626629932,0.00032610226339502204
10.759268,1,259.127747,True,0.021525886617876133,False,False,0.00692931325622456,0.0003267895616718897
10.3572445,1,259.127747,True,0.03227024307321138,False,False,0.010938714276362041,0.0003268371196888169
10.07534,1,259.127747,True,0.04176098056549264,False,False,0.020943470734202767,0.0003267519242309785
10.434837,1,259.127747,True,0.029935272983995426,False,False,0.015788169788722294,0.0003268778891423196
10.200525,1,260.232784,True,0.03736468830353805,False,False,0.007139623737183599,0.00032619703723349295
10.059204,1,260.232784,True,0.04244089419394685,False,False,0.011929391788915234,0.00032684867443411074
10.548367,1,260.232784,True,0.02682917263900506,False,False,0.005620014263642301,0.00032674628247538986
10.724589,1,260.232784,True,0.022349438469435608,False,False,0.0070128103452307715,0.0003267820365951441
10.475937,1,260.232784,True,0.028763689406872295,False,False,0.01569689101614016,0.0003267401239381761
-4.5413246,1,260.232784,False,0.45391480413594765,False,False,0.010884696894626116,0.000328384720303475
10.272124,1,260.232784,True,0.034989956405256255,False,False,0.004957429131254768,0.0003267506431171183
10.131854,1,260.232784,True,0.039755532461592254,False,False,0.010493836118885817,0.0003267465881780781
10.108769,1,261.421702,True,0.04054922237633754,False,False,0.016842719311621866,0.00032679998470992933
10.470728,1,261.421702,True,0.028921840265519822,False,False,0.013677170175918118,0.00032679215005939797
10.719639,1,261.421702,True,0.02244386278996086,False,False,0.012123666606254085,0.0003267742245821877
9.728945,1,261.421702,True,0.05689629140773176,False,False,0.011326873057521144,0.0003261593921122593
10.384165,1,261.421702,True,0.03146466422258671,False,False,0.009443102287103306,0.0003267168107584411
9.80507,1,261.421702,True,0.05320062172746595,False,False,0.012246534850922915,0.0003261540455352486
10.556669,1,261.421702,True,0.026522898697846162,False,False,0.021381487324592826,0.0003268074984533824
9.268536,1,261.421702,True,0.08482387457586721,False,False,0.007757509850285952,0.0003254882066877656
10.534519,1,262.541013,True,0.027159635731507866,False,False,0.013542197548101135,0.0003267382055226257
9.533059,1,262.541013,True,0.06756099485045271,False,False,0.008505177027999406,0.000325413643444569
10.491082,1,262.541013,True,0.02836077263378566,False,False,0.011952240400452667,0.00032682182301745045
10.263911,1,262.541013,True,0.03517714877948835,False,False,0.017285900813735797,0.00032683935914137977
10.448993,1,262.541013,True,0.029569710120108665,False,False,0.008491661110578223,0.0003267956719729659
10.3169155,1,262.541013,True,0.03353743974484112,False,False,0.008159074933682769,0.00032679748543695494
10.020522,1,262.541013,True,0.0439948314774084,False,False,0.004975865445931035,0.0003261228737131017
10.464597,1,262.541013,True,0.02913472458373323,False,False,0.006724932494975565,0.00032675239714254967
10.620265,1,263.683755,True,0.024893129163875517,False,False,0.015509144773425295,0.0003267185523978245
10.560718,1,263.683755,True,0.026477996576996128,False,False,0.009572849163168735,0.00032672942247736775
10.578435,1,263.683755,True,0.026033350128484914,False,False,0.0049901727875529866,0.00032680863019524017
-3.863602,1,263.683755,False,0.3861700814637662,False,False,0.009531617926158182,0.00032846208114306044
10.198291,1,263.683755,True,0.03741951126989947,False,False,0.010316814360635744,0.0003268708379248025
10.321148,1,263.683755,True,0.033402574612278725,False,False,0.008470775854724555,0.00032669365190439345
10.471101,1,263.683755,True,0.028954632682022998,False,False,0.00600785563668992,0.0003267593549260568
9.818546,1,263.683755,True,0.05262452089913826,False,False,0.006582271480620657,0.00032624365248840043
10.2200165,1,265.058083,True,0.036701943360753324,False,False,0.00710718076584775,0.00032673645265720756
10.366004,1,265.058083,True,0.03202790602338458,False,False,0.006920660821183267,0.0003268149250849645
10.54979,1,265.058083,True,0.026777069342237288,False,False,0.008214378737661409,0.0003267708225955303
10.300532,1,265.058083,True,0.03405285331759789,False,False,0.008610953626972862,0.00032678571781996727
10.577387,1,265.058083,True,0.026033755125081253,False,False,0.010156623453803972,0.00032679873119024425
9.834761,1,265.058083,True,0.05181997394717857,False,False,0.012778610278629492,0.0003261569702999439
10.567215,1,265.058083,True,0.026298954677729882,False,False,0.01080180010249551,0.0003268369246299154
10.413152,1,265.058083,True,0.030603767074427433,False,False,0.009551479843882585,0.00032609095912286323
10.337771,1,266.444245,True,0.03291160446418394,False,False,0.004094443135934851,0.0003261909716038757
10.374703,1,266.444245,True,0.03173135078824624,False,False,0.012411807596281176,0.00032675388364588345
9.992626,1,266.444245,True,0.04505633243754685,False,False,0.011170166745460446,0.00032616813111635925
10.502603,1,266.444245,True,0.02807457897547668,False,False,0.005903394835954437,0.0003261579611715128
9.62059,1,266.444245,True,0.0626304213129022,False,False,0.0052713289269176915,0.0003255174635302444
10.212007,1,266.444245,True,0.03695604672847419,False,False,0.009633387095792612,0.00032612012020446775
10.153916,1,266.444245,True,0.038952734343641646,False,False,0.0123985351684404,0.0003267458842915088
10.2112665,1,266.444245,True,0.036973610540881545,False,False,0.010749160654799252,0.0003267353428012756
10.653595,1,267.648088,True,0.02404438945950272,False,False,0.01645151337294288,0.00032670500975268715
10.685327,1,267.648088,True,0.023284804839218683,False,False,0.010822821440992107,0.0003267473009627408
9.161549,1,267.648088,True,0.09271865989853194,False,False,0.011058836285399807,0.00031832633123906267
10.469495,1,267.648088,True,0.028999306255410046,False,False,0.006135703836291248,0.0003267399642886036
10.201762,1,267.648088,True,0.037347962383013106,False,False,0.0033966309997919882,0.0003261625434960372
10.347943,1,267.648088,True,0.032567646569832916,False,False,0.008932667178399441,0.00032685364969801446
9.189629,1,267.648088,True,0.09067313563023058,False,False,0.005024205897847544,0.00032122895554863946
10.27519,1,267.648088,True,0.03488161361144138,False,False,0.006314712632396381,0.0003267335500995771
10.78237,1,268.860302,True,0.02098718713036541,False,False,0.006767892603977503,0.0003268059723481414
10.802202,1,268.860302,True,0.020542930812897525,False,False,0.00393201851374944,0.0003261273484769827
9.360764,1,268.860302,True,0.07840340525353412,False,False,0.008825773749855504,0.00032548984383245144
10.645445,1,268.860302,True,0.02430453579892598,False,False,0.0054556531459804365,0.0003267150285641357
10.237628,1,268.860302,True,0.036085200948747516,False,False,0.010999157087209395,0.00032683195283168896
9.832878,1,268.860302,True,0.05193920927047648,False,False,0.00917721146539532,0.0003261596778880228
9.194181,1,268.860302,True,0.09019861897369116,False,False,0.013748850520789772,0.000321246943059932
10.413067,1,268.860302,True,0.0305597085242286,False,False,0.017476083249400566,0.0003268983190608552
10.467767,1,270.021218,True,0.02905725631543249,False,False,0.004540567130678367,0.0003268067351282527
10.59749,1,270.021218,True,0.025530286561758556,False,False,0.005869232655783597,0.00032614175621461047
-0.93263274,1,270.021218,False,0.10009208118961954,False,False,0.014206309868413864,0.00032483644178531255
10.506096,1,270.021218,True,0.027924460998608357,False,False,0.015617817754719562,0.00032674743575122363
10.47395,1,270.021218,True,0.028839797531429134,False,False,0.012111441231429527,0.00032614782147554687
10.002788,1,270.021218,True,0.04465063802977071,False,False,0.010965659217419516,0.00032614108729625617
10.798418,1,270.021218,True,0.02059149049343198,False,False,0.012272464316565595,0.00032677017639447904
10.32159,1,270.021218,True,0.03336483559136565,False,False,0.012279600108098154,0.00032684680703449917
10.879675,1,271.227196,True,0.018769228372705293,False,False,0.012347578287043906,0.0003267798343449208
9.26471,1,271.227196,True,0.08503343436615861,False,False,0.012287415491444353,0.00031902780338215707
10.277724,1,271.227196,True,0.03479499154319004,False,False,0.007013702822802091,0.00032684378120681934
10.275013,1,271.227196,True,0.034880699208694015,False,False,0.007339285209097575,0.00032675938434478856
10.201384,1,271.227196,True,0.03733773771973571,False,False,0.006779370619058611,0.00032673372395862943
10.5926695,1,271.227196,True,0.02562578721698462,False,False,0.01162858214218056,0.00032674173110296557
9.48796,1,271.227196,True,0.07027476347981228,False,False,0.0073397537491769246,0.0003254716630513655
9.794708,1,271.227196,True,0.05371180337346103,False,False,0.009811666356793359,0.00032624456452643623
-2.7037084,1,272.452841,False,0.270114680430595,False,False,0.014037755786863837,0.0003226406012228767
10.139086,1,272.452841,True,0.03952094080105083,False,False,0.006927561551056506,0.0003261555226777091
10.24015,1,272.452841,True,0.03600713618856118,False,False,0.010116614736158318,0.00032671177950114466
10.657164,1,272.452841,True,0.024000155667257318,False,False,0.007440054867766261,0.0003268163776375732
9.715255,1,272.452841,True,0.05763304334693534,False,False,0.006531759752100473,0.00032549249304048906
10.796347,1,272.452841,True,0.020660223810562723,False,False,0.007671085854567218,0.00032626099123011154
10.214787,1,272.452841,True,0.03688011227246459,False,False,0.006927566948841521,0.0003261296758073719
10.31705,1,272.452841,True,0.033486822618368065,False,False,0.015538282937995203,0.0003268068298035414
10.063087,1,273.673274,True,0.042305912606408404,False,False,0.01022075097158015,0.00032684677972077064
10.464785,1,273.673274,True,0.029100314000584764,False,False,0.011852684208890057,0.00032683350017451043
10.64899,1,273.673274,True,0.02419900568254797,False,False,0.008683203058398281,0.00032678360881040213
-4.875279,1,273.673274,False,0.48720598514862634,False,False,0.01609635390115738,0.00032831796131966234
10.279218,1,273.673274,True,0.03468865704060212,False,False,0.015995719784840316,0.00032681306668122447
10.766071,1,273.673274,True,0.021318753893509464,False,False,0.01707671849127733,0.00032621440400821226
10.877031,1,273.673274,True,0.01884930683853066,False,False,0.007303136638789797,0.00032678107172515473
9.497392,1,273.673274,True,0.06965516167957131,False,False,0.011212277921881333,0.0003254384645130851
10.201377,1,274.917153,True,0.037320131874676185,False,False,0.009385180873382967,0.00032616769787434196
10.284332,1,274.917153,True,0.034567601115400026,False,False,0.009201348908575775,0.00032671298533147494
10.606344,1,274.917153,True,0.025296218850281188,False,False,0.0067506642300506235,0.0003268002679911472
10.536989,1,274.917153,True,0.02710752102199212,False,False,0.010829685821749369,0.000326729528542963
10.365196,1,274.917153,True,0.03201764173874741,False,False,0.012653204894979881,0.0003262725830465356
10.604347,1,274.917153,True,0.025353409065679195,False,False,0.005679040046891094,0.00032621271329244306
9.458231,1,274.917153,True,0.07213393754185089,False,False,0.005284290637214036,0.0003254452999893861
10.445462,1,274.917153,True,0.029681914795347854,False,False,0.006601182801809911,0.0003268072871745642
10.245657,1,276.137249,True,0.035822959110324265,False,False,0.010336283268985166,0.0003261949936436228
10.215513,1,276.137249,True,0.03681087139673492,False,False,0.013513879739839484,0.00032685877230624854
10.487392,1,276.137249,True,0.028485860043137617,False,False,0.007979593141557996,0.00032617828054027606
-3.2680721,1,276.137249,False,0.3265936071594626,False,False,0.010867466679664605,0.00032808287181071265
10.511537,1,276.137249,True,0.0277901512813615,False,False,0.012818975763612284,0.00032676685380399927
10.474444,1,276.137249,True,0.028852831274637752,False,False,0.007328810997211788,0.0003267530027958903
9.826303,1,276.137249,True,0.052201329815944914,False,False,0.013548093210025982,0.0003267742155665662
10.371762,1,276.137249,True,0.03184657297335932,False,False,0.008043349760669612,0.00032678245601135874
10.840023,1,277.468426,True,0.019682146315248294,False,False,0.004633466462257035,0.0003267307851807424
10.415316,1,277.468426,True,0.030558091567668602,False,False,0.006505609766769526,0.00032677040451557543
10.443137,1,277.468426,True,0.029743097197821956,False,False,0.007592287504751461,0.0003267086314684138
10.49855,1,277.468426,True,0.028188890278220826,False,False,0.005530177307288456,0.00032678989216098606
10.627189,1,277.468426,True,0.02474043808261938,False,False,0.01077939195612077,0.0003267592894979542
10.767304,1,277.468426,True,0.021345445599241352,False,False,0.005206358194438183,0.00032681137762563257
10.538962,1,277.468426,True,0.027067120779858348,False,False,0.008440302233558539,0.0003268287529251675
10.685588,1,277.468426,True,0.023290772949275014,False,False,0.008300404791305149,0.0003267610605037546
10.469588,1,278.813447,True,0.028931995347162807,False,False,0.017580285481170688,0.00032681410290435727
10.606553,1,278.813447,True,0.02527790290397248,False,False,0.009247405860062195,0.00032618348211470636
10.57592,1,278.813447,True,0.02607998462538589,False,False,0.008710116203495488,0.00032671493981041523
10.459788,1,278.813447,True,0.029248666088620284,False,False,0.010714789753689417,0.00032678493677000336
10.22003,1,278.813447,True,0.03666670408818512,False,False,0.012260498871345189,0.0003267720332226317
-0.9475635,1,278.813447,False,0.10143731016579148,False,False,0.006003395883872036,0.0003247599179473682
10.191406,1,278.813447,True,0.03764090190535773,False,False,0.012547836837930504,0.00032613784775715457
10.348102,1,278.813447,True,0.03257132879695435,False,False,0.007541382903631146,0.0003266994097632571
10.339444,1,280.339841,True,0.03283214460903473,False,False,0.008560241529842335,0.00032618445959198267
10.091131,1,280.339841,True,0.04126305969127235,False,False,0.008484978594311653,0.0003260907899933
10.421881,1,280.339841,True,0.030314219650736607,False,False,0.015347502429361289,0.0003268754624392527
10.230771,1,280.339841,True,0.036308409188540974,False,False,0.011859384467156432,0.0003268294532931741
10.339838,1,280.339841,True,0.032781419165474716,False,False,0.014793400118178724,0.0003273187049428076
-6.099772,1,280.339841,False,0.6098818452291089,False,False,0.004768006116792009,0.000328339184806538
10.397967,1,280.339841,True,0.031046184818915343,False,False,0.0105682879224273,0.00032672253859161574
10.375587,1,280.339841,True,0.03169415096427442,False,False,0.01415672797080314,0.0003268104653211303
10.09822,1,281.595296,True,0.04102951807272291,False,False,0.0044708750799921275,0.00032611676641599034
9.853775,1,281.595296,True,0.051009967943412254,False,False,0.006852945278218255,0.00032614483121316004
10.141337,1,281.595296,True,0.03935613039911834,False,False,0.018665257586897018,0.00032676259409424724
10.7332115,1,281.595296,True,0.0221444057101145,False,False,0.006710725740547157,0.00032619203909060884
10.549024,1,281.595296,True,0.02679712002526358,False,False,0.008311727932379446,0.0003267675150859952
10.549402,1,281.595296,True,0.026739729523760098,False,False,0.017125126375665257,0.0003268117433616851
10.696945,1,281.595296,True,0.023019471122878374,False,False,0.006877133917388281,0.0003268021927500578
10.580395,1,281.595296,True,0.02595049952111097,False,False,0.010948139299407246,0.0003268847031254197
10.259795,1,283.130101,True,0.03537521817409941,False,False,0.007587832545073695,0.00032680592812422456
10.553507,1,283.130101,True,0.026671614478095684,False,False,0.009330472193673056,0.00032680757640316275
10.391836,1,283.130101,True,0.03125670807257053,False,False,0.005857706044883138,0.00032618239856076426
10.608799,1,283.130101,True,0.025198273425687527,False,False,0.01344750060450706,0.00032685502753625043
10.058335,1,283.130101,True,0.04247366735499131,False,False,0.011979007628668466,0.0003261039418970234
9.287662,1,283.130101,True,0.08341689550241048,False,False,0.010882071635316478,0.0003255261760007314
9.745537,1,283.130101,True,0.056128119259050716,False,False,0.005701724706962865,0.00032615464969908153
10.780148,1,283.130101,True,0.020978274464598008,False,False,0.01979995856792461,0.00032675854272722147
10.398381,1,284.538592,True,0.031046251654848082,False,False,0.008487882408306679,0.00032678041332199874
10.691311,1,284.538592,True,0.023124744622555544,False,False,0.013523349674262813,0.00032673454734768147
10.728744,1,284.538592,True,0.022230564430711013,False,False,0.011034325460023106,0.00032672497173970045
10.271006,1,284.538592,True,0.03501503197837129,False,False,0.006691134939722744,0.00032616224176704417
9.723657,1,284.538592,True,0.05721635077080331,False,False,0.005836014774517093,0.0003262110951676282
10.229969,1,284.538592,True,0.036352786632525426,False,False,0.009245666675909389,0.00032676154812505
10.538138,1,284.538592,True,0.027103981433322034,False,False,0.005739756980120106,0.0003267815450337896
-0.9403506,1,284.538592,False,0.10080136215065183,False,False,0.00902165543180116,0.0003247334351334848
10.508875,1,285.831963,True,0.027831175218322082,False,False,0.018664225811519594,0.0003267352371003743
10.273773,1,285.831963,True,0.03491718332928729,False,False,0.007916744395487075,0.0003262225491800199
10.543017,1,285.831963,True,0.026936342967473256,False,False,0.012429463660898862,0.0003262248978073471
-2.587425,1,285.831963,False,0.2585730958120203,False,False,0.010276514935415045,0.00032406646284997457
10.428518,1,285.831963,True,0.03013954016698238,False,False,0.012155421315110496,0.0003268878620946743
10.235406,1,285.831963,True,0.03618509417891726,False,False,0.0071319587132476344,0.0003267548270758117
10.229474,1,285.831963,True,0.036384665415307584,False,False,0.006965640535546777,0.00032616393229851473
10.761242,1,285.831963,True,0.0214933181083568,False,False,0.003985108198328337,0.00032683115195566
-0.94552827,1,287.126857,False,0.10112112417690937,False,False,0.015239429762592653,0.00031977920220037126
10.159346,1,287.126857,True,0.03873891320600016,False,False,0.01546715391805397,0.00032676788797572707
10.553183,1,287.126857,True,0.026668747210268125,False,False,0.01148799193485043,0.0003266940885356294
10.6033745,1,287.126857,True,0.02538874755599462,False,False,0.003719303476725439,0.0003261507680262011
10.506217,1,287.126857,True,0.027910020125410738,False,False,0.01763532927862915,0.00032685792771208505
10.4892235,1,287.126857,True,0.02844394091070944,False,False,0.006327083473649689,0.00032676758745001436
10.640258,1,287.126857,True,0.024392980683762045,False,False,0.013876644371588087,0.0003268468084004195
10.870278,1,287.126857,True,0.018990447938376696,False,False,0.008969561520785976,0.00032675967306736197
10.146816,1,288.434308,True,0.03921083972947724,False,False,0.011607973384555652,0.0003261830661211818
9.482877,1,288.434308,True,0.07050858093835481,False,False,0.013605828396476933,0.0003255413387937203
10.132077,1,288.434308,True,0.03973432743738049,False,False,0.0123139198420499,0.00032616827552884626
10.412125,1,288.434308,True,0.030658077140598674,False,False,0.005447192821974038,0.00032674120263997963
10.162677,1,288.434308,True,0.03865371047366996,False,False,0.010888348310242383,0.00032618059979967246
10.169466,1,288.435306,True,0.038432919692244744,False,False,0.008348677348599294,0.00032678319222018327
9.930008,1,288.435306,True,0.04756830473045923,False,False,0.019773447160415725,0.00032617496459276123
10.509409,1,288.435306,True,0.027845583352100092,False,False,0.01337659008700737,0.0003261238449632302
10.478324,1,289.696718,True,0.028717122097868548,False,False,0.012044044021287748,0.00032621239450739
10.573055,1,289.696718,True,0.026173754846310182,False,False,0.0052660763933138205,0.0003267679365087178
10.746449,1,289.696718,True,0.02181907102234562,False,False,0.008904715457962254,0.00032672922934297706
-0.956328,1,289.696718,False,0.10205320330485704,False,False,0.012121209622272923,0.0003248684834286246
10.335609,1,289.696718,True,0.032895357363525446,False,False,0.017525627108798503,0.0003266888963338965
10.177026,1,289.696718,True,0.03816261637276304,False,False,0.00920231142947725,0.00032680219638830683
10.188654,1,289.696718,True,0.03777586763780196,False,False,0.00675811650979272,0.0003268441847338508
10.751334,1,289.696718,True,0.021648294548996288,False,False,0.020606206911147833,0.00032684249646020973
10.624694,1,291.026449,True,0.024833638891830188,False,False,0.004998669822847862,0.00032678138551615367
9.911635,1,291.026449,True,0.04844843868663905,False,False,0.008409204525491654,0.0003261885656321208
10.788457,1,291.026449,True,0.02082369906766721,False,False,0.011652775441619334,0.0003268554445831886
9.896041,1,291.026449,True,0.049150724878703325,False,False,0.005246532092743616,0.00032615125566727164
10.334554,1,291.026449,True,0.03299500735513183,False,False,0.006748229696087548,0.0003267386958571247
10.516978,1,291.026449,True,0.027678013468594585,False,False,0.00604874823894597,0.0003267883915554337
-2.6433854,1,291.026449,False,0.2642013267631011,False,False,0.008358150306886351,0.0003241553888528078
10.300946,1,291.026449,True,0.034045015958727866,False,False,0.007774968044465294,0.00032679144174373057
10.403924,1,292.467637,True,0.030879488604106553,False,False,0.008915255699690814,0.0003262222021308466
10.448227,1,292.467637,True,0.029577751458895147,False,False,0.010916718970542087,0.0003267959563921174
-2.4307299,1,292.467637,False,0.24291136469964322,False,False,0.011125474635022132,0.00031838296762494905
-2.7534885,1,292.467637,False,0.27508679880925363,False,False,0.014144704404406216,0.000328178504945731
10.495477,1,292.467637,True,0.028239786906440027,False,False,0.011729002252895642,0.00032676052488726917
10.551883,1,292.467637,True,0.026730487679846066,False,False,0.006449057273613192,0.0003267748153094926
10.322107,1,292.467637,True,0.03337606316694697,False,False,0.007905560160862192,0.00032617632671323065
10.651605,1,292.467637,True,0.02410470320730996,False,False,0.014374898480580878,0.00032676296414601284
9.285166,1,293.783364,True,0.08357985694292158,False,False,0.011853615389291992,0.0003254650699744512
10.696421,1,293.783364,True,0.02300847263394697,False,False,0.011751989187219094,0.00032614890852635626
10.635362,1,293.783364,True,0.024528485266390607,False,False,0.011595845458504802,0.0003268700967782077
10.321181,1,293.783364,True,0.033410090050563127,False,False,0.007104900046260571,0.0003267682519345854
10.318542,1,293.783364,True,0.03346610825608061,False,False,0.011381626607798045,0.0003268096783676511
10.489749,1,293.783364,True,0.02840911664108055,False,False,0.0099433434273278,0.00032679015897369503
10.766884,1,293.783364,True,0.021331289003914282,False,False,0.010334000506617159,0.0003268188036580594
10.482045,1,293.783364,True,0.028577389175608398,False,False,0.01835044350932823,0.000326718530055008
9.078011,1,295.132834,True,0.09929436871270611,False,False,0.01045719257802064,0.0003219284793966139
10.580783,1,295.132834,True,0.02596473695337849,False,False,0.006295747229642303,0.0003261812423054812
10.451019,1,295.132834,True,0.02951242355083252,False,False,0.008356720405288988,0.000326787816948992
10.589657,1,295.132834,True,0.02571360719018252,False,False,0.009858484252748441,0.0003267964558116043
10.707963,1,295.132834,True,0.0227237342613511,False,False,0.012568554389331632,0.00032687635136323883
10.199166,1,295.132834,True,0.03737172035225755,False,False,0.012907874573672408,0.00032674413665383534
10.534355,1,295.132834,True,0.027176050007495116,False,False,0.01132832150394551,0.00032613981294541924
-0.93667674,1,295.132834,False,0.10042885800487988,False,False,0.013617368114118459,0.000324815512245063
10.253902,1,296.715188,True,0.03553290505010188,False,False,0.013045482603817101,0.0003268391502106384
10.540115,1,296.715188,True,0.027046257645934733,False,False,0.006543514664710469,0.0003262012424379606
10.787608,1,296.715188,True,0.02086761846531692,False,False,0.0063924719995180936,0.00032676372199128776
10.63173,1,296.715188,True,0.024638018371498736,False,False,0.008187899564687537,0.00032620944649563224
10.519992,1,296.715188,True,0.027581475049371623,False,False,0.00862013834576905,0.0003267035449571101
10.640868,1,296.715188,True,0.024378947866215427,False,False,0.013599955540918056,0.00032671154121327893
10.105831,1,296.716191,True,0.04072337854259118,False,False,0.007845381427763207,0.000326800279215183
9.592585,1,296.716191,True,0.06410359718896948,False,False,0.012233679989203834,0.00032543679516579727
10.200689,1,298.042757,True,0.037315524385812635,False,False,0.013497420286324297,0.0003268243199239635
10.478256,1,298.042757,True,0.02872284880495227,False,False,0.011366415975749972,0.0003267866588363442
9.193381,1,298.042757,True,0.09030450578191068,False,False,0.01071193251724755,0.00031839858064797443
10.705186,1,298.042757,True,0.02279782687197222,False,False,0.01118254502436112,0.00032675550924797
10.499316,1,298.042757,True,0.02813842980109076,False,False,0.010803247663425556,0.00032673311596437987
-2.4434056,1,298.042757,False,0.24424912894535156,False,False,0.00748363321304554,0.00032776767768522924
10.309876,1,298.042757,True,0.033720117393729064,False,False,0.014372277180503174,0.00032669324313062454
10.800222,1,298.042757,True,0.020567250242465755,False,False,0.008530959035459551,0.000326807392437584
10.28082,1,299.301077,True,0.034642998483448074,False,False,0.015063442998048675,0.0003267640906973531
10.301105,1,299.301077,True,0.03405463478912012,False,False,0.005469970200812786,0.00032678024305821454
10.564726,1,299.301077,True,0.02639336390710242,False,False,0.0054479291757093115,0.00032616351712766326
10.442075,1,299.301077,True,0.029753782164401395,False,False,0.011050502939925499,0.00032667868478968064
10.157888,1,299.301077,True,0.038858234045124965,False,False,0.005874027135592343,0.0003267328283516881
10.732492,1,299.301077,True,0.02215308519722205,False,False,0.00849207427526461,0.00032616924477740783
10.323355,1,299.301077,True,0.033361308748853374,False,False,0.004023135587874103,0.00032675939985649945
10.488739,1,299.301077,True,0.028456380576461205,False,False,0.006522874801391313,0.00032675348920644575
10.385384,1,300.549422,True,0.03141256349583987,False,False,0.012044104336155603,0.00032680770535889535
10.325559,1,300.549422,True,0.033258988934733384,False,False,0.009356395679184936,0.00032670463433808535
10.486043,1,300.549422,True,0.02854229390332618,False,False,0.004634103417361281,0.0003267747138621192
-3.558058,1,300.549422,False,0.3556742314205098,False,False,0.00664943687193531,0.0003281886932937906
10.813234,1,300.549422,True,0.020275866601832684,False,False,0.007210539091047793,0.0003267500337214971
10.414417,1,300.549422,True,0.030605657468538994,False,False,0.0029002993285766076,0.0003262168150942589
10.145604,1,300.549422,True,0.03929378133910816,False,False,0.006052431146529062,0.00032679775294755005
9.492489,1,300.549422,True,0.06998172211009882,False,False,0.008779761042695943,0.0003254196236329734
10.223264,1,301.709415,True,0.036580817125962034,False,False,0.008832431624094313,0.00032615417066458484
10.705225,1,301.709415,True,0.022787655799994,False,False,0.013079690995489375,0.00032683735481926974
10.7080965,1,301.709415,True,0.022716417893087544,False,False,0.013410214457013696,0.0003267921894832237
10.530935,1,301.709415,True,0.027293509726236783,False,False,0.006762603322910943,0.0003266904370259057
10.323959,1,301.709415,True,0.03333058468108033,False,False,0.005904062731001455,0.0003267247533412106
10.318812,1,301.709415,True,0.03346293744720331,False,False,0.010532234873713856,0.00032672289390596893
9.258001,1,301.709415,True,0.0855664655165167,False,False,0.008833299803228827,0.0003255070147877254
10.226744,1,301.709415,True,0.036401629136129744,False,False,0.018088090378495816,0.0003268733983162394
10.214851,1,302.916025,True,0.03682932826125371,False,False,0.014095917914163866,0.00032677046276820043
10.207394,1,302.916025,True,0.0370778028208208,False,False,0.014795556035615057,0.00032671256397162726
10.135824,1,302.916025,True,0.039631090355540105,False,False,0.007910710872924605,0.00032617168642014294
10.122415,1,302.916025,True,0.04013485987101189,False,False,0.00533187494396623,0.0003261554093233669
10.617161,1,302.916025,True,0.024974230363844854,False,False,0.015201929926840123,0.0003267570713546436
10.410732,1,302.916025,True,0.030685693453253504,False,False,0.007716962973828928,0.0003268124616936013
10.664797,1,302.916025,True,0.02378689313579443,False,False,0.011994004014195644,0.0003267877338156163
10.376147,1,302.916025,True,0.03171075151790238,False,False,0.008608594200540439,0.0003260976824570092
9.811534,1,304.116177,True,0.05295216707492935,False,False,0.006465054258128571,0.00032613508178969895
10.59539,1,304.116177,True,0.025583490666034665,False,False,0.006144526543600989,0.00032676287421194917
9.287426,1,304.116177,True,0.08341048253552721,False,False,0.012513235213794676,0.0003255378006356871
10.198814,1,304.116177,True,0.03742313277114251,False,False,0.007170120217094066,0.00032670749053690664
10.342538,1,304.116177,True,0.03274142634412995,False,False,0.007763672920538914,0.00032684133740459577
10.773645,1,304.116177,True,0.021199457098080184,False,False,0.004748595218147701,0.0003267751143694183
-6.189002,1,304.116177,False,0.618654194690584,False,False,0.012299805669359351,0.0003283787974491455
10.4368515,1,304.116177,True,0.02989000782404606,False,False,0.013548013088264543,0.0003266792091168913
-0.9667399,1,305.425677,False,0.10295279413716563,False,False,0.009359691404318504,0.00032268924209378314
10.614789,1,305.425677,True,0.025042061156638068,False,False,0.013844497545213637,0.000326205399936544
9.654293,1,305.425677,True,0.06076199241218038,False,False,0.009846702496152342,0.00032553282543993294
10.675383,1,305.425677,True,0.023504336834765067,False,False,0.01601531076453904,0.0003267475118232545
9.802845,1,305.425677,True,0.053348456239055896,False,False,0.007633139991843298,0.00032547775756038645
10.271726,1,305.425677,True,0.03499832210346511,False,False,0.005662283620845183,0.00032682707820226646
10.035359,1,305.425677,True,0.043388127803680614,False,False,0.008262527614866748,0.0003261150235198925
10.45378,1,305.425677,True,0.02941081904359061,False,False,0.012316428494684195,0.0003267771378397681
10.752208,1,306.808013,True,0.021662297669392344,False,False,0.013272753563921347,0.00032683730073695375
10.431034,1,306.808013,True,0.030066546141745545,False,False,0.012146863139875654,0.00032670721485323517
10.285914,1,306.808013,True,0.03454111382822882,False,False,0.005404782553498048,0.0003267536911830084
10.391175,1,306.808013,True,0.031265773808241804,False,False,0.007639003459062251,0.000326744646873463
10.297504,1,306.808013,True,0.03410463224897598,False,False,0.015618724908452435,0.0003269011402821273
9.615725,1,306.808013,True,0.06286080795598789,False,False,0.008595574898021926,0.00032548974888524796
10.711167,1,306.808013,True,0.02265327639121557,False,False,0.011092296785659003,0.00032683981175341497
10.457941,1,306.808013,True,0.029280564880438214,False,False,0.014347775622683879,0.0003267526534794622
10.803874,1,308.197416,True,0.02047389169683956,False,False,0.010640033590547457,0.00032682937773244385
9.2740555,1,308.197416,True,0.08440787008670327,False,False,0.00921914078460273,0.0003254311636980666
10.100946,1,308.197416,True,0.040887421408899345,False,False,0.010038427051062025,0.0003267686461122383
10.367961,1,308.197416,True,0.03195224247252168,False,False,0.009605010021098854,0.00032683281362315305
10.16171,1,308.197416,True,0.038654040320191874,False,False,0.015679178216459436,0.0003268496526402801
10.145899,1,308.197416,True,0.03928394279382217,False,False,0.005953401043237976,0.00032685955494779413
10.465923,1,308.197416,True,0.029033281235845393,False,False,0.017990538034878982,0.00032670479124687936
10.299359,1,308.197416,True,0.0340868548385392,False,False,0.009136250861754121,0.0003267588377861772
10.210545,1,309.440985,True,0.037011675250270576,False,False,0.008760114140586457,0.00032614372945469395
10.339658,1,309.440985,True,0.03282442441890406,False,False,0.00873871741484366,0.00032675163482695567
10.278134,1,309.440985,True,0.03478201810338951,False,False,0.006966732615489063,0.00032677738620897007
10.721456,1,309.440985,True,0.022375220518970337,False,False,0.017314808717851286,0.0003267283377376527
10.513913,1,309.440985,True,0.027706960728967587,False,False,0.016091533543138466,0.00032678532763364575
10.11739,1,309.440985,True,0.040305168354538616,False,False,0.007084693017947873,0.0003267370149486009
10.410754,1,309.440985,True,0.030672895441471,False,False,0.009784379449659108,0.000326732346906818
10.218801,1,309.440985,True,0.03674657880399869,False,False,0.0065818420909150264,0.0003267558164049803
10.029079,1,310.67903,True,0.0436115469223685,False,False,0.011023669214293786,0.00032675986596244653
9.313834,1,310.67903,True,0.08152725726623233,False,False,0.014814761110598412,0.00032539768984795334
10.465191,1,310.67903,True,0.02909558662365648,False,False,0.010656090071960516,0.00032675814641247537
10.769994,1,310.67903,True,0.021256053273758718,False,False,0.010879227407317822,0.00032674889165462044
10.45783,1,310.67903,True,0.029294680556125104,False,False,0.012422204131937663,0.0003268513234458357
-2.2379417,1,310.67903,False,0.22376739783651217,False,False,0.007101128498553209,0.00031974551513375366
10.163333,1,310.67903,True,0.038619503838534894,False,False,0.012465068079250019,0.000326057916784482
9.795291,1,310.67903,True,0.05368400331952222,False,False,0.009837145167042009,0.00032676699128734223
10.341989,1,311.867207,True,0.032764775220918516,False,False,0.006732354004327193,0.00032609636856600286
9.270518,1,311.867207,True,0.08466848673740263,False,False,0.008683228309351912,0.00032548597321147666
10.13831,1,311.867207,True,0.03948494818292157,False,False,0.015815594798947924,0.00032617812372995233
-2.7057555,1,311.867207,False,0.2703856549973105,False,False,0.010712502819846958,0.0003277758661567618
-4.502902,1,311.867207,False,0.45008437005286744,False,False,0.010294524357280632,0.00032840126107434864
10.196219,1,311.867207,True,0.0374132571445642,False,False,0.021581975499957343,0.00032678971411066434
10.335529,1,311.867207,True,0.03292849773035646,False,False,0.012582597859236407,0.0003266562201527169
10.672461,1,311.867207,True,0.02360338139315672,False,False,0.010615025049809993,0.0003268521927228548
10.187007,1,313.034104,True,0.03778255269827645,False,False,0.014026473103465498,0.00032671187147149277
10.36294,1,313.034104,True,0.032113527060329494,False,False,0.008161075857397393,0.0003267826268646084
10.635962,1,313.034104,True,0.024539864119456727,False,False,0.0063551940773691196,0.00032673024648495285
10.414127,1,313.034104,True,0.030526708659430718,False,False,0.01779752608119815,0.0003268281966830142
10.542004,1,313.034104,True,0.02699354166814649,False,False,0.006874701799911557,0.0003267614644329017
9.98258,1,313.034104,True,0.04540146101439653,False,False,0.01866793680274938,0.0003269038456918173
10.587444,1,313.034104,True,0.025769934809215543,False,False,0.010147382827451468,0.00032677345802731067
10.488719,1,313.034104,True,0.02844861752813914,False,False,0.008012232264019243,0.0003267667430182082
10.620434,1,314.219571,True,0.024928791558761616,False,False,0.007700893504205346,0.00032678526527224694
10.803217,1,314.219571,True,0.02047004280477672,False,False,0.014768703071470022,0.000326669963073889
10.432186,1,314.219571,True,0.030053209459304234,False,False,0.008684098352825183,0.00032679513453461246
10.16642,1,314.219571,True,0.03857104140019345,False,False,0.003915313211531383,0.0003267497967471127
-1.1129725,1,314.219571,False,0.11542498681653979,False,False,0.006943470051759679,0.0003247496516246322
10.207249,1,314.220572,True,0.037086030218884514,False,False,0.014314118633281666,0.00032681759738772736
10.420485,1,314.220572,True,0.030398380912650257,False,False,0.007922525337761156,0.00032675985613957577
10.293907,1,314.220572,True,0.034241065003483534,False,False,0.012227656915463762,0.00032681620874692855
10.68042,1,315.414629,True,0.023426993992271737,False,False,0.006489279063160403,0.00032683087997775723
10.584873,1,315.415629,True,0.025848570341376643,False,False,0.007981390514315914,0.0003267455225356728
10.393456,1,315.415629,True,0.031202817610802503,False,False,0.006791061530683679,0.00032679188436291075
10.029725,1,315.415629,True,0.04360478516376716,False,False,0.008660452530759514,0.00032621803071488693
10.344817,1,315.415629,True,0.032666749652998116,False,False,0.008468324816438189,0.00032617285381861396
10.592861,1,315.415629,True,0.02564736297150549,False,False,0.0065298034204805434,0.00032613464799136624
9.385307,1,315.415629,True,0.07680467156694258,False,False,0.006155095175655851,0.00032546119572263583
9.6115675,1,315.415629,True,0.06307901786200161,False,False,0.009554122373839995,0.00032551025997135314
10.505259,1,316.690246,True,0.027969663165606572,False,False,0.011610137977567467,0.0003267371417865644
10.659279,1,316.690246,True,0.02392334622635515,False,False,0.012225626353025477,0.00032672098810598583
10.676679,1,316.690246,True,0.023499817302803924,False,False,0.010450646646024124,0.0003267264513218458
10.459182,1,316.690246,True,0.029252435712174646,False,False,0.013086423535176235,0.000326753561435835
10.836471,1,316.690246,True,0.019727945121885016,False,False,0.012191638783484178,0.00032674645821617707
10.260318,1,316.690246,True,0.03532383965079135,False,False,0.012816621299219589,0.0003268620674550615
10.386008,1,316.690246,True,0.03141534257419659,False,False,0.008459478082023164,0.00032672698263368373
10.22992,1,316.690246,True,0.03637939434954491,False,False,0.005521707067968661,0.0003267655918892094
9.987677,1,317.912667,True,0.04522927690901177,False,False,0.014467999747551068,0.0003267663950831058
9.473511,1,317.912667,True,0.07116125802375016,False,False,0.007282573451867307,0.00032555785107027965
10.331725,1,317.912667,True,0.03308284861716205,False,False,0.006763638045365676,0.0003267890013594928
10.239899,1,317.91367,True,0.03602102643193388,False,False,0.009285291388419189,0.00032674259305080024
10.256422,1,317.91367,True,0.03542760100695906,False,False,0.016473294554275823,0.0003268629123194724
10.740524,1,317.91367,True,0.021952064886926716,False,False,0.01050695114542282,0.00032674906923559185
9.364646,1,317.91367,True,0.07813709773825454,False,False,0.00926396754970543,0.00032550328206161803
10.150207,1,317.91367,True,0.03908081038954531,False,False,0.01291452271165273,0.0003261452033176131
9.707321,1,319.275144,True,0.057905473331409496,False,False,0.019339789021138767,0.0003254715547108835
10.639274,1,319.275144,True,0.02443281432035752,False,False,0.01091869373991942,0.00032680657721289626
10.011286,1,319.275144,True,0.04436288341482343,False,False,0.004621369441623708,0.00032619445129469993
10.663341,1,319.275144,True,0.023813572891320682,False,False,0.013917934180200271,0.0003261850566644699
-4.2321324,1,319.275144,False,0.42297476254297833,False,False,0.01193145105872973,0.00032810287392073974
9.584552,1,319.275144,True,0.06462838433377657,False,False,0.005687568868752704,0.0003254776629642306
10.636506,1,319.275144,True,0.02452409166359238,False,False,0.006740475381066447,0.0003260897089720704
10.236692,1,319.275144,True,0.03608922887455154,False,False,0.015071250515909958,0.0003267491527762147
9.765218,1,320.486606,True,0.055115449674179286,False,False,0.010795270336961097,0.0003261068356159057
9.763732,1,320.486606,True,0.05518481602553194,False,False,0.011075776965057434,0.00032619476452060993
10.3117,1,320.486606,True,0.033694469111957434,False,False,0.009317454702350302,0.0003267665010393882
-3.1130211,1,320.486606,False,0.3111594014162351,False,False,0.00744859925840364,0.000328194901312996
10.274165,1,320.486606,True,0.03488393374879503,False,False,0.011079308851205626,0.0003262144992755946
10.195083,1,320.486606,True,0.03754621031080123,False,False,0.007916566473151847,0.0003267660105879514
9.634233,1,320.486606,True,0.061886975146722575,False,False,0.005334527008665766,0.0003261195629701863
10.26933,1,320.486606,True,0.035061362210410736,False,False,0.007948724426430343,0.00032678803102301467
10.421839,1,321.683131,True,0.030343488227283076,False,False,0.010545655696760402,0.0003268487537812985
10.434955,1,321.683131,True,0.029960363817873426,False,False,0.01086677236670951,0.00032675620028139844
10.641471,1,321.683131,True,0.02440206077689116,False,False,0.006015685150211644,0.0003268292477034504
-1.0408055,1,321.683131,False,0.10912305109560662,False,False,0.011072227777663986,0.00032473923934070204
10.693756,1,321.683131,True,0.023071364390852663,False,False,0.012202626700313423,0.00032682825936956357
10.7751665,1,321.683131,True,0.021164212808482522,False,False,0.004704215883755619,0.00032675012673774275
10.199364,1,321.683131,True,0.03739731600621745,False,False,0.00818748903886208,0.0003260922333332607
10.3165245,1,321.683131,True,0.03351990132335644,False,False,0.012901373615776998,0.00032614153648875057
-1.898999,1,323.093729,False,0.19006537347645042,False,False,0.00944860305266216,0.0003273212609115777
10.538105,1,323.093729,True,0.027071620236543626,False,False,0.01189813247436245,0.00032669865714338636
10.553263,1,323.093729,True,0.026678115615416203,False,False,0.009334221565344025,0.00032620019518919544
10.704168,1,323.093729,True,0.022825202720681073,False,False,0.010633721848276323,0.0003268596058199658
10.669986,1,323.093729,True,0.023678854480295577,False,False,0.0077777917164337,0.0003260719805194673
10.689592,1,323.093729,True,0.023165201569045293,False,False,0.013858451228992437,0.00032672826756974114
10.633992,1,323.093729,True,0.024539364821039734,False,False,0.016299820774766462,0.00032677767384242364
10.263765,1,323.093729,True,0.03523798889041043,False,False,0.008698514145967609,0.0003262077167423656
10.470503,1,324.401449,True,0.0289777233352814,False,False,0.0049108621283920715,0.0003261644795080888
9.460976,1,324.401449,True,0.07191278023031594,False,False,0.00930441567458774,0.00032546704589616113
10.802566,1,324.401449,True,0.020492456549307085,False,False,0.013127947768328286,0.00032674272777792477
10.460382,1,324.401449,True,0.029202805171804888,False,False,0.015808513272678813,0.0003267934823164497
10.263198,1,324.401449,True,0.03524931522234213,False,False,0.009805159959631405,0.0003262390503321566
10.832367,1,324.401449,True,0.019861167887468355,False,False,0.003091547271380952,0.0003267773291604843
9.288981,1,324.401449,True,0.08322490860422806,False,False,0.01786186559210863,0.0003249069073548133
10.668323,1,324.401449,True,0.02368062286604418,False,False,0.01573435698604527,0.00032619817048777996
10.694772,1,325.626237,True,0.023075300547947354,False,False,0.0063220636776650085,0.00032673979730932505
10.273831,1,325.626237,True,0.03487120281246791,False,False,0.014714303337968321,0.0003268112837664027
10.668454,1,325.626237,True,0.023662133869135255,False,False,0.018800438615580457,0.0003266776425881919
10.641675,1,325.626237,True,0.024352806631382083,False,False,0.014740815533446286,0.0003268340781981201
10.251418,1,325.626237,True,0.03563723627092663,False,False,0.00963257687717252,0.00032611797833143736
10.657847,1,325.626237,True,0.02392113467653208,False,False,0.01982536598614166,0.0003267550533996435
10.193277,1,325.626237,True,0.03760721570989935,False,False,0.008077889621442963,0.0003261890482725705
10.690825,1,325.626237,True,0.023156840857639333,False,False,0.009398573029844965,0.0003267049349653905
10.46723,1,326.791715,True,0.029037975121607176,False,False,0.010629071589616224,0.00032689975316359157
10.834531,1,326.791715,True,0.019787405007331952,False,False,0.008659869538829162,0.0003267851377106458
10.621113,1,326.791715,True,0.024911627392610356,False,False,0.007659959318411151,0.0003267865212790681
10.374452,1,326.791715,True,0.031721318596515495,False,False,0.015334704633220472,0.00032616620019487855
10.541992,1,326.791715,True,0.02698831517510635,False,False,0.007904795748663358,0.0003267322967941156
10.07171,1,326.791715,True,0.042001050220927816,False,False,0.0072802580757637516,0.000326124462584687
10.282822,1,326.791715,True,0.03463075336731709,False,False,0.006951625603048053,0.0003267842587339404
10.352644,1,326.791715,True,0.03245061216595098,False,False,0.004479924901712065,0.00032679731035052315
-1.0291847,1,328.012793,False,0.1081304438645253,False,False,0.011452775017239802,0.0003240552174749235
10.2746315,1,328.012793,True,0.03484650304079301,False,False,0.014523113477455387,0.00032667731408459534
9.963214,1,328.012793,True,0.046313792128390374,False,False,0.003936362411982133,0.0003267553216454058
10.087064,1,328.012793,True,0.041433989129988004,False,False,0.005917101886979481,0.00032673936061344453
10.12045,1,328.012793,True,0.04015674334493887,False,False,0.012145725523786637,0.00032675870915531094
-3.9587245,1,328.012793,False,0.3956824689397492,False,False,0.009517704988664558,0.0003281678693136293
9.526669,1,328.012793,True,0.06794912067290759,False,False,0.007529770544785551,0.00032557314292458813
10.464561,1,328.012793,True,0.02913330286803972,False,False,0.007154035844448323,0.00032675680834800777
9.106196,1,329.222215,True,0.09709101675066822,False,False,0.0075331618304284855,0.00032045092704248445
10.662273,1,329.222215,True,0.02386024847841439,False,False,0.009892062241107086,0.0003267687349966703
-4.2620406,1,329.222215,False,0.42578212599406257,False,False,0.021102622646404643,0.00032839863410734506
9.923622,1,329.222215,True,0.047877416571159556,False,False,0.0152509008857361,0.00032610476797463806
10.012538,1,329.222215,True,0.044291835335640475,False,False,0.0073153293593901094,0.00032617435040115014
-2.6432886,1,329.222215,False,0.26413378582069297,False,False,0.011254588680188823,0.00032811873006710493
9.6827545,1,329.222215,True,0.059307054682577395,False,False,0.005849786844202615,0.00032547815940776095
9.236562,1,329.222215,True,0.08711487530908775,False,False,0.009575961703782986,0.0003247978793095746
10.62334,1,330.430978,True,0.02486101649306468,False,False,0.006412634851336136,0.00032679803247812186
10.118793,1,330.430978,True,0.040204263070520156,False,False,0.01390760244315482,0.00032617444353203704
10.791844,1,330.430978,True,0.02075873361964048,False,False,0.00879430195902469,0.00032676602893260044
10.316528,1,330.430978,True,0.03353202471140976,False,False,0.010958808714698485,0.00032681664054736613
10.706135,1,330.430978,True,0.022776038864202864,False,False,0.010925724433287091,0.00032677496737306506
10.247462,1,330.430978,True,0.03576760643436489,False,False,0.009672454420584502,0.00032676233105535064
10.375415,1,330.430978,True,0.03173679323580894,False,False,0.007951140547307053,0.0003267626881030792
10.652875,1,330.430978,True,0.024090094456040146,False,False,0.010936450778585693,0.00032673996959031243
10.348015,1,331.583914,True,0.03255737413562623,False,False,0.010243595878728822,0.00032679307026044256
-2.8969235,1,331.583914,False,0.28960660289022205,False,False,0.004929743994892936,0.00032190781508000123
9.0853195,1,331.583914,True,0.09861917749768159,False,False,0.015987274692901177,0.0003248017075226164
10.458288,1,331.583914,True,0.029236850649207304,False,False,0.020295214521149404,0.00032682227481721493
10.43263,1,331.583914,True,0.030039984824599072,False,False,0.008747348565144647,0.00032677067800390187
10.75621,1,331.583914,True,0.02156548748818026,False,False,0.013801636326594431,0.00032675283343239485
10.857453,1,331.583914,True,0.019278646292537387,False,False,0.007921285123437954,0.00032679161448712313
9.802995,1,331.583914,True,0.053322021326198926,False,False,0.009697861562305957,0.0003262387020018581
