#{"t_start": 1785052232.3328807, "env_id": "None"}
r,l,t,success,crossing_xy_error,touched_backboard,has_fallen,parameter_l2,mean_ctrl_delta
-0.9951538,1,2.859725,False,0.104968541759264,False,False,0.2963253307179367,0.0003257247815366258
9.214976,1,2.860728,True,0.08823122177973203,False,False,0.41663928509490517,0.00032563451843701407
9.937105,1,2.860728,True,0.047172110323211336,False,False,0.3132388040112597,0.00032663419065397423
-1.0451318,1,2.860728,False,0.10902271845861122,False,False,0.38602265947239617,0.0003236055849473658
10.214066,1,2.860728,True,0.03665232750470608,False,False,0.4421287807703751,0.00032662060558078134
10.599224,1,2.860728,True,0.02534090511694752,False,False,0.33709523777715117,0.00032654268293015246
10.233434,1,2.860728,True,0.03604372368089202,False,False,0.3819909140091589,0.0003265090564759823
-1.0238929,1,2.860728,False,0.10717948503201258,False,False,0.41303682635609157,0.00032467611159671525
10.304832,1,4.20984,True,0.03370681079438258,False,False,0.4170113488369038,0.00032779055992142764
10.124788,1,4.20984,True,0.039836306080817965,False,False,0.34637912776358654,0.00032675512841217415
10.23126,1,4.20984,True,0.03618392351948545,False,False,0.2803340107156146,0.00032658361193256167
9.104332,1,4.20984,True,0.0968894734505131,False,False,0.29578020175791103,0.0003259587477848866
9.745045,1,4.20984,True,0.055788267170302226,False,False,0.4270052455402613,0.0003273578404295309
-2.6660817,1,4.20984,False,0.26598558754914436,False,False,0.3254004405737433,0.0003183726935349433
10.2373295,1,4.20984,True,0.03597273842240447,False,False,0.29393896667760916,0.0003270008598568917
10.181455,1,4.20984,True,0.03788218521015321,False,False,0.27395303340262867,0.00032674203955922605
10.112332,1,5.591316,True,0.040325088635659236,False,False,0.2964539026483725,0.00032640133600655383
10.343501,1,5.591316,True,0.032478637394733285,False,False,0.4562847935767181,0.00032607446845474844
10.090582,1,5.591316,True,0.041137198290777714,False,False,0.28150669054082894,0.000326564217276804
9.929506,1,5.591316,True,0.047631926391706436,False,False,0.1476291228529945,0.00032659410126383026
9.262712,1,5.591316,True,0.08480109289709777,False,False,0.3846331880101104,0.000325846538196714
-2.1113763,1,5.591316,False,0.21067765452837664,False,False,0.3191442357026865,0.0003279896065228406
10.290344,1,5.591316,True,0.03425623839886529,False,False,0.27669648688308257,0.00032679119824779735
9.119942,1,5.591316,True,0.09562781513216076,False,False,0.3161002136462019,0.00032609388547854233
10.429043,1,7.081334,True,0.030009916960045412,False,False,0.31870681727630296,0.0003265806387337352
-2.9998317,1,7.081334,False,0.2992227896050344,False,False,0.38484371851104343,0.0003279184930100733
10.345786,1,7.081334,True,0.0325364041715127,False,False,0.24798093128500204,0.00032674658704816284
10.650887,1,7.081334,True,0.023976158591756055,False,False,0.43621610065329697,0.000326237155024727
9.406528,1,7.081334,True,0.07499364927734314,False,False,0.38697428062240696,0.0003262550234363336
10.258963,1,7.081334,True,0.03526204321217373,False,False,0.2903317402457854,0.0003266586447219638
10.355555,1,7.081334,True,0.03220587602889038,False,False,0.29933788794688143,0.00032585625891161694
10.758069,1,7.081334,True,0.02142686099705839,False,False,0.34009061665884277,0.00032689070151866064
10.479479,1,8.61584,True,0.028612410072619495,False,False,0.24932417860534553,0.000326898956907028
10.178891,1,8.61584,True,0.03794281678441677,False,False,0.31473125939385677,0.0003270405071538524
-2.937813,1,8.61584,False,0.29322371262857116,False,False,0.2844857254947579,0.0003278887306025771
9.18244,1,8.61584,True,0.09075873292519177,False,False,0.35299474304457285,0.00032462201967285866
-2.5968456,1,8.61584,False,0.2592864917661114,False,False,0.2166760945564666,0.0003283210148039046
10.58644,1,8.61584,True,0.025691951551721964,False,False,0.3009141214425964,0.00032707368336975655
9.401222,1,8.61584,True,0.07541976870257439,False,False,0.32342705285156065,0.00032657024334089923
10.451076,1,8.61584,True,0.02935064195098683,False,False,0.36383301524948475,0.00032645240899740276
9.628775,1,9.864913,True,0.06191759110981539,False,False,0.2979908516498609,0.0003257681698446236
10.506047,1,9.864913,True,0.027856184892636603,False,False,0.28258443248506876,0.00032652231688741105
10.169827,1,9.864913,True,0.038245720619609305,False,False,0.33286426237782246,0.0003262999426702951
10.176896,1,9.864913,True,0.03788016055235467,False,False,0.5048475418821162,0.00032686544784170867
9.940318,1,9.864913,True,0.04688317631149675,False,False,0.49791293556839944,0.0003266292863270235
10.370984,1,9.864913,True,0.03170088027768815,False,False,0.36057486274597184,0.0003268534724411554
10.777419,1,9.864913,True,0.02095749485558001,False,False,0.37921799081096,0.00032645050669948727
10.25874,1,9.864913,True,0.03529473761024394,False,False,0.2514722454927726,0.0003265935056795097
-3.9669774,1,11.140923,False,0.3961796865584222,False,False,0.25921299739590986,0.000328748697296309
9.703951,1,11.140923,True,0.05778772982022055,False,False,0.47783949240052975,0.0003267324175105817
10.340094,1,11.140923,True,0.03268273902745409,False,False,0.29495134358675135,0.0003268183822334875
10.578458,1,11.140923,True,0.025873714649011982,False,False,0.3526260421704888,0.00032691828929594
-6.527604,1,11.140923,False,0.6519822329148134,False,False,0.3890976653981196,0.00032805010803676885
10.476038,1,11.140923,True,0.028678529575182837,False,False,0.30345948587157257,0.00032718480044823233
10.869934,1,11.140923,True,0.018889888734007695,False,False,0.3354693313069845,0.0003261497849681291
9.360235,1,11.140923,True,0.07814918441086617,False,False,0.30418181219317425,0.0003264371633955674
10.316172,1,12.522664,True,0.033385271591754716,False,False,0.36114692896539086,0.0003273048333602297
-1.9570422,1,12.522664,False,0.19518424932491504,False,False,0.4094087604066499,0.0003281518207645973
-3.202777,1,12.522664,False,0.31955605895995826,False,False,0.3631816756242543,0.0003282188609577434
9.857535,1,12.522664,True,0.050569236183557,False,False,0.37114904515264135,0.0003264704909016684
-2.549959,1,12.522664,False,0.2544214915074413,False,False,0.3079450442104895,0.00032268918301952193
10.516042,1,12.522664,True,0.027523879272147642,False,False,0.38911339177421456,0.0003273492674913986
9.704115,1,12.522664,True,0.057840305776751644,False,False,0.41780901631407424,0.00032637088753664
10.3455715,1,12.522664,True,0.03247182400988047,False,False,0.3638367620846639,0.00032713892158194524
-2.4986055,1,13.74947,False,0.2493765941703773,False,False,0.26652078570569937,0.0003278095639634438
10.34732,1,13.74947,True,0.03246067684437059,False,False,0.2946298942942704,0.00032652039734053543
10.088103,1,13.74947,True,0.041235848493055456,False,False,0.2728165758555962,0.00032755782778876003
10.107911,1,13.74947,True,0.04052032058034079,False,False,0.25073509469092936,0.00032651667263967383
10.608615,1,13.74947,True,0.025083141013835148,False,False,0.3672150689490548,0.00032653614639442544
9.366726,1,13.74947,True,0.07784573048179141,False,False,0.2064658613360038,0.0003266283485222131
9.24392,1,13.74947,True,0.0862346708456296,False,False,0.3311602344660644,0.00032062895957928256
10.738421,1,13.74947,True,0.02191240213697723,False,False,0.2937219235128943,0.0003269526079294575
9.911344,1,14.990841,True,0.048134156963887786,False,False,0.4653089609684495,0.0003264038432116077
-4.3746567,1,14.991839,False,0.43652339973498977,False,False,0.4711936630734615,0.00032810512480301057
9.171708,1,14.991839,True,0.0915557260389801,False,False,0.36381691238334496,0.0003244383041100973
10.309886,1,14.991839,True,0.03364015167057488,False,False,0.26995386880423905,0.0003272861876679015
-1.0870748,1,14.991839,False,0.11286612547473696,False,False,0.24391981893904077,0.0003261627158640726
9.615348,1,14.991839,True,0.06262730045351204,False,False,0.3176821754622402,0.00032511588623167
-1.0226794,1,14.991839,False,0.10735532337987969,False,False,0.2480344708545689,0.0003263063244752757
-2.0959232,1,14.991839,False,0.2092977275138246,False,False,0.24063968326158214,0.00032750595432796096
9.434487,1,16.183095,True,0.07319794657139554,False,False,0.39332235564046697,0.00032613399388042543
10.256604,1,16.183095,True,0.03532394498084057,False,False,0.3137103335323438,0.00032619488793511663
-0.97574866,1,16.183095,False,0.10337338336838396,False,False,0.2887307363885659,0.000322650881347576
10.261657,1,16.183095,True,0.03518797374022779,False,False,0.2689736786415099,0.0003271525055115876
10.411121,1,16.183095,True,0.030594520881413595,False,False,0.21273280514810294,0.0003268038482700104
10.098064,1,16.183095,True,0.040772386687402414,False,False,0.4003198341444926,0.0003263103722949486
9.299463,1,16.184094,True,0.08221926998144412,False,False,0.37007637794851644,0.00032652082549516583
10.205577,1,16.184094,True,0.037055416999311815,False,False,0.27167592397192736,0.0003269138977001264
10.1315365,1,17.361481,True,0.03960123018548594,False,False,0.3350062964881694,0.00032705322923654386
10.445749,1,17.361481,True,0.02955378723460386,False,False,0.27486372260366515,0.00032663386476367256
10.857373,1,17.361481,True,0.019160514642434626,False,False,0.349768482511584,0.0003266491845923901
10.1895275,1,17.361481,True,0.03752696436924654,False,False,0.38489051061581137,0.00032635586723199603
10.069859,1,17.361481,True,0.04193376957787425,False,False,0.2543866737406913,0.0003265538734919594
9.946854,1,17.361481,True,0.04678281379885935,False,False,0.29154781767487825,0.0003270008369055246
10.706134,1,17.361481,True,0.022690374080315063,False,False,0.2859805624299367,0.00032685520819894384
9.535835,1,17.361481,True,0.06715189830349894,False,False,0.2952205392205639,0.00032539622895322794
9.1412945,1,18.576519,True,0.09386221068927846,False,False,0.38148314103997855,0.0003260275249517979
9.876722,1,18.576519,True,0.049659361199984486,False,False,0.43743971094900735,0.00032720668448647805
10.578369,1,18.576519,True,0.025953745602353976,False,False,0.20459153753161155,0.0003270041594814602
9.548717,1,18.576519,True,0.06627937095947718,False,False,0.40211611560610144,0.0003272745196943874
9.2536,1,18.576519,True,0.085380519822391,False,False,0.4372566078658508,0.0003261515202045974
-1.9069903,1,18.576519,False,0.19017233401907363,False,False,0.4399391242386519,0.0003277128034044312
10.258171,1,18.576519,True,0.035301804412524805,False,False,0.2691581727209735,0.00032688775572762104
-3.0182405,1,18.576519,False,0.30132488208901564,False,False,0.25392595254638856,0.0003278564305332496
9.800918,1,19.803846,True,0.053126273838481654,False,False,0.40938721230797603,0.0003252801031946373
10.069539,1,19.803846,True,0.041957928219205076,False,False,0.23836587081733923,0.0003276380817299865
10.226418,1,19.803846,True,0.03630029321343206,False,False,0.34839626505347804,0.0003269330785703453
10.030004,1,19.803846,True,0.043448090684044594,False,False,0.27343062856915407,0.00032638153051721413
10.313247,1,19.803846,True,0.033480518991165054,False,False,0.35561110446950345,0.0003267372205061367
9.5957775,1,19.803846,True,0.06371335092753506,False,False,0.31233551272358917,0.0003267417462946897
9.151185,1,19.803846,True,0.09307183342694879,False,False,0.3989855496289444,0.0003260735123172679
10.096237,1,19.803846,True,0.04091886767345206,False,False,0.29331353073691796,0.0003259797011653439
10.571895,1,20.974027,True,0.026086382329219174,False,False,0.2762699860984917,0.0003266070323829953
10.259128,1,20.974027,True,0.03524696462723877,False,False,0.3051556027189619,0.00032762014962187786
-1.2290332,1,20.974027,False,0.12514683357778225,False,False,0.42106313275404617,0.0003250600087981789
10.429078,1,20.974027,True,0.030014946744967533,False,False,0.3082624980890825,0.00032720906636242924
10.154182,1,20.974027,True,0.03876272442865956,False,False,0.3790923187119264,0.0003271948621678712
-3.3743813,1,20.974027,False,0.3368382767462282,False,False,0.30125225582620035,0.0003283696476830938
10.501534,1,20.974027,True,0.027996231244748235,False,False,0.2541707371665858,0.000326754374409508
9.86323,1,20.974027,True,0.05037414876728041,False,False,0.3048816426488159,0.00032687062860469975
10.160009,1,22.153469,True,0.038491935266960285,False,False,0.4722144623194841,0.0003268237146692505
-1.8478119,1,22.153469,False,0.18476902806922438,False,False,0.21752900473294828,0.00032726743320943925
9.663636,1,22.153469,True,0.060163281722160414,False,False,0.19660430014828828,0.0003267615592674
9.159136,1,22.154473,True,0.09254476762359576,False,False,0.34463285009423855,0.0003259726713477349
10.23649,1,22.154473,True,0.0359693662050058,False,False,0.3410148979956844,0.00032651329836006854
10.186861,1,22.154473,True,0.03766609042337358,False,False,0.316206313512712,0.0003266077899733445
10.460398,1,22.154473,True,0.029092199557766825,False,False,0.35218658864605695,0.0003259749451556399
10.412989,1,22.154473,True,0.030442742865878343,False,False,0.3782166869491983,0.00032710431095346517
-4.5818815,1,23.352018,False,0.4575359832233479,False,False,0.32612011091936516,0.00032844364786484536
10.443092,1,23.352018,True,0.029609739593292578,False,False,0.310136316330446,0.00032679514010117947
10.285717,1,23.352018,True,0.03439613854303415,False,False,0.2895734082250262,0.00032659075924115934
10.736853,1,23.352018,True,0.021992805697446754,False,False,0.20301331243715262,0.00032677754311846014
9.437462,1,23.352018,True,0.07297484277681843,False,False,0.4212182545560746,0.0003252731716743282
10.105594,1,23.352018,True,0.04063893712671602,False,False,0.2050883313143719,0.00032756813189699564
9.188024,1,23.352018,True,0.09052997867645908,False,False,0.22535623444873848,0.00032639571558962466
10.344373,1,23.352018,True,0.032515978204784926,False,False,0.35190484502070873,0.000327349046923369
-1.0788926,1,24.48097,False,0.11206840102040047,False,False,0.2962815216634837,0.00032333297778248005
9.644862,1,24.48097,True,0.0610249626084317,False,False,0.3233886684049627,0.0003267544246716245
9.975051,1,24.481967,True,0.04553295026941343,False,False,0.4011018652774434,0.000326744099643474
10.400424,1,24.481967,True,0.030859085070097787,False,False,0.29869731991124815,0.0003268672788223965
10.289748,1,24.481967,True,0.034240454692633066,False,False,0.3311810387925476,0.00032645622198673046
-3.9586368,1,24.481967,False,0.39491923370104726,False,False,0.4724161003935289,0.00032854980032890143
10.618762,1,24.481967,True,0.024848665707364676,False,False,0.3171748481965103,0.0003268866045150534
10.565375,1,24.481967,True,0.02623040338111203,False,False,0.3294921129627428,0.0003266566889700327
10.2846775,1,25.600718,True,0.03433324489689834,False,False,0.4396718819958449,0.0003265125229353188
10.476456,1,25.600718,True,0.0286428125380115,False,False,0.34625919078222794,0.00032675341292610324
9.144652,1,25.600718,True,0.09362611595219857,False,False,0.3661998919466664,0.00032063885213890966
9.196874,1,25.600718,True,0.08975930222830086,False,False,0.29546774587320074,0.0003194247195127282
9.288024,1,25.600718,True,0.08292918503871448,False,False,0.43620135327106885,0.0003267244132077538
-3.5179694,1,25.600718,False,0.35119804838367236,False,False,0.3002641527721716,0.0003286937429431166
10.315383,1,25.600718,True,0.03335974697710814,False,False,0.44128587372611083,0.0003276477021175036
9.60322,1,25.600718,True,0.06329441871616838,False,False,0.31786355037420105,0.0003261711168505517
10.779423,1,26.723445,True,0.02092030950388443,False,False,0.35934653095067026,0.0003266475775489344
10.390438,1,26.723445,True,0.03113031357160563,False,False,0.34059359601515027,0.00032676058462170895
9.968652,1,26.723445,True,0.04591070168733414,False,False,0.2578806544848222,0.0003267916489907046
10.182598,1,26.723445,True,0.03773704721932123,False,False,0.4265434266996394,0.0003264752493149687
11.031189,1,26.723445,True,0.015512440119229578,False,False,0.31013936755231103,0.00032699706622724085
10.39924,1,26.723445,True,0.030823794248874586,False,False,0.4176464665496416,0.0003260601595840092
9.435639,1,26.723445,True,0.07303024452867785,False,False,0.46843560156626085,0.00032599281467545117
9.719724,1,26.723445,True,0.05708657904294239,False,False,0.3842724004754466,0.00032629961280836053
10.41474,1,27.818575,True,0.030343402710019587,False,False,0.46055709930101024,0.00032613754331180077
10.282267,1,27.818575,True,0.03444656063370309,False,False,0.3835199712284272,0.0003272414007867935
10.286894,1,27.818575,True,0.03433121861370655,False,False,0.3320027295733631,0.0003269471756666674
10.230485,1,27.818575,True,0.03624150511999466,False,False,0.23293019222588948,0.0003271795183170335
10.0528755,1,27.818575,True,0.042526973086079216,False,False,0.3230560154728451,0.00032678368001408256
-4.203902,1,27.818575,False,0.4199440322866003,False,False,0.22316580760510948,0.0003280939362030875
10.658747,1,27.818575,True,0.023780204225850785,False,False,0.43584737074567365,0.0003267920070977413
10.384098,1,27.819581,True,0.031264124840219114,False,False,0.43300939882448997,0.00032663085600532186
9.659815,1,28.896916,True,0.06028767136965897,False,False,0.2697938538926074,0.0003266202995821226
10.429549,1,28.896916,True,0.02998812124041788,False,False,0.3309989228560551,0.000326957988037735
10.777787,1,28.896916,True,0.021031216132647166,False,False,0.2019342627590838,0.00032689615383606403
-4.325117,1,28.896916,False,0.43197753945232964,False,False,0.2671496001655998,0.00032821360934133823
-4.005814,1,28.896916,False,0.3999475451509338,False,False,0.3170868211647878,0.00032798811550847743
10.475009,1,28.896916,True,0.028691097409346045,False,False,0.33251789874655985,0.00032693518380674607
-1.2379503,1,28.896916,False,0.1259812805984027,False,False,0.40737161015318385,0.0003256047390512442
-2.8172503,1,28.896916,False,0.2813071541576075,False,False,0.21739831545906677,0.00032813806422536467
10.294756,1,30.015801,True,0.0341258424559568,False,False,0.2603482048695805,0.0003267883266932288
10.501794,1,30.015801,True,0.028026716317183075,False,False,0.18602246167221897,0.0003267569937063622
-3.1610787,1,30.015801,False,0.3156199268633801,False,False,0.24667436518747532,0.0003278076023567156
10.275265,1,30.015801,True,0.03476524968631188,False,False,0.23910739569886488,0.0003266502889224942
10.59729,1,30.015801,True,0.0254291998142925,False,False,0.2633772290329174,0.0003260248561481859
9.263958,1,30.015801,True,0.08459283406450924,False,False,0.46772161000613033,0.00032610650892842593
10.165288,1,30.015801,True,0.03840747180037709,False,False,0.32865834094011653,0.0003270165356304973
10.0431595,1,30.015801,True,0.04284500110384529,False,False,0.3943367395340433,0.00032649281627311876
9.493611,1,31.274084,True,0.06977952740223897,False,False,0.19841403460346474,0.000325797965321885
10.283406,1,31.274084,True,0.03444935502164262,False,False,0.32217655446055576,0.00032625831536777655
9.242755,1,31.274084,True,0.08639798660707376,False,False,0.2771355048357667,0.0003262184898430252
10.668365,1,31.274084,True,0.023625832864016157,False,False,0.2656915611874361,0.0003266389237744242
-2.2330494,1,31.274084,False,0.22281331419607228,False,False,0.3052995566077243,0.0003277407995218061
9.2094555,1,31.274084,True,0.08854762209684204,False,False,0.4790921763178275,0.00031747835344208094
-2.6232545,1,31.274084,False,0.26149160786219655,False,False,0.4333109287960558,0.00032790915736737513
9.895399,1,31.274084,True,0.048864275568371356,False,False,0.41419560568795194,0.00032679238069885125
10.491985,1,32.502932,True,0.028264547481286328,False,False,0.24730303995185848,0.00032682220764609937
9.531259,1,32.502932,True,0.06748115151612537,False,False,0.24305153353939915,0.0003257543410597917
10.553024,1,32.502932,True,0.026517132828105368,False,False,0.4068581398627098,0.0003261745811408133
10.698757,1,32.502932,True,0.02285597464107783,False,False,0.31361444390684196,0.00032696090509585867
10.690065,1,32.502932,True,0.02305520906317439,False,False,0.3396279292358064,0.0003271666977078651
10.839902,1,32.502932,True,0.019532531426467124,False,False,0.3866476246616204,0.0003266618891930835
10.559478,1,32.502932,True,0.02634627805432397,False,False,0.40558323032097005,0.0003263878735258785
10.396823,1,32.502932,True,0.030936695085633084,False,False,0.3475814240092966,0.00032747787991962215
9.70617,1,33.604563,True,0.057872464794037716,False,False,0.28341013039354573,0.00032598892867525024
-6.415823,1,33.604563,False,0.6409569816364573,False,False,0.31265829358317465,0.00032831045799073155
-0.990256,1,33.604563,False,0.10425358773764404,False,False,0.4818187994662606,0.00032583071811182894
9.406722,1,33.604563,True,0.07499032906066201,False,False,0.3798753497537921,0.00032633240555137425
-3.3054512,1,33.604563,False,0.3297556639563395,False,False,0.3964039018511542,0.00032781972513938834
10.448391,1,33.604563,True,0.029482686208502435,False,False,0.266917379029397,0.00032647928703779166
10.421566,1,33.604563,True,0.03027540440583647,False,False,0.23578898876804738,0.00032675020807803505
10.131474,1,33.604563,True,0.039567754110632264,False,False,0.3847091239509581,0.0003266719839153486
9.496734,1,34.799764,True,0.06952315084477828,False,False,0.2543125006397711,0.00032584999737778303
10.644936,1,34.799764,True,0.024141061899473112,False,False,0.40481097057292054,0.0003260635418135355
-4.361823,1,34.799764,False,0.4356351225433616,False,False,0.2736505609202432,0.0003285942281324953
10.166784,1,34.799764,True,0.038270425770938594,False,False,0.44963551809006647,0.0003269315248788208
10.048455,1,34.799764,True,0.04263475583295082,False,False,0.40327044749517166,0.0003267011952062662
10.277807,1,34.799764,True,0.03456824095976688,False,False,0.41725881615728233,0.00032710426805128347
10.461341,1,34.799764,True,0.029027038305145716,False,False,0.42005023560897875,0.0003266383841244567
9.891043,1,34.799764,True,0.04916229742117847,False,False,0.28913589109132,0.00032597918574502776
10.11144,1,36.20831,True,0.04033187409827944,False,False,0.33177660437239165,0.00032636913992867766
-2.5023165,1,36.20831,False,0.24947961452456963,False,False,0.40047059633448445,0.00032776798436665933
9.253899,1,36.20831,True,0.08551157338691921,False,False,0.3314955240553893,0.0003190082351368214
-0.9734555,1,36.20831,False,0.10307376614996669,False,False,0.355879389291384,0.00032512296998815133
10.437731,1,36.20831,True,0.02968608454185952,False,False,0.44534436158214824,0.0003270404473107758
-4.7372713,1,36.20831,False,0.4726948028778897,False,False,0.5161674777964615,0.0003281213742295337
9.18357,1,36.20831,True,0.09066086124817549,False,False,0.3613094554435409,0.0003209898162249383
10.316812,1,36.20831,True,0.03333963893904472,False,False,0.4019819889910342,0.0003267641043737837
10.572791,1,37.641897,True,0.026036706336860452,False,False,0.3257323424062212,0.00032695322602304804
9.719689,1,37.641897,True,0.05711846729345324,False,False,0.3542254440872623,0.00032672325559674126
-2.2364686,1,37.641897,False,0.22319843030197106,False,False,0.2829388091792275,0.00032801358247567397
-2.7989883,1,37.641897,False,0.27935158804297355,False,False,0.2826593853441473,0.00032826799584415815
-0.9352015,1,37.641897,False,0.10012613974335788,False,False,0.2494368041798341,0.00032649382577773056
9.223147,1,37.641897,True,0.08766786817767658,False,False,0.3898598628318612,0.0003181896289202992
-5.8609066,1,37.641897,False,0.5854965965930878,False,False,0.297026815242711,0.0003285287031993273
9.786271,1,37.641897,True,0.053795696525273565,False,False,0.4314265733853463,0.00032637062137177953
10.173932,1,38.984232,True,0.03807530897181849,False,False,0.37201502692837635,0.0003267475429017568
10.424323,1,38.984232,True,0.030181694073236287,False,False,0.2588261830502797,0.00032692261837733496
10.435987,1,38.984232,True,0.029816520045358046,False,False,0.3059965241268548,0.00032660996366100446
-3.1078236,1,38.984232,False,0.3102199473794982,False,False,0.28444128443848343,0.00032778915421177225
10.421077,1,38.984232,True,0.030263416413151695,False,False,0.2808090831856381,0.0003269077655438914
9.604614,1,38.984232,True,0.06308030929153777,False,False,0.4420290195283883,0.00032714040752970347
-4.224349,1,38.984232,False,0.42174376140805453,False,False,0.34565284750674746,0.0003280991423994907
10.690254,1,38.984232,True,0.023012858565010497,False,False,0.41684215677063485,0.00032613707876162477
-2.4064038,1,40.260668,False,0.240193604188175,False,False,0.2567156671281902,0.0003276401658604113
-5.5144734,1,40.260668,False,0.5508646956481775,False,False,0.29131626347800527,0.00032869245172889946
10.212681,1,40.260668,True,0.036796861175971786,False,False,0.29747160465384753,0.000327193922124558
-6.0847774,1,40.260668,False,0.6077803911189082,False,False,0.34866137616295845,0.0003287180643069397
10.280042,1,40.260668,True,0.034604203717350845,False,False,0.24970342721749575,0.00032717169096316593
10.548175,1,40.260668,True,0.026692943810518163,False,False,0.32004417981751937,0.00032575547721590037
9.258254,1,40.260668,True,0.08495961870390957,False,False,0.49705316285492457,0.0003262836673291576
10.373613,1,40.260668,True,0.03160551223251044,False,False,0.38749354310392664,0.0003270225292527868
9.85311,1,41.558181,True,0.050859333447030315,False,False,0.2690358227285356,0.0003260671796322644
10.2290745,1,41.558181,True,0.03614141623602667,False,False,0.4533376432891321,0.00032710240022715823
9.17766,1,41.558181,True,0.09099903652300169,False,False,0.43309948178063634,0.0003180660371623072
-2.4897454,1,41.558181,False,0.24850181807122967,False,False,0.2616288055111189,0.0003207182046797233
9.959199,1,41.558181,True,0.04625213171758864,False,False,0.31489622990730076,0.0003266801877151699
10.433115,1,41.558181,True,0.029833636117387204,False,False,0.4199282791997445,0.0003263603981408075
9.227014,1,41.558181,True,0.08754089849382217,False,False,0.28285521258334045,0.00031846306558374845
10.00935,1,41.558181,True,0.044170677078516477,False,False,0.3855997389332236,0.00032648530139020197
9.156903,1,42.838683,True,0.09277088986225591,False,False,0.3088244346203076,0.00032653376304724724
10.271749,1,42.838683,True,0.03481562136384166,False,False,0.337062043072437,0.00032718545390866897
9.992428,1,42.838683,True,0.04487322311635896,False,False,0.34951889441650885,0.0003265501407042506
10.32942,1,42.838683,True,0.032960869251646346,False,False,0.3791177213585553,0.0003269441396446645
10.150672,1,42.838683,True,0.038976561886623885,False,False,0.2525926816304083,0.0003263068293860727
-2.5873733,1,42.838683,False,0.25813420095669437,False,False,0.31989355236002126,0.0003278619361676967
9.201612,1,42.838683,True,0.08932026546620701,False,False,0.3520305404745405,0.000319531032251111
-3.0263448,1,42.838683,False,0.3021061537733318,False,False,0.26839823085446285,0.00031991055824202825
9.102534,1,44.126841,True,0.09680023573440445,False,False,0.44209188847205544,0.0003189418100203124
10.747917,1,44.126841,True,0.02170192254093119,False,False,0.26332708217731404,0.0003268195514333178
9.982283,1,44.126841,True,0.04522514183169116,False,False,0.41946671603489327,0.00032683984980345064
10.261749,1,44.126841,True,0.0350436082947311,False,False,0.48580245048980925,0.00032728006885428767
-4.2654624,1,44.126841,False,0.42608433286800407,False,False,0.2310149315963154,0.00032839977694234504
10.524086,1,44.126841,True,0.027263735969893104,False,False,0.4649410725558714,0.00032637381701177114
-0.936376,1,44.126841,False,0.10004769036216071,False,False,0.35668767463055057,0.0003246808086153215
10.034554,1,44.126841,True,0.043267925638766545,False,False,0.27753145933706025,0.00032649913687493506
10.248751,1,45.414298,True,0.03556756047198129,False,False,0.3354235767389684,0.0003267327666960287
-4.580006,1,45.414298,False,0.45742323518038164,False,False,0.28870847097921387,0.0003282058487766294
10.442467,1,45.414298,True,0.029694734917120713,False,False,0.19349104507819892,0.0003268208674893738
10.178566,1,45.414298,True,0.037954869385081254,False,False,0.31363326568117245,0.0003261780131011712
-1.1697164,1,45.414298,False,0.11986264642280212,False,False,0.39446185014167506,0.0003262293008383844
-2.6456478,1,45.414298,False,0.26404445086518824,False,False,0.2752172452008144,0.0003206981713943015
-3.6401465,1,45.414298,False,0.3634174142939823,False,False,0.2991630390207566,0.0003284758627802254
10.938069,1,45.414298,True,0.01741016501096311,False,False,0.3623180361031823,0.00032697331942319193
10.701327,1,46.757136,True,0.022792317532966136,False,False,0.3160868093018015,0.0003267350279311499
10.023656,1,46.757136,True,0.04358729863161403,False,False,0.4124075154237211,0.0003264630555076078
10.005143,1,46.757136,True,0.044342303942662184,False,False,0.37929007988253666,0.00032707321341096364
-4.4491806,1,46.757136,False,0.44452077928204964,False,False,0.19866813204274886,0.00032831527481613966
9.993061,1,46.757136,True,0.04486342194914553,False,False,0.3300837772241257,0.00032596199057775106
-4.2830315,1,46.757136,False,0.4274638830921487,False,False,0.41970585477452005,0.00032779598084828966
10.159065,1,46.757136,True,0.038666059574255236,False,False,0.27195650663964416,0.00032710456558008753
10.070927,1,46.757136,True,0.04183635295982292,False,False,0.3300799074239651,0.0003187490637296065
9.229239,1,48.100109,True,0.08744401522360795,False,False,0.23749169855098132,0.000325772447705503
9.1352415,1,48.100109,True,0.09431162905531389,False,False,0.39429966728502186,0.0003260165078294324
10.57466,1,48.100109,True,0.025964370066484083,False,False,0.3697878460536742,0.00032612889680339827
9.514476,1,48.100109,True,0.06839149378987693,False,False,0.31179215154212014,0.000326181732719235
10.027416,1,48.100109,True,0.04354896377629617,False,False,0.2735056907203213,0.00032654331808255877
9.836875,1,48.100109,True,0.05156637214526345,False,False,0.2997599947126877,0.0003260747209402805
-2.9973388,1,48.100109,False,0.29947306054924755,False,False,0.13503458405953522,0.0003279156805204303
10.333386,1,48.100109,True,0.03290263968585209,False,False,0.2746562262501655,0.00032688125967849453
10.562673,1,49.378635,True,0.026303940553725445,False,False,0.3257163634339709,0.0003258855519289329
10.228332,1,49.378635,True,0.036180668921211905,False,False,0.4316806842014747,0.0003274295260688215
-3.6399527,1,49.378635,False,0.36331583568134856,False,False,0.3402614645831967,0.00032822818838427564
-2.4390328,1,49.378635,False,0.24348110222275493,False,False,0.24095469458280996,0.0003277176265706052
9.829565,1,49.378635,True,0.05192437650100074,False,False,0.27362444325629814,0.00032639000108916817
10.270029,1,49.378635,True,0.03484700589182712,False,False,0.3746025649876567,0.00032642470017730905
9.803162,1,49.378635,True,0.0531502873635139,False,False,0.27155618349454186,0.00032608955637960125
10.094278,1,49.379632,True,0.04107317514801091,False,False,0.18293759462615805,0.00032631475409602143
10.426705,1,50.704999,True,0.030051235687383854,False,False,0.3642954116471569,0.00032675270936552534
-5.34531,1,50.704999,False,0.5338271571183416,False,False,0.35194383456519535,0.00032852337794684954
10.671951,1,50.704999,True,0.023480433233602903,False,False,0.3800835929969627,0.00032667493671072667
9.202351,1,50.704999,True,0.08917656427107225,False,False,0.4114604526193306,0.00032050952065432664
10.129034,1,50.704999,True,0.039757727470559605,False,False,0.24286223227859458,0.00032699924594326756
9.847382,1,50.704999,True,0.05103277001957222,False,False,0.362947560808793,0.0003258200999365127
10.450141,1,50.704999,True,0.029398862456125364,False,False,0.32603438191374273,0.0003270147677524196
-2.9946537,1,50.704999,False,0.2987218760852048,False,False,0.3764903495888402,0.00032797914704259815
-2.746466,1,52.007547,False,0.2742243463852507,False,False,0.22183699605560628,0.0003280683101220525
10.38215,1,52.008547,True,0.03134201514552491,False,False,0.4000689908785577,0.00032690452149403175
9.985243,1,52.008547,True,0.045187833309419854,False,False,0.3176687705994802,0.0003271672376520696
10.668325,1,52.008547,True,0.023627216891806035,False,False,0.26486441366784014,0.0003268983960449391
9.836796,1,52.008547,True,0.051644464499284656,False,False,0.21805246975697704,0.0003268915632963336
-1.1590656,1,52.008547,False,0.1190157769300234,False,False,0.338039926817747,0.00032601129030145884
-3.6992779,1,52.008547,False,0.36946621221007825,False,False,0.23123161338210327,0.000328092255935156
10.166578,1,52.008547,True,0.03846382685751371,False,False,0.18382875646541924,0.00032673022427180475
10.320096,1,53.305182,True,0.0332745468573073,False,False,0.3417900279674991,0.00032699375012766715
9.306009,1,53.305182,True,0.08184076767580102,False,False,0.3139511062703905,0.0003266058691250762
10.744423,1,53.305182,True,0.0218056884632238,False,False,0.2186612130030241,0.0003265899184328256
9.588492,1,53.305182,True,0.0642437440518599,False,False,0.20185976758479665,0.00032696194767287725
10.299485,1,53.305182,True,0.033818642114880476,False,False,0.5074907105159701,0.0003264086158171497
9.767136,1,53.305182,True,0.05486929609672216,False,False,0.2663388527389988,0.00032677665476795993
9.938657,1,53.305182,True,0.04709352345258933,False,False,0.3294213809941269,0.00032652746273564257
10.417507,1,53.305182,True,0.030325534548346505,False,False,0.3527960663175634,0.00032738745759201945
10.432426,1,54.800392,True,0.029930746766953436,False,False,0.2862802711931579,0.00032605831384499145
9.609916,1,54.800392,True,0.06298666680699824,False,False,0.2619590367675805,0.0003269003190970037
-3.3138282,1,54.800392,False,0.33077355650192014,False,False,0.30625988753532807,0.0003282780425812799
10.610574,1,54.800392,True,0.02510193064103471,False,False,0.23274406368363287,0.00032687761716047875
10.172033,1,54.800392,True,0.038157472996744074,False,False,0.34902171762327117,0.00032650626161129064
10.570787,1,54.800392,True,0.02608539104129403,False,False,0.3334821441389749,0.0003267659601532891
10.2454195,1,54.800392,True,0.035632132921370414,False,False,0.40396415064082897,0.0003271503816226257
-3.2063353,1,54.800392,False,0.3199099075146565,False,False,0.3641513294077259,0.000327891220605907
-3.3082023,1,56.16126,False,0.3298507027657563,False,False,0.48643989354875783,0.000328327042647106
-2.2888968,1,56.16126,False,0.2282314856116924,False,False,0.3787546054360225,0.0003282498718190549
9.470651,1,56.16126,True,0.07128099413877202,False,False,0.11883074316271944,0.00032526696405757287
10.224447,1,56.16126,True,0.036416031181735455,False,False,0.27422191846391303,0.00032642412857106874
10.539368,1,56.16126,True,0.02690401231351157,False,False,0.3668517467467905,0.00032636921193770303
9.200606,1,56.16126,True,0.08942866746745537,False,False,0.3297990560118611,0.00031857661740382717
-1.0420651,1,56.16126,False,0.10877038623846891,False,False,0.3811662808351753,0.00032341119335890176
9.238057,1,56.16126,True,0.08681197645101384,False,False,0.22809141199310973,0.00031833178264885836
-6.6477737,1,57.534494,False,0.6641181924570613,False,False,0.3296024436393618,0.00032846340964588186
10.69187,1,57.534494,True,0.023021986107804735,False,False,0.3173713649103377,0.00032750357416571084
10.462822,1,57.534494,True,0.029081955804482633,False,False,0.24901298273078018,0.0003266187392411433
9.477695,1,57.534494,True,0.07052967312385684,False,False,0.3778552991040892,0.0003257600566814723
-2.1916199,1,57.534494,False,0.21875254644835285,False,False,0.27283974792669596,0.0003281159615914817
-3.9331608,1,57.534494,False,0.39225829562182624,False,False,0.5291041757321423,0.00032831968711768874
10.826978,1,57.534494,True,0.019888333318821082,False,False,0.24011948175554235,0.0003266136341640987
10.34517,1,57.534494,True,0.03253475351630064,False,False,0.2814655680377037,0.0003268073709033094
10.12272,1,58.927543,True,0.03988815285475531,False,False,0.378113130045616,0.000326772292232839
-2.7132835,1,58.927543,False,0.2706449729830012,False,False,0.3537667204164592,0.0003214859454003172
10.432306,1,58.927543,True,0.02987000065025515,False,False,0.3974031853572941,0.0003260285976674984
-1.8648615,1,58.927543,False,0.18625021266643177,False,False,0.3192226212075632,0.00032755666000766837
10.409479,1,58.927543,True,0.030621545899486947,False,False,0.24885599460846636,0.00032626631426150665
10.57886,1,58.927543,True,0.025882417287613473,False,False,0.31587270917200505,0.0003269162917371286
9.266578,1,58.927543,True,0.08463364415213792,False,False,0.30822490225815663,0.0003262865140746509
10.262428,1,58.927543,True,0.035180484947863806,False,False,0.24189761184806854,0.00032672957421356347
10.060181,1,60.24673,True,0.042235996378440235,False,False,0.33946265104274975,0.0003264250748705155
-1.0628998,1,60.247732,False,0.11033479733767161,False,False,0.5053793811655031,0.00032386555083412506
10.221525,1,60.247732,True,0.03640303461467392,False,False,0.4397242001950853,0.0003263909017330056
9.474287,1,60.247732,True,0.07067488579773132,False,False,0.4297094368583686,0.00032499023630911436
10.325989,1,60.247732,True,0.03309292048699936,False,False,0.33826503375052774,0.0003258775829908789
-3.2530682,1,60.247732,False,0.32464333260769734,False,False,0.3337377442546374,0.00032849453289204584
-2.426378,1,60.247732,False,0.24178042229644198,False,False,0.46030757437142283,0.00032786697337723613
10.839038,1,60.247732,True,0.019550673960953658,False,False,0.3892532317832,0.0003273593327937659
9.187564,1,61.66825,True,0.09032708314601562,False,False,0.38299908429055995,0.00031806772296136623
-3.2233367,1,61.66825,False,0.3217438023930737,False,False,0.29712879148395854,0.00032819660725919237
9.453885,1,61.66825,True,0.07199324262956397,False,False,0.38296376975616603,0.00032577470791476975
9.884024,1,61.66825,True,0.04951020761861012,False,False,0.2421777701239802,0.0003260572346062753
10.200289,1,61.66825,True,0.03719844455336006,False,False,0.3262560470523861,0.0003262175979023004
-3.449757,1,61.66825,False,0.34439468214898006,False,False,0.29154346775572626,0.0003277725813382236
9.71778,1,61.66825,True,0.057145968945978246,False,False,0.42225328845469906,0.0003265421725638452
10.145615,1,61.66825,True,0.03912623628514461,False,False,0.29489959004676225,0.0003268760338974757
10.2354355,1,63.182067,True,0.035899446704564214,False,False,0.4990416408259627,0.00032684001057678913
10.084352,1,63.182067,True,0.04130926066272492,False,False,0.36185686624462765,0.00032674868557193963
10.475682,1,63.182067,True,0.02868178950692273,False,False,0.31546766961580935,0.0003258882266751514
10.929334,1,63.182067,True,0.017599633139075234,False,False,0.3519931592173127,0.0003268548049109242
9.2107725,1,63.182067,True,0.0885190692193733,False,False,0.4325020359216758,0.00031929368349696216
9.937859,1,63.182067,True,0.04720539625452599,False,False,0.2359345609354738,0.000325958261503287
10.334334,1,63.182067,True,0.03283273092710885,False,False,0.34013498027199723,0.00032661104496976406
9.148372,1,63.182067,True,0.09343691364081023,False,False,0.30275392649424737,0.00031885227095433547
11.048426,1,64.643714,True,0.01506627732801474,False,False,0.5647703801177549,0.0003263155226725786
-3.70058,1,64.643714,False,0.3695897186191572,False,False,0.2345799033571384,0.0003282924284868711
9.210628,1,64.643714,True,0.08878428838374655,False,False,0.26107514776792634,0.0003176986044028616
10.075917,1,64.643714,True,0.04156649365494699,False,False,0.43951329070445977,0.0003272115615216209
9.193853,1,64.643714,True,0.08982016519854812,False,False,0.40587592217426854,0.00031835316898856067
-2.1165354,1,64.643714,False,0.21128413289081888,False,False,0.2720714273486704,0.0003276345280517277
-3.5662665,1,64.643714,False,0.35613767222708176,False,False,0.24519341609678094,0.00032863419303936234
-0.9947527,1,64.644719,False,0.10493142945605295,False,False,0.29856994491580624,0.000324817820910832
10.632442,1,66.220102,True,0.02450396470615043,False,False,0.3102671802568151,0.00032701606573749646
9.250259,1,66.220102,True,0.08545282263253068,False,False,0.5541680146106621,0.0003262028416431735
10.45503,1,66.220102,True,0.029240665772083053,False,False,0.35912320222885774,0.00032705566965600294
10.669488,1,66.220102,True,0.02356618822720268,False,False,0.3298864170907753,0.0003268510428898575
10.139079,1,66.220102,True,0.039268660006446875,False,False,0.42192956268122805,0.00032578342715565265
10.255347,1,66.220102,True,0.035288502047003234,False,False,0.4306720344285305,0.00032693935599028596
9.394354,1,66.220102,True,0.07567361875726744,False,False,0.47176028092802297,0.00032688302633851365
10.325093,1,66.220102,True,0.03313830919484886,False,False,0.3102003148781468,0.0003267882395835627
10.3487015,1,67.89231,True,0.03238800551164944,False,False,0.3440744020030491,0.0003270282899226519
10.684542,1,67.89231,True,0.02312906318088917,False,False,0.46483508586607464,0.00032662483977547254
9.80313,1,67.89231,True,0.05310989046996182,False,False,0.3162280650500418,0.000326815639586431
10.300811,1,67.89231,True,0.03390544650293513,False,False,0.3042109624627644,0.00032700885738529134
-0.9709008,1,67.89231,False,0.10281710912877044,False,False,0.3841381283701864,0.00031938309732795886
9.332005,1,67.89231,True,0.08008202333635338,False,False,0.28815328886651176,0.0003259227791890244
10.202408,1,67.89231,True,0.03708746008403279,False,False,0.3830518293751126,0.00032698603584824687
10.096075,1,67.89231,True,0.040810149425342265,False,False,0.448558971853186,0.00032666085070408605
10.007158,1,69.384523,True,0.04423902897687685,False,False,0.40879457380367323,0.0003266958424014324
9.40708,1,69.384523,True,0.07510200904247828,False,False,0.2756501713707524,0.00032619345236000423
-3.5200922,1,69.384523,False,0.3513061647718104,False,False,0.3523567834643723,0.00032882896019733985
-6.597377,1,69.384523,False,0.6591233595196752,False,False,0.30715658653566535,0.0003278290411058315
9.225922,1,69.384523,True,0.0877576020839942,False,False,0.19023684823642217,0.0003261766875574043
9.895288,1,69.384523,True,0.04888339781846028,False,False,0.3976687563542754,0.00032713774833156275
-1.893423,1,69.384523,False,0.18914531701273318,False,False,0.28123259235422704,0.00032792745996796144
10.209424,1,69.384523,True,0.03680356299256405,False,False,0.4503699877652243,0.00032711711477371617
-6.5868464,1,70.749566,False,0.6578478745102448,False,False,0.41837635403440104,0.0003281623758206913
9.797862,1,70.749566,True,0.053407094385235915,False,False,0.26319902475040186,0.00032679165889786335
9.764078,1,70.749566,True,0.05484708452774073,False,False,0.44224696335198815,0.00032557961457766154
9.294782,1,70.749566,True,0.08244208385358186,False,False,0.44499951864672815,0.0003246270021304077
10.069909,1,70.749566,True,0.041854640998119884,False,False,0.35671071851021147,0.00032686953815819474
10.257853,1,70.749566,True,0.03519736570109847,False,False,0.4448289195149805,0.0003269850905982505
-1.9915621,1,70.749566,False,0.19871368989054855,False,False,0.3541019464794125,0.0003273408871548364
-5.824978,1,70.749566,False,0.5818571994904375,False,False,0.3202838949556179,0.00032835583817747107
-2.2439477,1,72.168871,False,0.22370097400954958,False,False,0.40465373013975825,0.00031537476698439347
-6.3624735,1,72.168871,False,0.6354815513432811,False,False,0.3828974772267903,0.0003279690624857995
10.671038,1,72.168871,True,0.023473521364491844,False,False,0.43974530427082476,0.00032616406672643453
-5.180151,1,72.168871,False,0.5174358229894985,False,False,0.2896409914176317,0.0003282269827444649
10.144169,1,72.168871,True,0.03914237647123174,False,False,0.3445184091214607,0.0003272972554716834
10.570591,1,72.168871,True,0.02609262952468732,False,False,0.3295831680232709,0.000326963725928024
-3.8696017,1,72.168871,False,0.38627022083335893,False,False,0.3452278330302754,0.0003290217013084139
10.213946,1,72.168871,True,0.036743900609192984,False,False,0.31247479254381455,0.00032685831228804283
-1.9861432,1,73.660975,False,0.19846670191313737,False,False,0.20774576539111678,0.00032744161056707193
10.2261915,1,73.660975,True,0.03635010244513144,False,False,0.28536033677978473,0.0003269726714896095
9.101292,1,73.660975,True,0.09691140996309101,False,False,0.4339621884579891,0.00031491205960788144
10.2853985,1,73.660975,True,0.03441328856352623,False,False,0.278759496797624,0.0003268652743689422
10.158801,1,73.660975,True,0.038641151965639026,False,False,0.320521153913658,0.00032675010650105114
10.388889,1,73.660975,True,0.03126594632084202,False,False,0.1904362970495067,0.00032643468643667634
10.296781,1,73.660975,True,0.034050375187181216,False,False,0.27758871237361216,0.00032664939848215974
10.689358,1,73.660975,True,0.02304067510448669,False,False,0.40473252032459894,0.0003270394879770205
9.153631,1,75.370344,True,0.092967525570793,False,False,0.34449239804013726,0.000319691216611385
10.26887,1,75.370344,True,0.0348007456658967,False,False,0.5039297033157664,0.0003262153169573753
-1.0561754,1,75.370344,False,0.11003085799728186,False,False,0.34686498011539657,0.0003248552130977343
10.077344,1,75.370344,True,0.04157070141295847,False,False,0.3625860703903932,0.0003258724377389401
10.360591,1,75.370344,True,0.0320600278127388,False,False,0.28700164550449425,0.00032632419385944446
9.862003,1,75.370344,True,0.05042077961943555,False,False,0.3139189092724031,0.0003250867666595639
10.644846,1,75.370344,True,0.024217053404905924,False,False,0.2581494700070008,0.0003271283495972385
-3.9516764,1,75.370344,False,0.39473327859884777,False,False,0.2173692554253241,0.00032834414056373865
10.705746,1,76.861551,True,0.02271590438958703,False,False,0.25268410972019595,0.0003265366332764097
10.355097,1,76.861551,True,0.03208709261959721,False,False,0.5172100591758444,0.0003268606452860234
10.328524,1,76.861551,True,0.03301039274638688,False,False,0.34418296576101143,0.00032695297214123886
10.400754,1,76.861551,True,0.030839803623084264,False,False,0.31478722205806187,0.00032657866644043496
10.65132,1,76.861551,True,0.023958941975009033,False,False,0.44895761715991206,0.00032669325329031225
-1.000989,1,76.861551,False,0.10538614202251255,False,False,0.3374931871911488,0.00032629659750238915
10.280095,1,76.861551,True,0.03460410655754984,False,False,0.24720096682927728,0.0003259623440999279
10.0416565,1,76.861551,True,0.04293202139280397,False,False,0.35654817021040514,0.0003261240099039906
10.5347595,1,78.21358,True,0.027018491503095144,False,False,0.38471187646024607,0.00032718358768475236
-0.94469905,1,78.21358,False,0.1007131172641327,False,False,0.36199309639918836,0.0003249651647419045
9.391211,1,78.21358,True,0.07608054492201437,False,False,0.31729324303431644,0.00032616037117817894
10.240462,1,78.21358,True,0.03572308481854392,False,False,0.5140835792305716,0.0003263704077996481
9.205923,1,78.21358,True,0.0887909017809965,False,False,0.49185597260835295,0.0003258665635963064
10.639672,1,78.21358,True,0.024300199010623608,False,False,0.35178539647560925,0.0003263957178169402
10.308772,1,78.21358,True,0.03370168912714445,False,False,0.2281016441392732,0.00032689575403883637
9.160799,1,78.21358,True,0.09235001190553241,False,False,0.3886397977272322,0.0003095706514767667
10.181168,1,79.597528,True,0.03781866711232776,False,False,0.38005533708718364,0.000326755081584103
10.04212,1,79.597528,True,0.04297150794249254,False,False,0.2821443310199067,0.0003268171360537968
10.74646,1,79.597528,True,0.02173158791637007,False,False,0.2734176381083204,0.00032690685209182295
10.4602785,1,79.597528,True,0.029147549320336568,False,False,0.26054637378226647,0.00032717951928090417
10.143974,1,79.597528,True,0.03903557238011105,False,False,0.5043644086546946,0.0003259407779197702
10.427926,1,79.597528,True,0.03007096449559421,False,False,0.2692306499603523,0.00032651698501588657
10.548794,1,79.597528,True,0.026672243116116608,False,False,0.32776287427782835,0.00032667064002473817
10.283092,1,79.597528,True,0.034533617794550525,False,False,0.20681322795363474,0.0003269502316791991
10.303826,1,80.97082,True,0.03378232025261304,False,False,0.34780503394913304,0.00032631467033921016
9.896831,1,80.97082,True,0.048819170216197694,False,False,0.3946817004475714,0.0003263665631106574
-2.6702838,1,80.97082,False,0.26648343257781887,False,False,0.28635213320385117,0.0003288127082718894
-0.994659,1,80.97082,False,0.10504335141933478,False,False,0.2266516764635469,0.000324578821077816
10.567254,1,80.97082,True,0.026238131830998424,False,False,0.2209106602707081,0.0003267988863859168
10.59256,1,80.97082,True,0.025509902183838914,False,False,0.34443956138447784,0.0003259339566985757
10.396323,1,80.97082,True,0.030991094588185653,False,False,0.28074854767211216,0.00032653229843097355
-2.5065477,1,80.97082,False,0.25026585042409455,False,False,0.21828269996680377,0.00032763002095316507
10.422888,1,82.368889,True,0.03023865466668911,False,False,0.23274470291469432,0.0003269271311879001
9.242003,1,82.368889,True,0.08647470737878318,False,False,0.26199271102873567,0.00031808388100671055
10.423766,1,82.368889,True,0.030096329917571926,False,False,0.43355711242376527,0.0003273658995798606
9.506191,1,82.368889,True,0.06882014425879801,False,False,0.3665373561854281,0.0003259742779333562
10.208382,1,82.368889,True,0.03686861127797714,False,False,0.4064689508168049,0.00032671005409701546
9.46942,1,82.368889,True,0.07105207552152479,False,False,0.36594653295571006,0.00032611461924799567
10.862398,1,82.368889,True,0.019046726788215007,False,False,0.35606079445730693,0.000326782788911189
9.120271,1,82.368889,True,0.0954479861564551,False,False,0.41436760955514607,0.00032520297515437963
10.314958,1,83.749291,True,0.03345356106534574,False,False,0.31296108490103286,0.0003262998102270144
10.786745,1,83.75029,True,0.02077964720613835,False,False,0.2975193477318669,0.0003270785786355366
10.035555,1,83.75029,True,0.043158077766950693,False,False,0.3691037345040558,0.0003261261832245451
-5.4105926,1,83.75029,False,0.5403702230541929,False,False,0.3445232103164455,0.00032872366509122884
10.046993,1,83.75029,True,0.042804205614326254,False,False,0.25565102291964764,0.00032661269586775285
-0.99858534,1,83.75029,False,0.10524483684446206,False,False,0.3020421759036234,0.00032030117932830047
10.250063,1,83.75029,True,0.0354999569296278,False,False,0.372552331596993,0.00032668552798295175
10.46466,1,83.75029,True,0.02900906148507921,False,False,0.2858943716249842,0.00032662669449666336
9.819849,1,85.158999,True,0.05229226727349498,False,False,0.3595383968661068,0.00032686186970922864
10.369261,1,85.158999,True,0.031770527063901446,False,False,0.331340213499027,0.0003270695777391649
9.148162,1,85.160001,True,0.09339555040288287,False,False,0.34005895404987335,0.0003189236995740018
10.064669,1,85.160001,True,0.04211889837056634,False,False,0.2692616061429213,0.0003266139944866481
10.120288,1,85.160001,True,0.04002952353136826,False,False,0.3046343391757835,0.00032676750559035734
-2.111195,1,85.160001,False,0.21062851627454476,False,False,0.3347890674720207,0.0003279521532991735
9.181926,1,85.160001,True,0.09084241356368068,False,False,0.32336574821518077,0.0003184985239286583
9.672039,1,85.160001,True,0.05964350865531756,False,False,0.2716068500273733,0.00032627319320791866
10.337715,1,86.525584,True,0.03277545501448587,False,False,0.26369489291638004,0.0003271574274030982
10.305833,1,86.525584,True,0.03374826628397012,False,False,0.3013458920209241,0.00032595201429678924
9.947119,1,86.525584,True,0.04671390740987695,False,False,0.36112285291360635,0.00032671751733106614
9.54037,1,86.525584,True,0.06685704940722681,False,False,0.3212100633381778,0.00032552443603826365
10.220721,1,86.525584,True,0.036525709411492864,False,False,0.2973088875131384,0.00032684201192564286
10.643833,1,86.525584,True,0.02424556590108022,False,False,0.2521578719195176,0.0003271243441510726
10.237348,1,86.526584,True,0.03593465203114671,False,False,0.3504139744637584,0.00032660578630395375
10.365543,1,86.526584,True,0.031951768364904425,False,False,0.21770525879780464,0.00032700526894293515
-1.8929771,1,88.113258,False,0.18863894460245714,False,False,0.5152351024025996,0.0003267537700606834
-3.209161,1,88.113258,False,0.32037559213934946,False,False,0.2725605270024552,0.0003281116131487292
10.393471,1,88.113258,True,0.031074383625079093,False,False,0.28306835658522334,0.0003271455435646591
9.1438465,1,88.113258,True,0.09362893257688344,False,False,0.40465853878853225,0.0003210544082266953
10.105644,1,88.113258,True,0.040541835397023884,False,False,0.3347850771720708,0.00032639733464165767
10.106018,1,88.113258,True,0.040512338681493794,False,False,0.356282017803359,0.0003271547331284482
-3.5094483,1,88.113258,False,0.3502564382443982,False,False,0.3450400101335594,0.0003278976279204043
10.432964,1,88.113258,True,0.02985864483910604,False,False,0.38416743112628376,0.0003271356608609023
-4.377707,1,90.191915,False,0.4370582208913724,False,False,0.356294017296864,0.0003282709069458234
10.415192,1,90.191915,True,0.030321332516705702,False,False,0.4757670372252851,0.00032604892187783845
10.399774,1,90.191915,True,0.030787161729527703,False,False,0.4529797629807215,0.00032643129689886754
10.165856,1,90.191915,True,0.03836712388538045,False,False,0.35784591717344605,0.000326186071122212
10.29466,1,90.191915,True,0.034068809405755726,False,False,0.3546787955764332,0.00032656416057886525
10.052784,1,90.191915,True,0.042509959737134395,False,False,0.3499009836208131,0.00032672535050772347
10.293849,1,90.191915,True,0.03408918834683816,False,False,0.36319680871321014,0.00032661579453016994
10.525443,1,90.191915,True,0.02729046026396359,False,False,0.3478445924953206,0.000326832728889608
10.660739,1,91.685773,True,0.023709487566790817,False,False,0.47843188585504964,0.0003268976265031005
10.148975,1,91.685773,True,0.03895610085224042,False,False,0.3662493760886657,0.00032702301005594546
-4.2879534,1,91.685773,False,0.4283058336046801,False,False,0.2448042261948982,0.00032821649233873195
10.723051,1,91.685773,True,0.022195233093295803,False,False,0.4688109214041968,0.0003267550631335107
10.566134,1,91.685773,True,0.02613281636400129,False,False,0.4762091855157022,0.00032675958403860153
10.430268,1,91.685773,True,0.0300212819287076,False,False,0.23779122180064055,0.00032666967171393634
10.109467,1,91.685773,True,0.04036072903819655,False,False,0.39096827823210084,0.0003268616709021202
10.167531,1,91.685773,True,0.0383428909630139,False,False,0.3087184451326505,0.00032653107695619697
9.97468,1,93.197695,True,0.04556300826071842,False,False,0.3826496692629289,0.0003267595938032684
9.405266,1,93.197695,True,0.07509094604653802,False,False,0.3748717552540581,0.00032560264224640713
-3.1681507,1,93.197695,False,0.31604955295614934,False,False,0.38541948229245854,0.00031954970970851654
9.711782,1,93.197695,True,0.057484352094663994,False,False,0.38602192683057507,0.0003266892563397297
9.835354,1,93.197695,True,0.05152551565514571,False,False,0.42069634777569764,0.0003270942304905582
10.300725,1,93.197695,True,0.033856949486494634,False,False,0.38500726990703904,0.0003260424079036287
10.745684,1,93.197695,True,0.021683689696771147,False,False,0.4135839281923507,0.0003267214581882606
10.3245325,1,93.197695,True,0.03318133590575027,False,False,0.26922418877992677,0.0003270265485075126
10.408255,1,94.692679,True,0.030498722698130417,False,False,0.5193220936836522,0.0003258806184937123
10.035116,1,94.692679,True,0.04312781488717656,False,False,0.4301224812663868,0.0003272052740832457
-2.8188837,1,94.692679,False,0.28119080396582025,False,False,0.3572735533888867,0.00032768745226100876
-5.4012794,1,94.692679,False,0.5394166944601468,False,False,0.3556215219996893,0.0003282065955560329
9.936468,1,94.692679,True,0.04702839822835358,False,False,0.5166366142271024,0.0003265344390541146
10.316331,1,94.692679,True,0.03326027847344589,False,False,0.552882852413791,0.00032612340726893716
9.79675,1,94.692679,True,0.05303501459706901,False,False,0.7152364582617283,0.00032684611333893063
10.677915,1,94.692679,True,0.023383105484907817,False,False,0.2791479422671687,0.00032713809741122333
10.25608,1,96.216379,True,0.03528309642114734,False,False,0.40232535592869095,0.00032683647252647156
10.605784,1,96.216379,True,0.02506512327592876,False,False,0.5438193057622577,0.00032601271797798147
-4.556182,1,96.216379,False,0.4546698137519339,False,False,0.4742085691070772,0.0003284034748735833
10.37982,1,96.216379,True,0.03141736482261224,False,False,0.39062884964346506,0.00032683070906224735
10.074479,1,96.216379,True,0.04171054316427713,False,False,0.31956081385126656,0.00032599682849677347
10.750845,1,96.216379,True,0.02159135240468068,False,False,0.35134957669838324,0.00032682876953638864
10.275135,1,96.216379,True,0.034691037327368834,False,False,0.36042658387824295,0.0003270934491883514
-1.1661317,1,96.216379,False,0.11939627907921957,False,False,0.4772408833908917,0.00032613952404886645
10.524188,1,97.775793,True,0.02734149051143133,False,False,0.3166323974967445,0.000326815485488558
10.15983,1,97.775793,True,0.03845200619035132,False,False,0.5380510000910728,0.0003267149185502318
9.068976,1,97.775793,True,0.09962204715351684,False,False,0.35280099441336243,0.00032633578722885944
10.258907,1,97.775793,True,0.03524592363357192,False,False,0.317771056980483,0.0003273091640795868
9.179859,1,97.776794,True,0.09091300588428693,False,False,0.3800214132297403,0.00031900817332303834
-2.9963791,1,97.776794,False,0.29885454067617323,False,False,0.396397705465125,0.0003284427661725145
10.31411,1,97.776794,True,0.03342362400603736,False,False,0.403055810248663,0.0003268267388806076
-6.2281203,1,97.776794,False,0.6218396991437237,False,False,0.4861611078501016,0.00032832578155866964
-2.6723611,1,99.351879,False,0.26632657485796096,False,False,0.4687138116871348,0.00032073688017220965
-2.829743,1,99.352876,False,0.28197493735448426,False,False,0.5079575666809937,0.00031941049211629276
9.758086,1,99.352876,True,0.055132461280543686,False,False,0.44697530863163354,0.00032712631161772545
10.867252,1,99.352876,True,0.018958055032303283,False,False,0.31456255681212303,0.0003268209060785524
10.290943,1,99.352876,True,0.03405805717126004,False,False,0.5573742875637928,0.0003265226148116257
-6.6292057,1,99.352876,False,0.6622177417477048,False,False,0.3514236139976191,0.00032809561302423986
9.129743,1,99.352876,True,0.09468753566794413,False,False,0.42762590693658,0.00032625296524591626
10.254508,1,99.352876,True,0.03540144003360647,False,False,0.3002935812725975,0.00032610356012789654
-3.173948,1,100.762269,False,0.3166651045174584,False,False,0.36745964302710876,0.00032814693983547775
10.49395,1,100.762269,True,0.02809580792905782,False,False,0.45329624824825365,0.0003262255275379039
9.648716,1,100.762269,True,0.06072031899138299,False,False,0.41648515205025805,0.00032677323211618606
10.482398,1,100.762269,True,0.02835774331682,False,False,0.5591433506400958,0.0003274217869215886
10.116595,1,100.762269,True,0.04002762641156575,False,False,0.49186869128122435,0.00032537254981404416
10.454067,1,100.762269,True,0.029127142900191277,False,False,0.6071118506657368,0.00032627202599225057
10.254367,1,100.762269,True,0.03536750733984439,False,False,0.3590561105731389,0.0003270000760319324
10.673483,1,100.762269,True,0.023426204959780265,False,False,0.41333702958421675,0.00032653674561272395
-2.2985904,1,102.166279,False,0.22901190820267467,False,False,0.4719482066595406,0.000327121054786375
10.096824,1,102.166279,True,0.04082875835994182,False,False,0.3859330350817558,0.00032646259154983816
-3.468801,1,102.166279,False,0.34579238354251896,False,False,0.544851656546877,0.00032790200295176706
9.44519,1,102.166279,True,0.07232987233925112,False,False,0.5481152315770008,0.00032718787435590045
10.809184,1,102.166279,True,0.02022788152106059,False,False,0.38007338299679033,0.00032700326536285856
10.055395,1,102.166279,True,0.04216920449565536,False,False,0.6666398444581212,0.0003258771845075548
9.138469,1,102.166279,True,0.09410405291064787,False,False,0.3666680520790682,0.0003188998571237181
9.460362,1,102.166279,True,0.07147769532459411,False,False,0.474133879824979,0.0003257832146674924
10.691309,1,103.775784,True,0.023055379478161307,False,False,0.277073156723349,0.0003266229763434844
10.300811,1,103.775784,True,0.03372419273783454,False,False,0.5905533285521173,0.0003271615679747298
10.021791,1,103.775784,True,0.04356701404855467,False,False,0.531613683842599,0.0003267532333297525
10.365313,1,103.775784,True,0.03178860179957252,False,False,0.4988171706002163,0.00032600618518845934
10.191567,1,103.775784,True,0.03740860417494564,False,False,0.4552378504140267,0.0003265616021651805
10.428497,1,103.775784,True,0.030004514564891244,False,False,0.3552773524293263,0.0003266368672733054
10.404844,1,103.775784,True,0.030588005674846912,False,False,0.5376942695476579,0.00032555991260692184
-1.0716504,1,103.775784,False,0.11096821179048437,False,False,0.5733871535653596,0.00032357636901158665
9.513453,1,105.313305,True,0.06815432073067884,False,False,0.5627411105285132,0.00032516959087844046
9.466803,1,105.313305,True,0.07097955617475663,False,False,0.5557648227197702,0.00032747758451851693
9.06988,1,105.313305,True,0.09917359304415954,False,False,0.58624430464503,0.00031948325222704
9.779183,1,105.313305,True,0.054043686741326404,False,False,0.5248038455916192,0.0003271067797038703
-2.9598944,1,105.313305,False,0.2948594735745118,False,False,0.5703726357020533,0.0003275362251148745
10.546275,1,105.313305,True,0.026563695906170276,False,False,0.6569781547485285,0.0003271695316928721
10.207881,1,105.313305,True,0.03676956018928219,False,False,0.5777716290199819,0.00032703049966485665
10.362999,1,105.313305,True,0.031852521140308857,False,False,0.5087672884764928,0.0003264420228368833
9.1087055,1,106.782812,True,0.0961226531780854,False,False,0.5629641242895542,0.0003252779114214232
10.131251,1,106.782812,True,0.039380436497626584,False,False,0.6569919803747436,0.0003278391011185827
-5.2904615,1,106.782812,False,0.5278948712350048,False,False,0.5756492015378804,0.0003282050631713826
10.546033,1,106.782812,True,0.026586844133811738,False,False,0.6256870358545311,0.00032648077385261256
10.476933,1,106.782812,True,0.028528645513513282,False,False,0.5262600694761264,0.0003266045816772667
9.475375,1,106.782812,True,0.07040751073569021,False,False,0.5938507375157756,0.00032572185621851575
9.816377,1,106.782812,True,0.05230910684694993,False,False,0.5149401286405261,0.00032706809931522143
10.11886,1,106.782812,True,0.039906645094199354,False,False,0.5455246452930612,0.0003272659819314254
9.735173,1,108.166097,True,0.056093696431209705,False,False,0.6101078129767513,0.0003266834787147348
10.389052,1,108.166097,True,0.03106346150919987,False,False,0.5223641073558618,0.0003264535908638771
10.714762,1,108.166097,True,0.022361178644413733,False,False,0.5370602824412143,0.00032659269948189385
9.101646,1,108.166097,True,0.09653336894087017,False,False,0.655370528930972,0.000318847281843541
10.134257,1,108.166097,True,0.03931642145159489,False,False,0.5961655343829565,0.00032673230580021207
9.747588,1,108.166097,True,0.05541607253763978,False,False,0.6803117749401427,0.00032627228843838674
9.463551,1,108.166097,True,0.0708824298378921,False,False,0.7973901829104383,0.0003266994911288106
10.178177,1,108.166097,True,0.037824973444366417,False,False,0.5204639183268998,0.0003270080811588895
-3.539138,1,109.795849,False,0.35258559837578557,False,False,0.6648951460699509,0.0003282305601792169
9.182777,1,109.795849,True,0.09026096279349695,False,False,0.6662277305566036,0.00032610943406666867
9.941745,1,109.795849,True,0.046755322477248895,False,False,0.5800197078996315,0.00032655335852446314
-1.1235255,1,109.795849,False,0.11555212280206521,False,False,0.5244915607076929,0.00032583895533343585
9.679443,1,109.795849,True,0.059088373626370774,False,False,0.4347381637029995,0.00032657564264618384
9.749065,1,109.795849,True,0.05519322940828632,False,False,0.8354622959090331,0.00032594948802269736
10.4269,1,109.795849,True,0.029871443326358778,False,False,0.6652001348771842,0.0003261610730289029
9.240395,1,109.795849,True,0.08612441589389751,False,False,0.5833353613534158,0.00032182910634211603
9.948802,1,111.615217,True,0.04636080075619818,False,False,0.7030300138955473,0.00032582945319906007
10.040156,1,111.615217,True,0.04259472247861144,False,False,0.870490565710287,0.0003274758497907785
10.565502,1,111.615217,True,0.026010562285868535,False,False,0.7398560022650316,0.0003257504684189525
-25.60841,1,111.615217,False,,True,False,0.794231279759889,0.00032275684989269577
10.786642,1,111.615217,True,0.020602179451551114,False,False,0.6882219621267758,0.00032657277344157507
10.038097,1,111.615217,True,0.042735533203438036,False,False,0.789802526216521,0.0003267769835303276
9.328066,1,111.615217,True,0.0798416421765633,False,False,0.6610110383893255,0.0003257537667149079
10.313615,1,111.615217,True,0.03325974662903726,False,False,0.6895214756848922,0.0003274655646427906
10.415919,1,113.118904,True,0.03019472062020787,False,False,0.6566228354284713,0.0003261209795609772
10.06257,1,113.118904,True,0.04193969103702117,False,False,0.6110066013987364,0.0003264310902867745
9.639336,1,113.118904,True,0.060831332626702705,False,False,0.7811783294268575,0.00032556308953373564
9.292015,1,113.118904,True,0.0821345438724511,False,False,0.8031170412819855,0.0003259510458912572
-0.9714342,1,113.118904,False,0.10224072709130863,False,False,0.7620011527139307,0.00032384437374847547
9.661213,1,113.118904,True,0.05972047243971585,False,False,0.7393535625286813,0.00032655289226913355
10.358093,1,113.118904,True,0.031884953897864554,False,False,0.7004892660585204,0.0003264084959254581
-1.0964161,1,113.118904,False,0.11284632099985688,False,False,0.7224278399781997,0.00032585383590738305
9.146087,1,114.456664,True,0.09302325720152493,False,False,0.6854750945298427,0.0003246780766023281
9.316294,1,114.456664,True,0.08070928680710435,False,False,0.6166863062711918,0.00032610156516066986
-25.710693,1,114.456664,False,,True,False,0.8082751805558857,0.0003240983707984789
10.201714,1,114.456664,True,0.036845778162387426,False,False,0.7735544257603553,0.00032671779353133046
9.21372,1,114.457662,True,0.08788723725324965,False,False,0.7123435867373352,0.0003256876105168236
9.376415,1,114.457662,True,0.07651462593816534,False,False,0.7262837681346397,0.0003255901848904452
10.183176,1,114.457662,True,0.037495875355260735,False,False,0.7476568486003973,0.00032640265252047184
-1.0954367,1,114.457662,False,0.11287825103490837,False,False,0.6550169971970559,0.0003259209482009044
10.124262,1,115.959727,True,0.039581453289863545,False,False,0.7262357004389796,0.0003264323275116292
9.142303,1,115.959727,True,0.09317749910033539,False,False,0.7744345377910565,0.0003260380271776592
9.922413,1,115.959727,True,0.047360429852688415,False,False,0.8238420158738222,0.0003259784171316167
10.182791,1,115.959727,True,0.03746964782878493,False,False,0.8051111718840306,0.0003265766335598786
10.181939,1,115.959727,True,0.03743035348440007,False,False,0.9049357979655651,0.000326543565311255
10.515318,1,115.959727,True,0.027354446922236406,False,False,0.7362998356041894,0.00032644170808336745
9.141887,1,115.959727,True,0.0934198431477379,False,False,0.6380759849748077,0.00032604210125866537
-0.99052745,1,115.959727,False,0.10367384055423398,False,False,0.8456727650483387,0.0003257248590343248
9.080736,1,117.403148,True,0.09767691702901836,False,False,0.9793482996699188,0.00032553123729265097
9.264364,1,117.403148,True,0.08402645885863157,False,False,0.8442080925971853,0.00032579323199176754
-0.9712099,1,117.403148,False,0.1018553505174023,False,False,0.9862757946620675,0.0003255310059456144
9.959779,1,117.403148,True,0.04587264258240369,False,False,0.7480548997752455,0.00032651378445735043
9.472883,1,117.403148,True,0.070223457029408,False,False,0.8693544964567679,0.0003258397862852408
9.830625,1,117.403148,True,0.051264837618658965,False,False,0.9441590810602807,0.00032561184505041924
9.511426,1,117.403148,True,0.06791471637101133,False,False,0.8665670225659295,0.00032573830361531085
-1.0927134,1,117.404144,False,0.11220547426121183,False,False,0.9079104803175111,0.00032593359650509275
9.439375,1,118.778585,True,0.07224094828861263,False,False,0.9099994762019852,0.0003256032426849692
9.979217,1,118.778585,True,0.045022042199778636,False,False,0.8247668789804268,0.00032641159027229277
9.685064,1,118.778585,True,0.05838049369072369,False,False,0.8407289585928427,0.0003263242061049036
9.721282,1,118.778585,True,0.056630044575198026,False,False,0.7633129922881736,0.0003262485785872818
10.259092,1,118.778585,True,0.03482374046052907,False,False,0.9573117032367697,0.00032652850824190345
9.229668,1,118.778585,True,0.08642967617238766,False,False,0.9096952216186018,0.0003256766517030875
9.984517,1,118.778585,True,0.04472511534642153,False,False,0.9300025646471802,0.00032652941681291544
10.18018,1,118.778585,True,0.03763001656560585,False,False,0.7026156500107429,0.00032651947409982477
9.743835,1,120.070893,True,0.05530495765448191,False,False,0.9820019528333113,0.0003261301409114302
9.123132,1,120.070893,True,0.09471372010367696,False,False,0.7413511434508251,0.00032574170105605934
-1.2206123,1,120.070893,False,0.123517218068763,False,False,0.9009461602941335,0.00032497574073984747
-1.180268,1,120.070893,False,0.1199922335806983,False,False,0.8493240163827073,0.0003256249719385436
9.220876,1,120.070893,True,0.08699796604792345,False,False,0.9599415462276153,0.0003255191454690234
9.871166,1,120.070893,True,0.049527574624078044,False,False,0.8652440461291752,0.0003263409497458607
10.201362,1,120.070893,True,0.036786762183737894,False,False,0.8783507029173976,0.000326191680943599
9.278076,1,120.070893,True,0.08298987884818086,False,False,0.8904790551238804,0.0003256740210010639
10.147147,1,121.352925,True,0.03869023426133941,False,False,0.8335737735828139,0.00032641624967215193
9.7315445,1,121.352925,True,0.05589973577699145,False,False,0.9884943624969559,0.00032621661150533215
9.745871,1,121.352925,True,0.055338448484706385,False,False,0.8458649552276601,0.0003258287839661288
-1.199511,1,121.352925,False,0.12167607454674205,False,False,0.8695587370766555,0.0003249675657552639
9.57592,1,121.352925,True,0.06407494542042838,False,False,0.9811523749740884,0.00032654051278737414
9.439885,1,121.352925,True,0.07217120711262467,False,False,0.9403063568817364,0.000326470741887618
10.395704,1,121.352925,True,0.030663127196765977,False,False,0.8669340213597074,0.0003259373691965474
10.458028,1,121.352925,True,0.028800159997482505,False,False,0.9876069696844993,0.0003264975835946406
9.57273,1,122.647547,True,0.0643874091655163,False,False,0.8620090328909259,0.00032627386363579794
9.26979,1,122.647547,True,0.0836202490542745,False,False,0.8588527007125184,0.0003257082344139415
9.441911,1,122.647547,True,0.07203886985689326,False,False,0.9450666120736881,0.000325976937397099
-1.0471035,1,122.647547,False,0.10841978314600353,False,False,0.8396891151710084,0.00032564536989983364
9.409986,1,122.647547,True,0.07399120955834516,False,False,0.9943343713872788,0.00032561682704290533
9.991046,1,122.647547,True,0.044536583843338126,False,False,0.839774076027675,0.0003265484027411907
9.852041,1,122.647547,True,0.05040045375984066,False,False,0.8348396051782448,0.000326216394918666
10.091291,1,122.647547,True,0.04062010361681927,False,False,0.9458382633461987,0.0003264226318235882
9.547473,1,123.955655,True,0.06568448609960599,False,False,0.9815688537661589,0.00032653048216144625
10.242518,1,123.955655,True,0.03537045339905924,False,False,0.946993260146802,0.00032650461611931695
10.401585,1,123.955655,True,0.030469404969720493,False,False,0.902868292399134,0.00032598655211974695
9.509823,1,123.955655,True,0.0680473606341006,False,False,0.8345584877396363,0.00032517525100525865
9.994693,1,123.955655,True,0.044281556876268925,False,False,0.9784226161941211,0.0003264424778394546
10.308958,1,123.955655,True,0.03329081720101365,False,False,0.872682957398144,0.0003264413726713196
-25.534203,1,123.955655,False,,True,False,0.986734337019696,0.00031922996637536447
10.55038,1,123.955655,True,0.026306696716851537,False,False,0.9351547243126994,0.00032648768286093217
9.355904,1,125.255692,True,0.07753545949570395,False,False,0.9803510740813396,0.0003245053546091868
10.566934,1,125.255692,True,0.02584525626139316,False,False,0.9831121079299917,0.0003264458192298503
10.175777,1,125.255692,True,0.037629909766781544,False,False,0.9228438966994787,0.0003265542565123519
9.644089,1,125.255692,True,0.06045660462205278,False,False,0.8963540272614383,0.00032653679472680156
-1.0516263,1,125.255692,False,0.10872118844336942,False,False,0.8881905124482842,0.00032572606933615306
9.253018,1,125.255692,True,0.08497747179661244,False,False,0.7463875800085868,0.0003255147092779452
10.296396,1,125.255692,True,0.033834266650530645,False,False,0.6372440119538377,0.00032672368763368253
10.460887,1,125.255692,True,0.028785025221967384,False,False,0.8715366290529651,0.00032649897341317796
10.337068,1,126.703008,True,0.032363645935016325,False,False,0.9655491880439437,0.00032653972575345314
9.853206,1,126.703008,True,0.05032026114033791,False,False,0.8665706641395184,0.0003264124007955198
10.205454,1,126.703008,True,0.03664515881487473,False,False,0.88332330682914,0.00032656013386041986
10.476288,1,126.703008,True,0.02835282146095633,False,False,0.8734966154227354,0.00032664660666789364
10.252148,1,126.703008,True,0.03504262949698293,False,False,0.9673909401212794,0.00032592487079646706
10.205585,1,126.703008,True,0.036603720753399786,False,False,0.9382885390812739,0.0003264413352339053
10.252082,1,126.703008,True,0.03507118710454842,False,False,0.9268323731286014,0.000326426680868393
9.594159,1,126.703008,True,0.06321751754866023,False,False,0.8404611297342475,0.0003265335278326613
10.448489,1,128.284626,True,0.029141359573476716,False,False,0.8609374166896994,0.00032650764722575565
10.242327,1,128.284626,True,0.03539987378354052,False,False,0.9117499038985658,0.00032646824267842597
10.045015,1,128.284626,True,0.04235490010185905,False,False,0.9414964438862934,0.0003264459183245418
9.870441,1,128.284626,True,0.049551922003139605,False,False,0.8737374651484977,0.0003265453782371701
9.451335,1,128.284626,True,0.07141538857863142,False,False,0.9758870903328566,0.000326530298253402
10.222439,1,128.284626,True,0.03602981432757385,False,False,0.952672527481338,0.00032648537112991744
10.407212,1,128.284626,True,0.03032007632007798,False,False,0.8768727171185624,0.0003264690212778029
10.2506,1,128.284626,True,0.03510173230591795,False,False,0.9540557328280137,0.0003264991468123074
10.371759,1,130.067133,True,0.031295148652932245,False,False,0.997994845459646,0.00032644395675583953
10.498619,1,130.067133,True,0.02767203852371724,False,False,0.9893485613612273,0.0003264448708949033
10.312043,1,130.067133,True,0.033166781984891223,False,False,0.9170307455141099,0.00032646790460899003
10.021058,1,130.068133,True,0.04328292586010994,False,False,0.9329949431121362,0.00032656354518996217
10.136188,1,130.068133,True,0.039016318169291284,False,False,0.9208450210068544,0.00032590681105491696
10.253998,1,130.068133,True,0.03508428566522077,False,False,0.810927429186909,0.0003265201489537269
9.9170265,1,130.068133,True,0.04751346438684807,False,False,0.9117176431382373,0.00032646937203518073
10.140871,1,130.068133,True,0.03882211527025906,False,False,0.9606529130215206,0.00032653969684778633
9.984926,1,131.596545,True,0.044656033973173775,False,False,0.996007729100819,0.00032653670940980194
9.529009,1,131.596545,True,0.06681953653609457,False,False,0.9215110069649778,0.0003265364148942559
10.147474,1,131.596545,True,0.03864009838588152,False,False,0.8883519179248576,0.0003264905211334188
9.2407,1,131.596545,True,0.08553516112282096,False,False,0.9750685919985354,0.00031949464812136243
10.11755,1,131.597546,True,0.039642344482610475,False,False,0.9771646999770742,0.0003265408781499897
10.019547,1,131.597546,True,0.04331579436928214,False,False,0.9662096233006701,0.0003265362033812265
10.041167,1,131.597546,True,0.04248615550233059,False,False,0.9618834808659048,0.0003265304252249324
9.592559,1,131.597546,True,0.06314501819100105,False,False,0.9861586105296415,0.00032653510321489613
10.4022045,1,133.434705,True,0.03044439205051222,False,False,0.9145775181030066,0.0003265013427913547
10.040037,1,133.434705,True,0.04253177875606602,False,False,0.9586921221301151,0.0003264399084182292
9.887003,1,133.434705,True,0.04873478225896823,False,False,0.9836206304996732,0.000326544849941856
9.1014805,1,133.434705,True,0.09611026011317064,False,False,0.932104520410766,0.00032452700542002556
10.376406,1,133.434705,True,0.0311601146779713,False,False,0.992163451209094,0.00032592494033300895
9.577728,1,133.434705,True,0.06404432568872788,False,False,0.9181248260461295,0.000326512935584098
9.407668,1,133.434705,True,0.07419363570693191,False,False,0.9519147701181183,0.0003265296863748179
9.528617,1,133.434705,True,0.06677455738096959,False,False,0.9797672820252666,0.000326533752162744
-1.0390849,1,135.543122,False,0.10758717218986588,False,False,0.9308888781896136,0.0003238818270078486
10.161786,1,135.543122,True,0.03811047859965632,False,False,0.9287893535022059,0.000326532987612022
10.161104,1,135.543122,True,0.038156052560755056,False,False,0.8975154865202107,0.0003265181173511565
10.262163,1,135.543122,True,0.03471420813645299,False,False,0.9731473897219421,0.00032653585958219674
10.044344,1,135.543122,True,0.04237673814408376,False,False,0.9463746821182092,0.0003265704512424506
10.266146,1,135.543122,True,0.0345786438272326,False,False,0.984159385883762,0.0003264489126503306
10.183748,1,135.543122,True,0.03736866655641993,False,False,0.9044560313575806,0.00032587035503081624
10.303562,1,135.543122,True,0.03340753611907385,False,False,0.9561179098837764,0.0003265409627834364
10.806345,1,137.136544,True,0.02003364859648728,False,False,0.950077710860184,0.00032646537801439936
9.910887,1,137.136544,True,0.04771184014360227,False,False,0.9842528769122754,0.0003265348758540603
10.130152,1,137.136544,True,0.03921046115630466,False,False,0.9498293061918036,0.00032644264581627164
10.135898,1,137.136544,True,0.039044045253900164,False,False,0.8963095312857216,0.0003265098633778576
10.050967,1,137.136544,True,0.042118811870480936,False,False,0.9544532232121142,0.0003265385238566656
10.522715,1,137.136544,True,0.027030605239799395,False,False,0.9644791293061701,0.0003265425745102867
10.171633,1,137.136544,True,0.03773527459981208,False,False,0.977413944402709,0.00032645192815556674
10.852135,1,137.136544,True,0.019010758127874148,False,False,0.9507890769046303,0.0003264484566317878
10.11342,1,138.801067,True,0.039802237192319165,False,False,0.9619423738257079,0.0003259278526232799
9.476937,1,138.801067,True,0.06993035684335701,False,False,0.9076675907991152,0.00032656941072010406
10.339524,1,138.801067,True,0.03231216492461345,False,False,0.9268127654792645,0.0003264542574878536
10.815863,1,138.801067,True,0.019819469384418736,False,False,0.948735376282949,0.0003264508168779821
9.267821,1,138.801067,True,0.08367641648374315,False,False,0.9176857083392126,0.0003251871776867991
9.663641,1,138.801067,True,0.05947002906053136,False,False,0.8576676944536217,0.0003265448961328001
10.680139,1,138.801067,True,0.02297828166827929,False,False,0.9934527005947004,0.00032644688635043807
10.351379,1,138.801067,True,0.03195033272772441,False,False,0.928268293773602,0.0003264766625270286
10.208878,1,140.329687,True,0.03651822392567916,False,False,0.9006064983549064,0.00032651808089382406
9.561304,1,140.329687,True,0.06493154557515043,False,False,0.9510894892039805,0.0003265543290435505
9.384305,1,140.329687,True,0.07573768047896777,False,False,0.9250499411290692,0.0003252203883422405
9.679941,1,140.329687,True,0.058488618840022766,False,False,0.9914242847279394,0.000326539345610561
9.812778,1,140.329687,True,0.0522031715408569,False,False,0.809695518975492,0.00032561041874850163
10.122827,1,140.329687,True,0.03944926780246018,False,False,0.9821129730860408,0.0003264485931083337
-1.0842304,1,140.329687,False,0.11165223575261733,False,False,0.8045845499308278,0.00032383954119770614
10.783205,1,140.329687,True,0.02055602197032465,False,False,0.9606315731673438,0.0003264491378981261
9.624107,1,141.880175,True,0.06154773339851965,False,False,0.8737843285416232,0.00032525977495457815
10.123915,1,141.880175,True,0.03948500158499319,False,False,0.8778692640937024,0.0003265154198376819
10.2303705,1,141.880175,True,0.03582488757044046,False,False,0.8647663855067741,0.0003264686646355847
10.192597,1,141.880175,True,0.037023846457371515,False,False,0.9670333033034867,0.0003264418550170982
10.149049,1,141.880175,True,0.03853931481340621,False,False,0.9527939772160591,0.00032644459340269195
10.185383,1,141.880175,True,0.03735219995973754,False,False,0.8467492078178595,0.00032657935254035207
10.168752,1,141.880175,True,0.03783862649524025,False,False,0.9719984373728877,0.00032645185426357384
10.356591,1,141.880175,True,0.03179502257222759,False,False,0.9242337665997785,0.00032653241817771184
10.122746,1,143.518866,True,0.03950482622798818,False,False,0.9086678517347498,0.0003264806605716457
10.611727,1,143.518866,True,0.02473424945702521,False,False,0.8930722657753866,0.00032647937620845557
10.442472,1,143.518866,True,0.02927506093243261,False,False,0.9265789700920017,0.0003264660579760273
9.400854,1,143.518866,True,0.07462401224483894,False,False,0.9573024874658081,0.0003251856537546185
10.588383,1,143.518866,True,0.025321550106750586,False,False,0.9165832904556394,0.0003264508683714752
9.317072,1,143.518866,True,0.08026068154484285,False,False,0.9042797669314083,0.00032647878204274496
10.028258,1,143.518866,True,0.04296445430438397,False,False,0.9844032923226682,0.00032644889095799967
10.0444765,1,143.518866,True,0.04235804049942075,False,False,0.9642768367757363,0.00032643340716798693
9.143307,1,145.461038,True,0.09287858656685517,False,False,0.9185739858861744,0.0003245339640627684
10.550023,1,145.461038,True,0.026316763965793286,False,False,0.9339991773427563,0.0003264468878387079
9.606343,1,145.461038,True,0.06250350348623862,False,False,0.8810980632216563,0.00032521170176428086
9.444811,1,145.461038,True,0.07180030671547658,False,False,0.9916687942426883,0.00032518724928216463
10.251554,1,145.461038,True,0.03506084252787258,False,False,0.9691404914760872,0.0003264507725667161
10.545971,1,145.461038,True,0.02640895450279061,False,False,0.9628746601453775,0.0003264421641069036
10.776917,1,145.461038,True,0.02070817140883069,False,False,0.943985908802114,0.0003264458567236944
10.175942,1,145.461038,True,0.037620519744427164,False,False,0.9282186029747962,0.00032644616387187043
10.054122,1,147.447913,True,0.04197378261308537,False,False,0.9882502002849338,0.0003264476620659289
-1.0815644,1,147.447913,False,0.11112489151143554,False,False,0.9778578084556959,0.00032382902662273183
10.19437,1,147.447913,True,0.03694842215667951,False,False,0.9893784447231947,0.0003264477795181107
10.576315,1,147.447913,True,0.025600514947271176,False,False,0.9825201076729705,0.0003264488318997854
10.087575,1,147.447913,True,0.04075848951960086,False,False,0.9436158576219003,0.0003264485731230612
10.098003,1,147.447913,True,0.04038969810923951,False,False,0.9244967131832922,0.00032642778172596235
-0.9502834,1,147.447913,False,0.10017559413318697,False,False,0.9729523985422683,0.00031878331966558133
9.14442,1,147.447913,True,0.09270746242410889,False,False,0.9743694839321945,0.0003209408049840908
10.101417,1,149.188316,True,0.04023545997374165,False,False,0.9650561807072161,0.00032645719609037364
10.371034,1,149.188316,True,0.03133063780009282,False,False,0.9748712698799011,0.00032644992034341766
9.220962,1,149.188316,True,0.0869985205581469,False,False,0.9552744383665325,0.0003188064477210928
10.182861,1,149.188316,True,0.03734423187453492,False,False,0.9844454377658661,0.0003264518145255006
10.406299,1,149.188316,True,0.030334020338176514,False,False,0.8986535870302432,0.00032645397248589833
10.039874,1,149.188316,True,0.04252736697110969,False,False,0.9726085151451235,0.00032648136699522186
9.124516,1,149.188316,True,0.09423206151338796,False,False,0.9818481313926344,0.00032094223581556033
10.174015,1,149.188316,True,0.03770551810139805,False,False,0.9013528339043151,0.00032650703100313964
10.705389,1,150.789898,True,0.02238060541824411,False,False,0.9652480317301889,0.00032646294001014017
10.135464,1,150.789898,True,0.039045308078216816,False,False,0.9162050698565293,0.00032651168766870294
10.03812,1,150.789898,True,0.04261641260078211,False,False,0.9439446636936931,0.00032644412278118865
10.05905,1,150.789898,True,0.04180316506565462,False,False,0.967972814595434,0.0003264470729601367
9.897972,1,150.789898,True,0.048287169966176165,False,False,0.9551316989213627,0.000326444158073156
10.078331,1,150.789898,True,0.041071105636781055,False,False,0.9830844346776639,0.00032645223136858745
10.546892,1,150.789898,True,0.026399027030591084,False,False,0.9355287118175918,0.0003264681171015891
9.2504835,1,150.789898,True,0.08482075247870173,False,False,0.982363154392962,0.0003251828355205469
10.208574,1,152.238658,True,0.03648557168701788,False,False,0.9643463260013221,0.00032637270271755804
-0.97221136,1,152.238658,False,0.10202235265268905,False,False,0.9342340031280787,0.0003244885646689223
10.272022,1,152.238658,True,0.03442299111308265,False,False,0.9324359625861052,0.0003268781061950944
10.148223,1,152.238658,True,0.03855236241965573,False,False,0.9755648104189217,0.00032583391836859047
9.998639,1,152.238658,True,0.04414043383048464,False,False,0.9594260409580347,0.0003265013210753336
9.95216,1,152.238658,True,0.04600146314684932,False,False,0.9717187425151868,0.00032699571938754
10.479074,1,152.238658,True,0.02825250139704172,False,False,0.9145519453530314,0.0003265122997620588
10.179923,1,152.238658,True,0.037489701932395536,False,False,0.9193211179360526,0.0003260196005075338
10.076233,1,153.577619,True,0.04115597089236387,False,False,0.9737128629247943,0.0003263905889606814
10.443905,1,153.577619,True,0.029217859889480124,False,False,0.9554989133955104,0.00032583323468660835
10.220755,1,153.577619,True,0.03612049043300181,False,False,0.9006946835714532,0.0003270307747191136
10.794856,1,153.577619,True,0.02028054015720205,False,False,0.9807701735400591,0.00032647361909642964
9.867457,1,153.577619,True,0.04966451364467563,False,False,0.894846563946755,0.00032518645421028504
10.194193,1,153.577619,True,0.03698438717112255,False,False,0.9453154058616271,0.00032582273860996255
10.427753,1,153.577619,True,0.02967830842134624,False,False,0.957732526134817,0.0003264385714020182
10.714431,1,153.577619,True,0.022174183619079094,False,False,0.9438254607653247,0.00032699988046598876
10.4298,1,154.978415,True,0.02960246282726661,False,False,0.9874287583661887,0.00032700823928902636
10.671855,1,154.978415,True,0.023218719131481047,False,False,0.9163137308490207,0.00032700710123121187
-1.0757054,1,154.978415,False,0.11060635159049524,False,False,0.9871000662227842,0.00032380180142824205
10.059816,1,154.979417,True,0.04182610890933834,False,False,0.899189824871236,0.00032647901676911227
10.198923,1,154.979417,True,0.03691251955864045,False,False,0.8146408242967499,0.00032649579343816
10.738411,1,154.979417,True,0.021599127388491398,False,False,0.956514764308398,0.0003264456326275497
9.6931,1,154.979417,True,0.057827037014193304,False,False,0.9816694771641246,0.00032701444566189924
9.922159,1,154.979417,True,0.04723832983484756,False,False,0.9816688721776347,0.0003270007415217699
10.294075,1,156.285963,True,0.03380246827486207,False,False,0.8035416729648155,0.0003267621784668542
10.288552,1,156.285963,True,0.03392378058283854,False,False,0.8882041510450798,0.0003264571782111616
10.236339,1,156.285963,True,0.0355794204162447,False,False,0.938021725178348,0.00032658349691932966
10.221414,1,156.285963,True,0.036052337616700625,False,False,0.9700917920249726,0.00032700054455753484
10.667056,1,156.285963,True,0.023349573072107135,False,False,0.8901389310181398,0.00032697171207226596
10.102535,1,156.285963,True,0.04021533254519787,False,False,0.9367387507595194,0.000327011402466888
10.240105,1,156.285963,True,0.03547260835736853,False,False,0.9120529173193959,0.0003264142185546649
10.213752,1,156.285963,True,0.03644848689707118,False,False,0.7606636646641561,0.00032596841513295573
10.229511,1,157.735755,True,0.03584237177888437,False,False,0.8813434041003994,0.0003264101917070298
9.1668415,1,157.735755,True,0.09098079144211837,False,False,0.9860930560337346,0.00032077552437499864
9.956053,1,157.735755,True,0.04583203182858854,False,False,0.9840076419784229,0.0003263405949375669
10.616901,1,157.735755,True,0.02460030505032971,False,False,0.8974811655962249,0.0003264260962302723
9.15908,1,157.735755,True,0.0917002571204938,False,False,0.9002549566203191,0.0003162592032853938
9.468667,1,157.735755,True,0.07040001984534633,False,False,0.9353973536555374,0.0003264486527902441
10.498303,1,157.735755,True,0.027696576029983194,False,False,0.9603766099597463,0.00032699476847021074
10.1206,1,157.735755,True,0.039547042894681396,False,False,0.9572232670974844,0.00032703236716116464
9.591056,1,159.644083,True,0.06331230175345204,False,False,0.9098926308960817,0.00032698978876578985
10.448172,1,159.645195,True,0.02913165664026707,False,False,0.8939184312895655,0.00032666449039687865
10.123659,1,159.645195,True,0.03948238567886252,False,False,0.8943225128501747,0.00032639695119022257
9.447311,1,159.645195,True,0.07174906856581988,False,False,0.9078662201204905,0.00032697273144635414
9.90426,1,159.645195,True,0.047999249086795016,False,False,0.9775432774121022,0.00032583715568426354
10.704267,1,159.645195,True,0.02239612540533714,False,False,0.9890924139122563,0.00032701635782914046
10.197524,1,159.645195,True,0.03692278600681268,False,False,0.8694920664322073,0.00032649243131519656
10.785393,1,159.645195,True,0.020575708541796096,False,False,0.8083608732107043,0.0003266672123393343
10.641937,1,161.151603,True,0.023933807883431826,False,False,0.9683598322324305,0.0003258336506188972
9.072743,1,161.151603,True,0.0984257092284774,False,False,0.9095864947992437,0.00031916400934771806
10.245352,1,161.151603,True,0.035290924894472574,False,False,0.9267270365604378,0.00032650591815288314
10.130646,1,161.151603,True,0.03917740086270746,False,False,0.9715150071773285,0.00032635382779525014
9.414725,1,161.151603,True,0.0737642728440079,False,False,0.935266082343454,0.00032637113333015854
10.64611,1,161.151603,True,0.02381897668161076,False,False,0.9898589636300801,0.0003263310726938776
10.241734,1,161.151603,True,0.0353648662746082,False,False,0.9947653257493239,0.000326330630982392
10.213083,1,161.151603,True,0.036349439009782915,False,False,0.9417562807280914,0.00032634913817436965
9.146555,1,162.561607,True,0.09260850890527289,False,False,0.9321101621024442,0.000319160345861857
9.465078,1,162.561607,True,0.0705970301944589,False,False,0.953681637405712,0.0003269018472278731
9.6405115,1,162.561607,True,0.06062387699180786,False,False,0.9174884618620667,0.0003269848526416486
9.196132,1,162.561607,True,0.08891508993188131,False,False,0.8978967926921655,0.0003263016436376128
9.488104,1,162.561607,True,0.06924089565632854,False,False,0.9200734892719259,0.00032697908473459426
9.535219,1,162.561607,True,0.0664438498544333,False,False,0.9346863080058706,0.0003250655410804436
10.80297,1,162.561607,True,0.020091675030897323,False,False,0.9907110734605529,0.00032701388621043134
10.693749,1,162.561607,True,0.022652533929055498,False,False,0.9833533350556181,0.0003270113636388846
10.19772,1,164.028888,True,0.03683220832197724,False,False,0.9932811576241816,0.00032633015232286206
9.431208,1,164.028888,True,0.07271834807523557,False,False,0.9375853581454395,0.0003263550681493359
9.175366,1,164.028888,True,0.09033250598002522,False,False,0.989243293277785,0.0003179294553865044
9.17195,1,164.028888,True,0.09071096992525324,False,False,0.9091027150769875,0.00031838580781369123
9.326729,1,164.028888,True,0.07949980237619256,False,False,0.9788092836818528,0.00032625249811480176
10.381029,1,164.028888,True,0.031049855879808276,False,False,0.946418549802907,0.00032699524087639853
10.565062,1,164.028888,True,0.025893287215051526,False,False,0.9851141659427912,0.00032644498657660574
10.188761,1,164.028888,True,0.03713773412125085,False,False,0.9916386298796769,0.0003263300849257835
9.966126,1,165.610074,True,0.04542915350771298,False,False,0.9751920195207465,0.0003270182506366089
10.726979,1,165.610074,True,0.021864329589191343,False,False,0.9671059096307223,0.0003270191018964887
10.431591,1,165.610074,True,0.029585220139058017,False,False,0.9279329358532767,0.000326973997401768
10.290854,1,165.610074,True,0.03389849141637353,False,False,0.8129780352895272,0.00032662747750295966
10.148553,1,165.610074,True,0.03855695603451818,False,False,0.9524978959940366,0.00032692873338631016
10.764206,1,165.610074,True,0.021036455309039873,False,False,0.8696788859617719,0.0003270108915914496
10.675579,1,165.610074,True,0.023104871988400666,False,False,0.9623954483541343,0.00032689958610901556
10.624136,1,165.610074,True,0.024380598256162227,False,False,0.9693468883363743,0.0003269070757959016
10.5100155,1,167.196182,True,0.027383303870928827,False,False,0.9483970202329258,0.0003264512289227113
9.341118,1,167.196182,True,0.07851502251192959,False,False,0.9875478199054364,0.000326897409919201
9.7009735,1,167.196182,True,0.05741683732633639,False,False,0.9933715669999023,0.00032689771758509257
10.47123,1,167.196182,True,0.028442527787213238,False,False,0.965506071032944,0.00032692596997090166
10.029986,1,167.196182,True,0.04289903895220767,False,False,0.9828363538215953,0.00032633369108816005
9.376465,1,167.196182,True,0.07618176124343709,False,False,0.9772957738411573,0.00032701266001234703
10.673174,1,167.196182,True,0.023169847926135353,False,False,0.9500055763410633,0.0003264507939285831
9.47459,1,167.196182,True,0.06999187448851414,False,False,0.9743804096798155,0.00032689216547986604
10.523822,1,168.836427,True,0.02700464207942281,False,False,0.9572700504823681,0.00032702184115105954
9.310227,1,168.836427,True,0.0806202240697055,False,False,0.9847081044326395,0.0003262817523753476
10.4758415,1,168.836427,True,0.028311594919899315,False,False,0.9698599358310631,0.00032643873941123886
10.657757,1,168.836427,True,0.023533698997447876,False,False,0.9820915062983838,0.0003270196531446285
9.480396,1,168.836427,True,0.06963439040042788,False,False,0.9790709462608703,0.0003263961467215274
9.96424,1,168.836427,True,0.04549797089173636,False,False,0.9847181819152925,0.00032699244066212746
9.480869,1,168.836427,True,0.06962428641372381,False,False,0.9638179287967029,0.00032693396223286886
10.27975,1,168.836427,True,0.03419428432598036,False,False,0.9033496810397892,0.000326998591904848
10.721413,1,170.599351,True,0.022005110414043898,False,False,0.9491507267967215,0.00032682469324836716
9.653247,1,170.599351,True,0.059937476820131154,False,False,0.9306857763419588,0.0003270653593259914
10.317748,1,170.599351,True,0.032959687971152785,False,False,0.9646179798759644,0.00032627329212501317
9.368642,1,170.599351,True,0.07671005807581678,False,False,0.9665498782836301,0.0003252149538118955
9.5033865,1,170.599351,True,0.06836550942398009,False,False,0.8880986684172129,0.0003269701873930749
9.618796,1,170.599351,True,0.061798987300850754,False,False,0.9065183884648272,0.0003253761422404342
10.3493595,1,170.599351,True,0.03202558656157584,False,False,0.9052628377708193,0.0003262627084867638
9.41809,1,170.599351,True,0.07351828137035187,False,False,0.9604576839460809,0.0003263239769337488
10.320753,1,172.143879,True,0.03288699750446796,False,False,0.9315937400046048,0.00032689966532477115
10.376526,1,172.143879,True,0.03122588094049152,False,False,0.8757446780614118,0.0003262234535386463
10.426483,1,172.143879,True,0.02975140593669034,False,False,0.8942034144345979,0.00032637991409024383
10.501646,1,172.143879,True,0.027608621423812013,False,False,0.9538341286393899,0.0003269109800565269
10.052268,1,172.143879,True,0.042102035157494874,False,False,0.9115256701990072,0.000326923117670839
10.501556,1,172.143879,True,0.027631412778923215,False,False,0.9166774161279906,0.0003268594378729134
10.6723385,1,172.143879,True,0.023194302857680118,False,False,0.9418949699019262,0.00032633001015500303
10.45887,1,172.143879,True,0.028779431280898413,False,False,0.982344462512189,0.0003270180392771881
10.254758,1,173.513546,True,0.0349810254579374,False,False,0.9316178086628775,0.00032695352295227794
9.42744,1,173.513546,True,0.07290530565827812,False,False,0.9774697049190562,0.00032690474918736594
10.39153,1,173.513546,True,0.03076427304768871,False,False,0.9039532263749102,0.0003267861473327316
10.067635,1,173.513546,True,0.0415105607112816,False,False,0.9283044657842211,0.00032699926380138744
9.227732,1,173.513546,True,0.08650891166066134,False,False,0.9520964338534471,0.00031992965631716765
9.471155,1,173.513546,True,0.0702141598485952,False,False,0.9633635056092639,0.0003270002655412755
9.059888,1,173.513546,True,0.09940915859410694,False,False,0.939363504888005,0.0003220297967767016
9.255229,1,173.513546,True,0.08456325850407696,False,False,0.9248108175487192,0.00032565942666146447
10.798079,1,174.996506,True,0.020224832665726274,False,False,0.9420122387825259,0.0003269893445545551
10.182298,1,174.996506,True,0.0374477558581389,False,False,0.8616676947995375,0.000326979136885134
9.862539,1,174.996506,True,0.049852930068454815,False,False,0.9269646088591472,0.00032630699638705
10.329008,1,174.996506,True,0.03260610443295485,False,False,0.9736033677219356,0.0003263193202942141
10.380983,1,174.996506,True,0.031124208687433555,False,False,0.8235955096525553,0.0003269531930408588
9.753412,1,174.996506,True,0.05492878200864103,False,False,0.8909828937760096,0.00032692347394050545
10.375426,1,174.996506,True,0.03125526233194942,False,False,0.8814949475925502,0.00032688242144596495
9.317178,1,174.996506,True,0.08026022828210932,False,False,0.899325809323176,0.0003262834947536809
9.405194,1,176.275004,True,0.07445641076449665,False,False,0.8706724818410999,0.00032635404567448573
10.241815,1,176.275004,True,0.03542345027779054,False,False,0.9013896444806371,0.0003270089340398433
10.048071,1,176.275004,True,0.042219433693516224,False,False,0.9667110103492232,0.0003261935224082951
10.17686,1,176.275004,True,0.037584178575282186,False,False,0.9351077923944696,0.0003269632762504311
10.259293,1,176.275004,True,0.03482109674252231,False,False,0.9513862017247142,0.00032682685619498774
10.557754,1,176.275004,True,0.026113854584214866,False,False,0.931196457423339,0.00032688929497461203
10.633189,1,176.275004,True,0.02414630366679141,False,False,0.9816770909658168,0.0003269147599426044
10.309233,1,176.275004,True,0.033230576409920144,False,False,0.9553121591529264,0.0003263026157991473
10.296855,1,177.634124,True,0.03363275357395709,False,False,0.9332338545503177,0.0003269617620591684
9.46171,1,177.634124,True,0.07079108068533081,False,False,0.9638122001290005,0.00032690877177641805
9.892499,1,177.634124,True,0.048496622838629655,False,False,0.9849128214758535,0.0003262857273102544
10.40697,1,177.634124,True,0.030262231352530526,False,False,0.988170175914559,0.0003269012448142547
10.031992,1,177.634124,True,0.04288348700985041,False,False,0.9027086952733993,0.0003268557858125229
9.146841,1,177.634124,True,0.09251888695287948,False,False,0.9762363805687156,0.0003183896222504045
10.176077,1,177.634124,True,0.03764348598197639,False,False,0.8882004061186511,0.00032623144732804024
10.564088,1,177.634124,True,0.02592013128434455,False,False,0.9826315121082466,0.0003267973073992673
10.453636,1,179.179358,True,0.028930661164360535,False,False,0.9757333297715628,0.00032680025933938013
9.62481,1,179.179358,True,0.0614479113952706,False,False,0.9314030232567025,0.0003268227779123443
10.068744,1,179.179358,True,0.04143914871661915,False,False,0.9682987177774329,0.0003267850803368828
10.5079565,1,179.179358,True,0.02745953408855433,False,False,0.9113326599305864,0.0003269264909885135
10.497059,1,179.179358,True,0.02775713891123485,False,False,0.9121978782991474,0.00032698944624361164
9.569541,1,179.179358,True,0.06446577330636613,False,False,0.9517669813490024,0.0003268257988449574
10.467543,1,179.179358,True,0.028553991851500468,False,False,0.9504571492995012,0.00032691786822660164
10.675691,1,179.179358,True,0.02310008390927013,False,False,0.966600743455863,0.0003268348296915465
9.5045805,1,180.578471,True,0.06817561788094377,False,False,0.9883557019548452,0.00032552421346505775
10.160819,1,180.578471,True,0.03810893039762216,False,False,0.9793848363454362,0.0003268033460873023
10.123695,1,180.578471,True,0.03956827303066664,False,False,0.7729100746493134,0.0003269920228678616
10.756337,1,180.578471,True,0.021167734750665163,False,False,0.9809288053782351,0.0003268111680504827
10.642629,1,180.578471,True,0.023913821563821158,False,False,0.9738050812093169,0.0003262871270910591
10.561867,1,180.579455,True,0.02598042315085141,False,False,0.9789229973738862,0.00032617720633024106
10.6452465,1,180.579455,True,0.023870227114655383,False,False,0.9302290467823237,0.0003268221409861651
9.538944,1,180.579455,True,0.06622764947745569,False,False,0.9355024183059665,0.00032721276952327687
10.2434225,1,182.196967,True,0.03533320141757628,False,False,0.9586521861901354,0.00032667123329283894
9.615339,1,182.196967,True,0.061901025982119544,False,False,0.9850552454277958,0.0003261799969325421
10.321278,1,182.196967,True,0.03284362174067234,False,False,0.9753807379925638,0.0003269024587537493
9.57249,1,182.196967,True,0.06433189485798109,False,False,0.9234424122256504,0.00032699443448203037
9.527012,1,182.196967,True,0.06686077836403632,False,False,0.9859167930095846,0.00032679412335479615
10.378475,1,182.196967,True,0.031129458021000835,False,False,0.9401891386509383,0.0003268209135331129
10.037729,1,182.196967,True,0.042636448561781816,False,False,0.9373604243764075,0.00032692933411736
10.429901,1,182.196967,True,0.029617020257101927,False,False,0.9570178707188698,0.00032683303248696544
10.289573,1,183.638981,True,0.033885669779902726,False,False,0.8972897666910993,0.0003269905174428529
10.8840065,1,183.638981,True,0.018300784703886595,False,False,0.9829445453874577,0.0003272805194884334
10.962468,1,183.638981,True,0.016672887027480786,False,False,0.9035953440455361,0.0003271281851162394
10.642669,1,183.638981,True,0.023937275269786392,False,False,0.9248590772305242,0.0003270819619038254
10.157704,1,183.638981,True,0.03821529448217739,False,False,0.9826002652678796,0.00032617849843108774
10.188573,1,183.638981,True,0.037152826924715054,False,False,0.9789115638594876,0.0003261798689979323
9.162089,1,183.638981,True,0.0913501375446192,False,False,0.9800911245930874,0.0003188608157765196
10.773775,1,183.638981,True,0.020766906030891385,False,False,0.9736620915121039,0.0003267929056113519
10.263058,1,185.138143,True,0.034680252347684085,False,False,0.9810024063894365,0.000326796407471101
10.368175,1,185.138143,True,0.0314144265608762,False,False,0.9777921065955504,0.00032681606666702055
9.395908,1,185.138143,True,0.07490320698707613,False,False,0.9880224462002524,0.0003262816145790418
10.55062,1,185.138143,True,0.026272761440318253,False,False,0.9872031493452691,0.0003271827307421035
10.292819,1,185.138143,True,0.03377177584702635,False,False,0.9148540013907104,0.00032693180079104055
10.359944,1,185.138143,True,0.03171027113668457,False,False,0.8970235833082081,0.0003266104304805847
10.833314,1,185.138143,True,0.019414246538818163,False,False,0.9812119698988749,0.0003267984326521869
10.008094,1,185.138143,True,0.04375375346778338,False,False,0.9778872145894835,0.00032617917987122475
10.171112,1,186.687169,True,0.03776670414141293,False,False,0.9579673498930501,0.0003268997838199152
10.430305,1,186.687169,True,0.02958551571996992,False,False,0.9917389191281093,0.00032689622895562016
9.635019,1,186.687169,True,0.06085278249528638,False,False,0.9768646768203079,0.0003268906140701265
10.094441,1,186.687169,True,0.04047098632063069,False,False,0.9915598745974447,0.00032616832524083323
9.693798,1,186.687169,True,0.05780336157711376,False,False,0.9700739122033148,0.00032729041609451425
10.551856,1,186.687169,True,0.026243296435581025,False,False,0.9810530513069705,0.00032717885020310585
10.098866,1,186.687169,True,0.04032304919001629,False,False,0.9725339671624459,0.0003265678656988633
-0.9695256,1,186.687169,False,0.1017171812066806,False,False,0.9866250923034993,0.00032522331720917215
10.566309,1,188.246589,True,0.025875920454985126,False,False,0.955839319360027,0.00032680474126706773
9.931459,1,188.246589,True,0.046859291855473176,False,False,0.9695063084969491,0.00032655108081017237
10.469066,1,188.246589,True,0.028490815373523312,False,False,0.9872335183681119,0.0003268949096956666
10.469963,1,188.246589,True,0.028464096373260674,False,False,0.9902088915061185,0.00032717948693488443
10.315485,1,188.246589,True,0.03303019049449276,False,False,0.9643042940295636,0.00032720121993254543
9.098149,1,188.246589,True,0.09629353838457295,False,False,0.9823001079990249,0.00032532868251446655
10.189102,1,188.246589,True,0.03717159219716865,False,False,0.9249153808446489,0.0003272777148798154
9.375604,1,188.246589,True,0.07624789403863075,False,False,0.9699489852876728,0.0003262110958357528
10.434585,1,189.788644,True,0.02946907031385712,False,False,0.9810243274946366,0.0003271775615059573
9.091416,1,189.788644,True,0.09686192787602249,False,False,0.958995573924243,0.00032532088110658676
10.667538,1,189.788644,True,0.023321966833172506,False,False,0.9221316908956749,0.0003270228141536079
9.847701,1,189.788644,True,0.05046244231177081,False,False,0.9823579488691714,0.0003261824624706795
9.147645,1,189.788644,True,0.09247280402821614,False,False,0.9661265945212776,0.00031876614934156993
10.264257,1,189.788644,True,0.03464293556005411,False,False,0.9788465737968906,0.0003265334393201945
10.505882,1,189.788644,True,0.027484208827493282,False,False,0.9698131079801032,0.00032681121936349643
10.705378,1,189.788644,True,0.022369033470971706,False,False,0.9899142908342448,0.0003268956298238996
10.197741,1,191.28983,True,0.03687053598684291,False,False,0.93569317837485,0.00032709900473566896
10.481724,1,191.28983,True,0.02815915052831764,False,False,0.9502684700727719,0.0003272947299215162
9.593434,1,191.28983,True,0.06310868074116001,False,False,0.9752881404408048,0.00032681634708050177
10.862695,1,191.28983,True,0.018762297698116458,False,False,0.9883119821476903,0.00032666812742104
9.169141,1,191.28983,True,0.09087045823108184,False,False,0.9440657751489432,0.00032623907869348644
9.987387,1,191.28983,True,0.044574138738449086,False,False,0.9756297023949446,0.00032666539331241315
9.727946,1,191.28983,True,0.05607856763806886,False,False,0.9868015563763731,0.000326787115626607
10.22582,1,191.28983,True,0.03590458081194931,False,False,0.9720932202786786,0.0003272686389953245
10.425999,1,192.648073,True,0.02972083226180549,False,False,0.9715108595084355,0.0003277420452760294
10.458783,1,192.648073,True,0.02878492079078653,False,False,0.9769438350611507,0.0003277402696618667
10.770859,1,192.648073,True,0.020830958650891348,False,False,0.9806941536506455,0.00032717814233907566
9.628956,1,192.648073,True,0.06117429800095889,False,False,0.9790696919943519,0.00032591366028264973
10.449765,1,192.648073,True,0.029037910862119463,False,False,0.9796071198704184,0.000327289458406809
10.690394,1,192.648073,True,0.022731660631136665,False,False,0.9877367272122828,0.00032679246903198194
10.5551605,1,192.648073,True,0.02615541134278655,False,False,0.9820969320259638,0.0003271774954476094
10.692005,1,192.648073,True,0.022733359650274367,False,False,0.9037178005244544,0.0003269923493808175
10.596872,1,194.082649,True,0.025073073620259567,False,False,0.9739533769051524,0.00032717405590554995
10.393735,1,194.082649,True,0.030651968795291817,False,False,0.984333381103518,0.0003267932989300479
10.103573,1,194.082649,True,0.04014910633930408,False,False,0.9758081503825676,0.0003268935373989324
10.18935,1,194.082649,True,0.037125553589124366,False,False,0.9800557160421699,0.00032679603336189785
10.407867,1,194.082649,True,0.030238638287306344,False,False,0.9837587917897437,0.00032679273349667796
10.413616,1,194.082649,True,0.030077784531231163,False,False,0.9729939488986905,0.00032718845032464575
9.448114,1,194.083649,True,0.07159602870362515,False,False,0.9910584084370664,0.00032689592475139184
9.456823,1,194.083649,True,0.07110260329505684,False,False,0.9547782903102768,0.0003268103234915938
10.19496,1,195.571326,True,0.03692965665706545,False,False,0.9875473042385691,0.00032617322797014533
10.731083,1,195.571326,True,0.0217653737518557,False,False,0.970798074357401,0.00032717079570119384
9.500721,1,195.571326,True,0.06844518502497925,False,False,0.9543837558187389,0.0003268795377148568
10.542714,1,195.571326,True,0.0264852010866711,False,False,0.9823295365604028,0.000326802777040672
10.435877,1,195.571326,True,0.029429155663014097,False,False,0.9862369882073682,0.00032679120939817225
10.524002,1,195.571326,True,0.027024275463658844,False,False,0.9118626756849452,0.00032682133349869115
10.016065,1,195.571326,True,0.04343349324579821,False,False,0.9891194125635636,0.00032656346170858167
10.080678,1,195.571326,True,0.041001405437301804,False,False,0.9597390746500305,0.000326183941060238
9.3647995,1,197.306486,True,0.07693779759192121,False,False,0.9861609095097958,0.00032552447361423474
10.120034,1,197.306486,True,0.039549728820978056,False,False,0.9817524406965944,0.00032656723502583646
9.514978,1,197.306486,True,0.06757756320071837,False,False,0.9749829630265633,0.0003267994491372897
10.349043,1,197.306486,True,0.032002225245229846,False,False,0.9595755401980701,0.0003271862569186168
10.266357,1,197.306486,True,0.03464837605855603,False,False,0.8653800254834827,0.0003272010469151967
10.452332,1,197.306486,True,0.02900404450014781,False,False,0.9111382849353385,0.0003268342760197564
10.236759,1,197.306486,True,0.035555566854772264,False,False,0.9532055268106665,0.00032718485066872297
10.580145,1,197.306486,True,0.025499679790315692,False,False,0.9848796995844126,0.0003267939671573336
10.238954,1,198.671833,True,0.03550080244222328,False,False,0.926711028731596,0.0003264386561027245
9.768774,1,198.672833,True,0.05416785673311211,False,False,0.9150295907588967,0.0003265827369153716
10.454316,1,198.672833,True,0.028951388139087108,False,False,0.9050459101486765,0.0003271597167979734
10.033528,1,198.672833,True,0.04282212980291331,False,False,0.905630213968464,0.0003268857457572281
10.3091545,1,198.672833,True,0.033246095611272244,False,False,0.9343808080848522,0.00032717876103677555
10.785374,1,198.672833,True,0.02049269484009273,False,False,0.9903655859009616,0.0003271807155774658
10.289531,1,198.672833,True,0.033849261833843805,False,False,0.9568203280409279,0.0003271872538564599
10.450969,1,198.672833,True,0.02900441033731672,False,False,0.9786582684895798,0.00032717954368377983
10.335841,1,200.190461,True,0.032412764488169155,False,False,0.9466794313326303,0.0003265078737157162
10.574368,1,200.190461,True,0.025657136144387263,False,False,0.9712779472241946,0.0003271900827661657
10.473276,1,200.190461,True,0.02839650828562528,False,False,0.9456840146167103,0.00032717481828683066
10.660561,1,200.190461,True,0.023481970909659255,False,False,0.9465152093506762,0.0003271829015764182
10.513789,1,200.190461,True,0.02727133815056172,False,False,0.9657872851932903,0.0003271533391503337
10.181873,1,200.190461,True,0.037379193690243555,False,False,0.982835695461713,0.0003271741581080042
10.555517,1,200.190461,True,0.026157312468520464,False,False,0.9606962496134995,0.0003271963804548262
10.225514,1,200.190461,True,0.03590937442426064,False,False,0.9801472795315793,0.00032772243893538334
10.227414,1,201.674059,True,0.035948303729295444,False,False,0.8265261534050282,0.00032716210089547447
10.481758,1,201.674059,True,0.028229414885004397,False,False,0.821887556178325,0.00032725360163569396
10.761202,1,201.674059,True,0.02105593882869674,False,False,0.9779663801246293,0.0003271784369386079
10.160696,1,201.674059,True,0.03812846213820993,False,False,0.9574752220642935,0.000327185590081428
9.866353,1,201.674059,True,0.04966174707865279,False,False,0.9531995082373773,0.000326560333225867
10.395198,1,201.674059,True,0.03066621643232483,False,False,0.8869741408678278,0.0003272298716433188
10.174833,1,201.675059,True,0.037617763289838804,False,False,0.9876930323762411,0.00032718071913432766
10.065757,1,201.675059,True,0.041553486530850094,False,False,0.9648969693168382,0.0003265639908760959
9.165149,1,203.074741,True,0.09115733916378398,False,False,0.9541701558872193,0.00031739914634078384
10.397459,1,203.074741,True,0.030563482569652606,False,False,0.9487332266668486,0.0003271770278747799
10.335139,1,203.074741,True,0.03243529089289383,False,False,0.9450237448484605,0.00032776097654393146
10.433511,1,203.074741,True,0.02955363478369168,False,False,0.8870449936506117,0.0003272047167895079
10.843665,1,203.074741,True,0.019194463970542884,False,False,0.9584796589877633,0.00032718356023459763
9.941673,1,203.074741,True,0.046466901287709236,False,False,0.9311140479819656,0.0003266100851378703
10.375633,1,203.074741,True,0.03128395513515223,False,False,0.8230607494025556,0.00032661390490023364
10.553638,1,203.074741,True,0.026205163999233495,False,False,0.9640501814371002,0.0003272280929337796
9.657028,1,204.461079,True,0.059689956216053885,False,False,0.9777164036918584,0.0003272292862822331
9.248693,1,204.461079,True,0.08495728305369292,False,False,0.9767250321357182,0.0003187595176235866
10.623409,1,204.461079,True,0.02442393736355094,False,False,0.9199823925110557,0.0003271828628916513
10.051969,1,204.461079,True,0.04208672653780446,False,False,0.946722159370232,0.00032716145533833216
10.216878,1,204.461079,True,0.036198554253537636,False,False,0.977560585180822,0.0003271741407137554
9.118502,1,204.461079,True,0.09471071868198115,False,False,0.9747869608000718,0.0003252857850811848
10.260563,1,204.461079,True,0.03476468378869084,False,False,0.9750335984302033,0.0003277502384005648
10.273347,1,204.461079,True,0.03434685209364801,False,False,0.9849744495526245,0.0003265569789801394
9.798548,1,205.839097,True,0.05277504464589482,False,False,0.9038799936545888,0.0003272485430267744
10.879349,1,205.839097,True,0.018409443619549305,False,False,0.965059550641691,0.0003271712214508362
9.35382,1,205.839097,True,0.07777896325856838,False,False,0.9018130738626539,0.0003260118494409414
10.189849,1,205.839097,True,0.03711930829333362,False,False,0.9642645041223006,0.00032717108908966654
10.370905,1,205.839097,True,0.031339742819361416,False,False,0.9660966954753091,0.00032717216144688936
10.310251,1,205.839097,True,0.03318152376953404,False,False,0.9829842081383205,0.0003271858384186724
9.588573,1,205.839097,True,0.06340662594062918,False,False,0.9488139026860812,0.00032591971006553695
10.259003,1,205.839097,True,0.034811368368094085,False,False,0.9809204516485993,0.0003271678709573425
10.596785,1,207.226463,True,0.025094005822947157,False,False,0.9376344806170844,0.0003272110989337582
9.7711735,1,207.227463,True,0.053997668179132305,False,False,0.9736813665683016,0.0003271766032514254
10.610251,1,207.227463,True,0.024724862734501675,False,False,0.9852500478576306,0.0003266181932692543
10.15991,1,207.227463,True,0.03814825149004875,False,False,0.9684169892730947,0.00032716207676847925
10.356829,1,207.227463,True,0.03181552315212889,False,False,0.8784515174855334,0.00032720552636661393
10.414685,1,207.227463,True,0.030058692683377044,False,False,0.9524135693380877,0.000327208602797308
9.706473,1,207.227463,True,0.05716251562104403,False,False,0.9711248290342475,0.0003272285236023502
9.245031,1,207.227463,True,0.08524822725378328,False,False,0.9574969860184877,0.0003194808009755324
9.788209,1,208.634005,True,0.05329741667257307,False,False,0.862427011898109,0.0003272056872341401
9.873858,1,208.635007,True,0.049344508683092016,False,False,0.939611054499563,0.0003271909802019446
10.062577,1,208.635007,True,0.04168087140750773,False,False,0.9541361057227439,0.00032721850368464797
10.359194,1,208.635007,True,0.03170991579822554,False,False,0.9351067831472529,0.0003271627642479207
10.3053465,1,208.635007,True,0.03339747556180763,False,False,0.8829216495356081,0.00032715963205597347
10.794747,1,208.635007,True,0.02028299101772638,False,False,0.980835827089034,0.00032717432415836623
10.503325,1,208.635007,True,0.027548067023407924,False,False,0.9806606216789546,0.0003272252979571257
10.576344,1,208.635007,True,0.025606002347472706,False,False,0.9705702241246787,0.0003271916269118561
10.504937,1,210.447455,True,0.02753845898919321,False,False,0.9176385775525785,0.00032727054437473306
10.535777,1,210.447455,True,0.026693269520114717,False,False,0.9392920338945492,0.00032722765077322895
10.501139,1,210.447455,True,0.027614838845742156,False,False,0.9678531853343948,0.00032723200552793884
10.648416,1,210.447455,True,0.023766448997228174,False,False,0.980074555643517,0.00032718917608736927
10.148409,1,210.447455,True,0.03862118655378319,False,False,0.8684421067243586,0.00032725456171779345
9.884584,1,210.447455,True,0.04892694612068916,False,False,0.8826891754675579,0.00032721122080260905
10.818651,1,210.447455,True,0.019778117654857777,False,False,0.9012110686677036,0.00032724610059637065
10.05312,1,210.447455,True,0.04204601785177279,False,False,0.9429100736112621,0.0003265635260231093
9.72112,1,212.013839,True,0.056457642467586416,False,False,0.9448967300155713,0.00032661499789450127
9.9176655,1,212.013839,True,0.04743927507118992,False,False,0.9676672295595343,0.00032715765416830564
10.635494,1,212.013839,True,0.02410095418847272,False,False,0.9567428081406704,0.0003271970870552641
10.779311,1,212.013839,True,0.020665627424905648,False,False,0.9167506896628452,0.000327201933810341
10.474034,1,212.013839,True,0.02842568990473752,False,False,0.8554554669506461,0.00032719074090545156
10.521073,1,212.013839,True,0.027065652760104513,False,False,0.9816135297540166,0.0003272395571279001
10.395972,1,212.013839,True,0.03058399476481089,False,False,0.9881179444771668,0.0003272339864739469
10.570982,1,212.013839,True,0.025733590197820327,False,False,0.9941121799144099,0.00032716720789796475
9.476274,1,213.63799,True,0.0698795338598807,False,False,0.9827554139803506,0.00032589604533974796
10.631189,1,213.63799,True,0.024207431997653073,False,False,0.9600820399247392,0.0003272330480162341
9.189839,1,213.63799,True,0.08927109299074529,False,False,0.9736302135770233,0.00032591215801493635
10.505823,1,213.63799,True,0.027479654541022438,False,False,0.9811151850692547,0.00032723093722739657
10.313558,1,213.63799,True,0.03307961260147767,False,False,0.9812101758854375,0.0003272320884841259
10.196788,1,213.63799,True,0.03692308716646694,False,False,0.9058506429622585,0.00032720013973196996
10.340557,1,213.63799,True,0.03224709378476866,False,False,0.9816692784756029,0.0003277298853264086
10.516095,1,213.63799,True,0.027208714119544224,False,False,0.9659530883700567,0.0003266202035983098
10.500637,1,214.978029,True,0.027616676433395878,False,False,0.9895897344078729,0.00032722454228202027
10.458945,1,214.978029,True,0.028818998954100256,False,False,0.9083033440683081,0.00032721821076210866
10.2813425,1,214.978029,True,0.03410306982212707,False,False,0.9667395178257971,0.0003266150980101652
10.533688,1,214.978029,True,0.026777731142111554,False,False,0.8860796683447644,0.00032721153850628204
10.254832,1,214.978029,True,0.034978366324782593,False,False,0.9319939460932484,0.00032721111011065935
10.379532,1,214.978029,True,0.031108524887857383,False,False,0.9225319066478349,0.00032663223386672626
10.595352,1,214.978029,True,0.02511099805414896,False,False,0.9762014506498896,0.0003272154491184259
10.546536,1,214.978029,True,0.026437662381451725,False,False,0.8805818176214362,0.0003272120913478495
10.331325,1,216.310746,True,0.03253934730407202,False,False,0.9662531197338698,0.00032718407763244567
9.883754,1,216.310746,True,0.04891153718907208,False,False,0.9419593622844111,0.00032721631117370965
10.735595,1,216.310746,True,0.021668372928358562,False,False,0.9504822884608805,0.0003272090577661948
9.205526,1,216.310746,True,0.08811580438539487,False,False,0.9672319329719566,0.0003188020037368522
10.357821,1,216.310746,True,0.031724381309496404,False,False,0.9797725922568679,0.00032717380286564326
10.440673,1,216.310746,True,0.029307743267956095,False,False,0.9591870297097788,0.00032725039296994897
10.480568,1,216.310746,True,0.028211506287292323,False,False,0.913670664717358,0.00032721148477762315
10.091709,1,216.310746,True,0.040611076893629756,False,False,0.9372449243216674,0.00032661114289389597
10.817826,1,217.59587,True,0.019767719931536292,False,False,0.9655893678535236,0.00032723464589582123
10.739323,1,217.59587,True,0.021578000322055202,False,False,0.9557861326442217,0.0003271706634062288
9.723258,1,217.59587,True,0.05633302726655093,False,False,0.9636995315015483,0.0003272117912280789
9.973001,1,217.59587,True,0.04521775599187003,False,False,0.8927210574511399,0.0003272080610089317
-1.0530258,1,217.59587,False,0.1087914215385699,False,False,0.9168146211561395,0.00032527039509109803
10.308945,1,217.59587,True,0.03323245750590555,False,False,0.9667093232956283,0.0003271605167992647
10.822087,1,217.59587,True,0.01970092903616463,False,False,0.9012511674159704,0.00032719664729239387
10.668894,1,217.59587,True,0.023260384654228885,False,False,0.979544661749614,0.000327179325615463
10.223105,1,218.973252,True,0.036000297070886485,False,False,0.9637210138136029,0.0003271780321174325
10.0832615,1,218.973252,True,0.04092758241889837,False,False,0.9302897291361253,0.0003272283638737962
10.223381,1,218.973252,True,0.035985017969338694,False,False,0.9729248064789445,0.00032779460120461155
10.004116,1,218.973252,True,0.043937069218669696,False,False,0.9434391067910267,0.00032656915619272756
10.6570835,1,218.973252,True,0.023560608262552032,False,False,0.9613541007954808,0.0003272534401391988
10.171205,1,218.973252,True,0.03777254479016583,False,False,0.9448591914767971,0.00032724456582529344
9.068203,1,218.973252,True,0.09869810721875683,False,False,0.9664367992479259,0.0003223700931058806
10.394609,1,218.973252,True,0.03062801511693394,False,False,0.981353978680585,0.00032723915735214987
10.725741,1,220.205164,True,0.02191505298308416,False,False,0.9221372761729434,0.00032723761862414364
10.193295,1,220.206165,True,0.03702645461086008,False,False,0.928338171161249,0.00032716810077703697
9.167561,1,220.206165,True,0.09096346507039854,False,False,0.9615689901880622,0.0003180513451789768
9.908104,1,220.206165,True,0.04786176297085024,False,False,0.9468333231242191,0.0003272410178540691
9.706375,1,220.206165,True,0.0572524097313163,False,False,0.8865700549969143,0.0003259334118761222
10.347429,1,220.206165,True,0.0320455456151873,False,False,0.9689247916064277,0.0003272336993276582
10.580904,1,220.206165,True,0.02551097935379886,False,False,0.9251566165172266,0.00032723233167387895
10.673994,1,220.206165,True,0.023172189641043915,False,False,0.9042299098503487,0.00032724612478948035
10.745884,1,221.649452,True,0.02142275465471169,False,False,0.9580648500415598,0.0003272511654594788
10.0837,1,221.649452,True,0.04099149944835,False,False,0.8220124420649509,0.00032725842311044976
9.636664,1,221.649452,True,0.06078120400404817,False,False,0.9618436302513208,0.000326565324787222
10.22416,1,221.649452,True,0.03598385334937358,False,False,0.9357032517085327,0.00032723399633851957
10.186391,1,221.649452,True,0.03722803251892509,False,False,0.9778503341289507,0.00032723882523840743
10.520182,1,221.649452,True,0.02711037056779757,False,False,0.9433785706459498,0.0003271714676506183
9.937514,1,221.649452,True,0.04660484062971043,False,False,0.9726308112585137,0.0003272270622755036
10.565033,1,221.649452,True,0.02591275503206481,False,False,0.9494444493903998,0.0003272743883218692
10.520278,1,222.96736,True,0.027106684609414396,False,False,0.9453964470518017,0.0003272486654777212
10.470851,1,222.96736,True,0.028455798923646268,False,False,0.9606561481751991,0.00032723261095266276
9.654731,1,222.96736,True,0.05979135363472897,False,False,0.9957809221492795,0.0003271674479031392
10.439796,1,222.96736,True,0.029348852191999786,False,False,0.9309186540042854,0.00032718349309893797
9.894198,1,222.96736,True,0.04846766987330855,False,False,0.933596220208715,0.0003272546588556397
10.3752985,1,222.96736,True,0.03126560541577795,False,False,0.8705481219146921,0.00032731496697215
10.290123,1,222.96736,True,0.03384263279357819,False,False,0.9376742914239623,0.0003272470880175508
10.840913,1,222.96736,True,0.01929047566517211,False,False,0.8795700874138774,0.00032724892490566837
9.444957,1,224.214302,True,0.07181323810667833,False,False,0.9739990008546122,0.00032675365861800046
10.237564,1,224.214302,True,0.0355064218538437,False,False,0.9876543100989524,0.0003272358014553418
10.114495,1,224.214302,True,0.039790938550964806,False,False,0.9238043065683399,0.0003273297197148766
10.350897,1,224.214302,True,0.03193413171745096,False,False,0.9791200815743523,0.0003277904700813313
10.281477,1,224.214302,True,0.03417450700513293,False,False,0.8480009374267605,0.0003272627552116004
10.126188,1,224.214302,True,0.03933471561827293,False,False,0.9740442008292762,0.00032718338791790905
10.335997,1,224.214302,True,0.03241114907661176,False,False,0.9415460384791101,0.0003265806132016671
9.758091,1,224.214302,True,0.05462639873815595,False,False,0.9705539893169648,0.0003272337211902195
9.666653,1,225.412229,True,0.05920845145742935,False,False,0.9585186655876455,0.0003272308615053942
9.389005,1,225.413228,True,0.07542816825244142,False,False,0.9278388854828442,0.00032596308687666783
9.623869,1,225.413228,True,0.061447211476768536,False,False,0.9791163400370806,0.00032717753910890796
10.168347,1,225.413228,True,0.037889992973511345,False,False,0.9180754915712412,0.00032726609381900356
10.265493,1,225.413228,True,0.034625847876529815,False,False,0.9435268088266928,0.00032721553969146904
9.220316,1,225.413228,True,0.0870681254718811,False,False,0.939988012452245,0.0003267538963370391
10.130783,1,225.413228,True,0.039253839950094,False,False,0.8574690748230528,0.00032719799302396096
10.096217,1,225.413228,True,0.040452192450199244,False,False,0.9284219247946316,0.0003265820042783957
10.203088,1,226.658195,True,0.03671598355566003,False,False,0.8967268295681872,0.00032743818814676476
10.911482,1,226.658195,True,0.017727580937459627,False,False,0.9439079158384758,0.0003271917998046491
10.471873,1,226.658195,True,0.028439394273631645,False,False,0.9389341118325547,0.0003272565721849466
10.032743,1,226.658195,True,0.04286429001098374,False,False,0.8900864287935742,0.0003272956335905855
9.726993,1,226.658195,True,0.05613716375039604,False,False,0.9750893089019518,0.0003271691040168813
9.804055,1,226.658195,True,0.05250460297515064,False,False,0.9196521967391889,0.00032731789043354773
10.3039,1,226.658195,True,0.03343348765655464,False,False,0.8978309773945824,0.0003272990978534184
9.586573,1,226.658195,True,0.06347126907683079,False,False,0.9905263836097862,0.0003259054490415293
9.917702,1,227.865365,True,0.04741622268061647,False,False,0.9931737293134207,0.0003271665259815876
10.568122,1,227.865365,True,0.025820208192109034,False,False,0.9715024293014636,0.0003274235119780158
9.63543,1,227.865365,True,0.06085781942335121,False,False,0.9516202276385359,0.000327500704459251
9.743597,1,227.865365,True,0.05532109224223493,False,False,0.9773480475392475,0.00032716689419228125
10.240555,1,227.865365,True,0.03540783691006032,False,False,0.9881924874696205,0.0003273721777670833
10.442198,1,227.865365,True,0.02931620514665777,False,False,0.8680721805539288,0.00032730222251349793
9.717873,1,227.865365,True,0.056606331151213406,False,False,0.9576429096862398,0.00032729497714572496
10.469354,1,227.865365,True,0.0284960299218852,False,False,0.9635013425281703,0.0003272192072458246
10.338715,1,229.134036,True,0.03230097855019114,False,False,0.9856018410983926,0.0003275865618169074
10.528802,1,229.135036,True,0.02685263281721511,False,False,0.9907652306692722,0.0003265971185309839
10.625124,1,229.135036,True,0.024401191049304723,False,False,0.8792171193707451,0.00032734256655505585
10.367017,1,229.135036,True,0.031515336635544906,False,False,0.8673625809568619,0.00032753530624095176
9.9789505,1,229.135036,True,0.044927325681843905,False,False,0.9559545233899205,0.0003272514486231242
10.015459,1,229.135036,True,0.0435241413338352,False,False,0.9031366621520973,0.0003268766188779644
9.104344,1,229.135036,True,0.09580743974438999,False,False,0.9815124751787034,0.00032672925223508584
9.846603,1,229.135036,True,0.05050854863363933,False,False,0.9856526834754481,0.00032736509367593044
10.253688,1,230.455988,True,0.035072063266966574,False,False,0.8452020088630654,0.00032687236259226895
10.503877,1,230.455988,True,0.02756526855573369,False,False,0.9216066923518672,0.0003275784769639405
10.349097,1,230.455988,True,0.03204882598849293,False,False,0.8801180842418371,0.00032734028553232827
10.27089,1,230.455988,True,0.034478069483476634,False,False,0.9032747187218438,0.000326940380409987
9.765144,1,230.455988,True,0.054323885923682445,False,False,0.9332090749887427,0.0003273386150329378
10.100987,1,230.455988,True,0.04032605031788691,False,False,0.8623947641073263,0.00032723915384218243
9.118112,1,230.455988,True,0.0947305687397215,False,False,0.9815485453362504,0.0003267454000586054
10.39075,1,230.455988,True,0.030794365807511215,False,False,0.8919645244123156,0.00032755442553099675
10.285684,1,231.727741,True,0.03395692013941226,False,False,0.9794288870139307,0.000327579873303725
10.416429,1,231.727741,True,0.030049604687944747,False,False,0.8809364645654699,0.0003271288155919379
10.486352,1,231.72874,True,0.028027252099681908,False,False,0.9571354219471692,0.00032736351839087586
10.175893,1,231.72874,True,0.03759633612805531,False,False,0.9657938397310626,0.0003272880690669763
9.411694,1,231.72874,True,0.0738868920185273,False,False,0.9906688220949498,0.0003267433357497997
10.518561,1,231.72874,True,0.0271374570850363,False,False,0.974322098495834,0.00032721364518150064
10.446552,1,231.72874,True,0.02914736165837866,False,False,0.9472265086875069,0.0003272296093322208
10.344243,1,231.72874,True,0.03212759514804712,False,False,0.9933554870134681,0.0003274461418415345
10.598518,1,232.985667,True,0.025062130157918236,False,False,0.9129118236127302,0.0003275091534509532
10.132077,1,232.985667,True,0.03916738087443279,False,False,0.9139838112280018,0.0003267821692156343
10.827185,1,232.985667,True,0.01955444623202872,False,False,0.9734781954667798,0.00032741579174563743
9.684715,1,232.985667,True,0.058255189793049694,False,False,0.9806143017553062,0.00032736794164434985
10.340197,1,232.985667,True,0.03225680374535601,False,False,0.9837898866183534,0.0003275353738866965
9.759437,1,232.985667,True,0.05455134596362311,False,False,0.9813642775094326,0.00032735164159538856
9.743975,1,232.985667,True,0.0553450734345607,False,False,0.9338482351822267,0.0003253716336007927
9.861999,1,232.985667,True,0.04990871333742603,False,False,0.8908431558642153,0.0003273253541532766
10.417625,1,234.217616,True,0.02996019305932442,False,False,0.975417382004493,0.0003277359691304408
10.498435,1,234.217616,True,0.027690715841445,False,False,0.9644896875989282,0.0003267610664328879
9.981489,1,234.217616,True,0.044816617878845534,False,False,0.9670578163315734,0.0003275550519232266
9.818462,1,234.217616,True,0.051802281791592894,False,False,0.9620084654758448,0.00032734720337804376
10.30912,1,234.217616,True,0.03321017451280005,False,False,0.9936172276632634,0.0003275773339286941
10.516679,1,234.217616,True,0.027232714017260587,False,False,0.8924949524052721,0.0003273229788584689
10.206577,1,234.217616,True,0.03654646511120854,False,False,0.9736493330249353,0.0003265522781575463
9.888732,1,234.218614,True,0.048664363774327944,False,False,0.9786669341283265,0.0003275905108547018
10.045635,1,235.456144,True,0.04230369230286371,False,False,0.9777378849231527,0.0003272276408755722
9.664953,1,235.456144,True,0.05935146515764895,False,False,0.9059007281563517,0.0003272101522412355
9.787873,1,235.456144,True,0.05325114853306463,False,False,0.9284565408567258,0.0003269328519339444
10.255622,1,235.456144,True,0.034932825175492926,False,False,0.9626243764498473,0.0003268160855403821
10.187507,1,235.456144,True,0.037272490976309636,False,False,0.8570099802005989,0.0003271736159613398
9.978628,1,235.456144,True,0.044937571372816204,False,False,0.9592921585932913,0.0003273450079978956
9.175349,1,235.456144,True,0.09046202972078633,False,False,0.904162113590097,0.0003183073787643453
9.964197,1,235.456144,True,0.04553151673752015,False,False,0.9455569991474359,0.0003275915891337274
10.590862,1,236.654548,True,0.025276050707215007,False,False,0.880635998454228,0.0003274788331173388
10.431003,1,236.654548,True,0.029578200107635032,False,False,0.9696129717743249,0.0003281064265960768
10.435495,1,236.654548,True,0.029467595261994415,False,False,0.9380857601654073,0.0003267838399871912
9.367216,1,236.654548,True,0.07686949858322226,False,False,0.9170274196354334,0.00032682785309843474
10.561477,1,236.654548,True,0.026006634869595733,False,False,0.9485896960730443,0.00032749736176526217
10.189863,1,236.654548,True,0.037158414738308596,False,False,0.9062157382048154,0.00032782547668334
10.235044,1,236.654548,True,0.03560705411686932,False,False,0.9608187998688396,0.0003278057915726301
10.850122,1,236.654548,True,0.01905545968905509,False,False,0.9500752530684757,0.000327461356357454
10.154383,1,238.005154,True,0.03837017108624913,False,False,0.9271543650575853,0.0003272222685880935
9.717178,1,238.005154,True,0.0566417494694112,False,False,0.9567361547031107,0.00032729866296446036
10.18643,1,238.005154,True,0.037240696276773046,False,False,0.9573356098370619,0.00032715659886033317
9.635713,1,238.005154,True,0.06084800815875191,False,False,0.9467031401043902,0.00032610802128112316
9.528935,1,238.005154,True,0.06680621893727515,False,False,0.9366077347070768,0.0003274615410114547
10.544966,1,238.005154,True,0.02645264419595731,False,False,0.9309536264810414,0.00032748743095015214
9.424606,1,238.006154,True,0.0730837648813381,False,False,0.9777421972743466,0.0003261799766580357
10.489827,1,238.006154,True,0.027968421989795073,False,False,0.8899241027581065,0.0003273001961393621
9.695422,1,239.233652,True,0.057704047363727674,False,False,0.9868198897640812,0.00032754335595652843
10.355637,1,239.234652,True,0.03182563372468098,False,False,0.9213224435744515,0.0003275872766795706
9.234556,1,239.234652,True,0.08612054233625191,False,False,0.877928105626952,0.0003268500258662364
10.882609,1,239.234652,True,0.018347223064320302,False,False,0.9455391593147316,0.0003275486788262387
10.243817,1,239.234652,True,0.03538201709537505,False,False,0.8644096696829614,0.00032740648387632386
10.418063,1,239.234652,True,0.029973397793211367,False,False,0.9307156451398891,0.0003272208523433089
10.270858,1,239.234652,True,0.03442487021947839,False,False,0.9877516170500077,0.0003268304133715374
10.434818,1,239.234652,True,0.02945930616640515,False,False,0.9864354986241305,0.00032753083364977684
10.638298,1,240.491016,True,0.02401589405891347,False,False,0.9862523626610769,0.0003271611687006257
9.86841,1,240.491016,True,0.049597895592582174,False,False,0.9229499948116273,0.00032678020988853015
9.41963,1,240.491016,True,0.07340564038595644,False,False,0.9722350766722366,0.00032677438159528125
10.647952,1,240.491016,True,0.02379688801169437,False,False,0.9420894733893367,0.00032754929917401895
10.021262,1,240.491016,True,0.04332113616531933,False,False,0.8736312197505718,0.0003274815836996125
9.77298,1,240.491016,True,0.05389073589059479,False,False,0.9958398357847525,0.000327258775626415
9.339433,1,240.491016,True,0.07886220674162694,False,False,0.8142157259468088,0.0003267823869826804
-1.0515347,1,240.491016,False,0.10857818281878497,False,False,0.9678600259034614,0.0003268169439631163
9.128269,1,241.703602,True,0.09409132297623903,False,False,0.8848557206108568,0.0003268881053935154
10.866786,1,241.703602,True,0.01871016677902462,False,False,0.902881999007964,0.00032751972891887054
10.2232275,1,241.703602,True,0.036015776368000615,False,False,0.9343132894086701,0.0003274535774820936
10.317372,1,241.703602,True,0.03298521388162258,False,False,0.9422901121903098,0.00032753715817765563
10.749804,1,241.703602,True,0.02134429728006621,False,False,0.9295432137906293,0.00032742930836922204
10.330904,1,241.703602,True,0.03255502065092021,False,False,0.9618197456842448,0.00032735705953332474
10.285758,1,241.703602,True,0.03397681484350823,False,False,0.944394735015081,0.0003273062665591624
10.49063,1,241.703602,True,0.02789179037642964,False,False,0.9887546941522077,0.0003275214974110982
10.401768,1,243.042362,True,0.030499135772846506,False,False,0.8429685142923246,0.0003267777958416785
10.550245,1,243.042362,True,0.026340425385274605,False,False,0.8782653687030807,0.00032738636161071645
9.961115,1,243.042362,True,0.04569857868357825,False,False,0.8943866391974576,0.00032740117703598554
10.7017,1,243.042362,True,0.022456929747195792,False,False,0.9910455692999347,0.00032692008277317776
10.634231,1,243.042362,True,0.024171261276304912,False,False,0.8799356143435714,0.0003273377947615497
9.112014,1,243.042362,True,0.0952070954181576,False,False,0.981129585605154,0.0003190187702001486
10.209957,1,243.042362,True,0.036471654304410364,False,False,0.9158980406349239,0.00032737678254498307
10.136921,1,243.042362,True,0.03898332594730647,False,False,0.9306327641752946,0.0003275524033657498
10.209075,1,244.304851,True,0.03645339935405466,False,False,0.9872054418538906,0.00032751862991238213
-0.99417675,1,244.304851,False,0.10399937523279604,False,False,0.8313083103324852,0.00032695490396276967
10.044856,1,244.304851,True,0.042431442594483115,False,False,0.8490558366450291,0.0003270600427058935
9.992769,1,244.304851,True,0.04445640073278002,False,False,0.854346153032733,0.000327443564718052
-1.2170324,1,244.304851,False,0.12320451313207773,False,False,0.8953757259212909,0.0003257628197369153
9.8972025,1,244.304851,True,0.048318045824240693,False,False,0.9575793150016627,0.00032759410627374204
-1.0264603,1,244.304851,False,0.10666672996698243,False,False,0.8461962512227769,0.0003268842140296553
10.45672,1,244.304851,True,0.028882913615330658,False,False,0.9061134784657777,0.0003272553099489029
10.548946,1,245.561487,True,0.026322521542874525,False,False,0.9769914038110828,0.00032756495489552785
9.965033,1,245.561487,True,0.045476511457876415,False,False,0.9715347808927643,0.00032717808015575743
-1.1686203,1,245.561487,False,0.11870532025042096,False,False,0.9906948693621371,0.0003253541217732043
10.289198,1,245.561487,True,0.03384176229484752,False,False,0.9853334071499547,0.0003272278864955734
10.583183,1,245.561487,True,0.0254316048164871,False,False,0.9640830546643168,0.00032754523292380855
10.608861,1,245.561487,True,0.02477797189113874,False,False,0.9506283234763063,0.0003271108295183137
9.603393,1,245.561487,True,0.06257485664615506,False,False,0.9633815979242338,0.0003275674404243887
-1.1708192,1,245.561487,False,0.11889988604138742,False,False,0.9909921279991906,0.0003259423659288098
10.439539,1,246.779323,True,0.029326593305960165,False,False,0.9828305854384454,0.0003275127118106382
9.625318,1,246.779323,True,0.061371534824287324,False,False,0.9770871568770706,0.00032768360672480516
10.272057,1,246.779323,True,0.03444672541368869,False,False,0.8937585267645064,0.00032755449215999096
10.258545,1,246.779323,True,0.034817538886019114,False,False,0.9942583641566308,0.00032804239794739017
10.193747,1,246.779323,True,0.03699726933801234,False,False,0.9486928430257928,0.0003272333902651421
9.1483755,1,246.779323,True,0.09237469961518617,False,False,0.9936890973852575,0.0003266072911947491
-1.2229567,1,246.779323,False,0.12360038894781826,False,False,0.9720683861088617,0.000326050546648295
10.496897,1,246.779323,True,0.027724221613210896,False,False,0.9802853564872943,0.000327441893883272
-1.0145919,1,248.003953,False,0.10567685023985349,False,False,0.8435441459859422,0.00032686477526998206
9.44715,1,248.003953,True,0.07165506725300462,False,False,0.9916498631826942,0.00032767200063169445
9.444799,1,248.003953,True,0.07180396720646762,False,False,0.9893176557090985,0.0003270439786646823
9.144727,1,248.003953,True,0.09266838932969904,False,False,0.9844636413573007,0.00032655251025260024
10.403705,1,248.003953,True,0.03035454943313376,False,False,0.9932089427983596,0.00032744008904337724
9.813451,1,248.003953,True,0.05201387057396286,False,False,0.9818242685404956,0.00032767480614320576
10.169887,1,248.003953,True,0.037871846876041816,False,False,0.867307909706403,0.0003271360245320833
9.34335,1,248.003953,True,0.07839745526194644,False,False,0.9633368492913538,0.00032645654787093566
9.133847,1,249.278123,True,0.09349311314715077,False,False,0.9925764099526323,0.0003270507978422863
9.737499,1,249.278123,True,0.05568634270062934,False,False,0.9082078673876279,0.0003267676458879746
9.237889,1,249.278123,True,0.08580089840951194,False,False,0.9317857510282271,0.00032665412507926244
10.272075,1,249.278123,True,0.03441970837587122,False,False,0.9349303402192572,0.00032718212372627784
9.149957,1,249.278123,True,0.09226487111192493,False,False,0.9863806778222082,0.00032705557129179326
9.56556,1,249.278123,True,0.06476535008864558,False,False,0.8851481766902267,0.00032676490931434995
9.162869,1,249.278123,True,0.09131862604307568,False,False,0.961848061519151,0.0003269943267147025
9.110561,1,249.278123,True,0.09534513383653181,False,False,0.9655557163661179,0.0003254853350692115
9.555265,1,250.545923,True,0.0652334839904492,False,False,0.9870794528387047,0.0003275392327216849
9.632147,1,250.546926,True,0.06098767057051444,False,False,0.9940294810084858,0.0003276736474860392
9.896364,1,250.546926,True,0.04838935190553826,False,False,0.9164519637217015,0.000327619645097769
10.577927,1,250.546926,True,0.02555517859991862,False,False,0.9890086395591127,0.00032743799353463545
9.300472,1,250.546926,True,0.08137024360103744,False,False,0.9293695452374894,0.0003266013269947139
9.584801,1,250.546926,True,0.06367581522240813,False,False,0.8949196651890062,0.0003271511430631097
-0.98469526,1,250.546926,False,0.10300331166840805,False,False,0.96066781570387,0.00032703091255445465
9.582747,1,250.546926,True,0.0637591553374417,False,False,0.9227152721483282,0.00032714491884935096
9.805619,1,251.869124,True,0.052513588456824155,False,False,0.8317471503447362,0.00032679964833034147
-1.0213817,1,251.869124,False,0.10627201457364159,False,False,0.8274587185847236,0.0003265415027372256
10.352246,1,251.869124,True,0.031901064509663075,False,False,0.9661937994155205,0.00032767438255008
9.075196,1,251.869124,True,0.09819928059939502,False,False,0.9286525488721667,0.00032696870656667617
-1.2760146,1,251.869124,False,0.1284624647211259,False,False,0.9508814906265541,0.0003259350513844055
10.377558,1,251.869124,True,0.031165742120140217,False,False,0.9251037809518566,0.00032759602117272323
9.723813,1,251.869124,True,0.0563695827218735,False,False,0.8990609804327929,0.0003275489290696441
9.6779785,1,251.869124,True,0.0585911216183282,False,False,0.9897583357628545,0.00032767624548590553
10.050862,1,253.196545,True,0.04213919151918799,False,False,0.9328543862137172,0.0003276851191491785
9.098411,1,253.196545,True,0.09630913486255778,False,False,0.9593328097011444,0.0003269883787872813
10.109041,1,253.196545,True,0.03998178705791899,False,False,0.9327567989157844,0.00032690559751385345
-1.132259,1,253.196545,False,0.11552197704929541,False,False,0.9783761851146672,0.0003267067031262606
9.880807,1,253.196545,True,0.0490459301226695,False,False,0.9345705693739077,0.00032748083422113494
-25.708841,1,253.196545,False,,True,False,0.9727275543381955,0.0003239388127166291
-1.0024215,1,253.196545,False,0.10452689759890692,False,False,0.9253645680928633,0.00032677207759262283
-1.0965328,1,253.196545,False,0.1126052841866764,False,False,0.867533925883431,0.00032658384122882014
9.700757,1,254.525809,True,0.05748107750825646,False,False,0.9405490783818976,0.00032766783189919685
-0.99989617,1,254.525809,False,0.10438425934855343,False,False,0.8850359203741784,0.00032681287544667625
-1.2367071,1,254.525809,False,0.12492015749153328,False,False,0.9297902989771993,0.0003259844023446401
9.812654,1,254.525809,True,0.05210493076754097,False,False,0.9226041284864431,0.0003276282566922703
10.742349,1,254.525809,True,0.021500900779897185,False,False,0.9683902840152877,0.0003274392859130495
9.35944,1,254.525809,True,0.07730112573315598,False,False,0.979854403817728,0.00032700362063716593
9.795421,1,254.525809,True,0.05289731570938637,False,False,0.9290983899735223,0.00032724093853727526
9.980312,1,254.525809,True,0.04487565007265797,False,False,0.9522426328107543,0.00032681648975254446
9.6480875,1,255.748171,True,0.06024699722700816,False,False,0.894702438385284,0.00032739940923532247
9.7330675,1,255.748171,True,0.05583407241218233,False,False,0.9791939016199284,0.00032766673115092366
9.591035,1,255.748171,True,0.06340612508907113,False,False,0.8261717792503762,0.00032759377174265247
10.436832,1,255.748171,True,0.029459256482831476,False,False,0.8858035348735115,0.00032757310452056424
10.271295,1,255.748171,True,0.03445153526318981,False,False,0.924374797082299,0.00032751121394476566
9.056772,1,255.748171,True,0.09980458106516298,False,False,0.8498157864847483,0.0003267030789133737
10.694083,1,255.748171,True,0.0226803988749637,False,False,0.9091194340389329,0.0003271424321285445
-1.0585945,1,255.748171,False,0.10917828353605746,False,False,0.9677157090649089,0.00032659550306194995
-1.9683872,1,256.951383,False,0.19544070722455784,False,False,0.8471584139723604,0.00032832367701246025
-1.0465592,1,256.951383,False,0.10825998451389131,False,False,0.9067641007373531,0.0003266984055116401
-1.113947,1,256.951383,False,0.1140246127403825,False,False,0.9202905949597064,0.00032668909425225586
10.600799,1,256.951383,True,0.02496100547713094,False,False,0.9959026257143184,0.00032739294643319025
10.418567,1,256.951383,True,0.030008447593082955,False,False,0.8450212520222976,0.00032744266160767034
-1.0296787,1,256.952379,False,0.10682298076013232,False,False,0.9141486436321199,0.00032657838669193645
9.471997,1,256.952379,True,0.07042071440611791,False,False,0.7519158115622965,0.00032706613914869164
10.282579,1,256.952379,True,0.03407117795324564,False,False,0.9549693160511677,0.00032764231478799217
9.730091,1,258.317557,True,0.05600659022097617,False,False,0.9525601037179195,0.00032760945682179586
9.646736,1,258.317557,True,0.060265591820284424,False,False,0.9446311090755088,0.00032752174063828545
10.7640505,1,258.317557,True,0.02101635437589313,False,False,0.9207859201748925,0.0003276887215564646
10.290155,1,258.317557,True,0.03387195268969126,False,False,0.8898098345251871,0.0003277287043375392
10.61466,1,258.317557,True,0.024654803663196806,False,False,0.9023443104085499,0.00032727934819207054
9.307804,1,258.317557,True,0.0808222130668611,False,False,0.9591696694394659,0.00032790052648876253
9.755511,1,258.317557,True,0.05472783261507148,False,False,0.9941871945478093,0.0003275279270300402
9.501849,1,258.317557,True,0.06854773470971968,False,False,0.8118601655987189,0.00032770724695275637
9.837799,1,259.837563,True,0.051025129484018036,False,False,0.8505150324799751,0.00032771520148175393
9.3264,1,259.837563,True,0.07951550253613522,False,False,0.9837389987367461,0.0003279388084225722
10.3092575,1,259.837563,True,0.033209586580308204,False,False,0.9876878016024448,0.00032784024764221395
9.637351,1,259.837563,True,0.060808265555674555,False,False,0.9020964733491493,0.000327042431487954
10.553958,1,259.837563,True,0.026196757871701115,False,False,0.9639628061951306,0.00032754464974277757
9.489985,1,259.837563,True,0.06913130947855475,False,False,0.9171754870782352,0.0003278070842286938
10.608281,1,259.837563,True,0.024779235465740963,False,False,0.9771583298481872,0.000327778979723275
9.528,1,259.837563,True,0.06686207519629987,False,False,0.9354050571384289,0.0003274763486238664
10.841343,1,261.244355,True,0.019241680931263255,False,False,0.9680557908568846,0.00032765038541640286
10.439384,1,261.244355,True,0.029407663888809003,False,False,0.8484699390699414,0.00032781751565859416
10.386145,1,261.245355,True,0.030889052622391115,False,False,0.9619631841227558,0.0003277662614660653
10.594849,1,261.245355,True,0.025162619920863917,False,False,0.9011160789471682,0.0003274303191468366
9.324432,1,261.245355,True,0.07966246673206091,False,False,0.9741134072763165,0.00032728445691227863
-1.1667293,1,261.245355,False,0.1185426191486445,False,False,0.9878908424626869,0.00032700126379746466
10.046863,1,261.245355,True,0.042244503177152254,False,False,0.9941668743686217,0.0003278910406889123
9.6978245,1,261.245355,True,0.05764926518876327,False,False,0.9207731398516372,0.00032758672735515635
-2.857407,1,262.768306,False,0.2838844152422339,False,False,0.9359175646661814,0.000322211058230325
9.429721,1,262.768306,True,0.07292309618533693,False,False,0.8493394148593462,0.0003278467155253558
10.626911,1,262.768306,True,0.02436718016080857,False,False,0.8571401176569374,0.00032775925467629015
10.373753,1,262.768306,True,0.031247818128790548,False,False,0.9776267514666325,0.0003275105296009282
10.26125,1,262.768306,True,0.03474600919355792,False,False,0.969587739488255,0.00032765587527571155
10.538011,1,262.768306,True,0.026625090720082418,False,False,0.9551496668936468,0.0003280541767489914
9.565214,1,262.768306,True,0.06467698981229703,False,False,0.9807070393141291,0.0003278484393124837
10.30824,1,262.768306,True,0.033252453712294384,False,False,0.9699430703883162,0.0003275384375023737
9.427698,1,264.240916,True,0.07312344550568822,False,False,0.791713059750042,0.0003278465436700352
9.6250925,1,264.240916,True,0.06144872232099133,False,False,0.9165148477443753,0.00032782607057140915
10.936997,1,264.240916,True,0.017228289027394355,False,False,0.8472216417217576,0.00032765624720184093
9.949955,1,264.240916,True,0.04612772204764915,False,False,0.9281915872126741,0.00032763041549697985
9.772653,1,264.240916,True,0.054004323919008154,False,False,0.8926946738388449,0.0003275778043960777
10.236027,1,264.240916,True,0.03556832382463025,False,False,0.970425225471264,0.00032764429240543264
10.26424,1,264.240916,True,0.03464518987494345,False,False,0.9761800855831988,0.0003276192237809108
9.867581,1,264.240916,True,0.04968460815156824,False,False,0.86581715260577,0.00032702480808453216
10.415437,1,265.773873,True,0.030036945866703194,False,False,0.9523607176748913,0.00032757829851839986
10.325408,1,265.773873,True,0.03271462185197473,False,False,0.977567607940587,0.00032747656948891007
9.090961,1,265.773873,True,0.096871390662257,False,False,0.975736271203804,0.0003192569336090393
9.205757,1,265.773873,True,0.0881362757619049,False,False,0.941833965199812,0.0003196872688641238
10.174557,1,265.774873,True,0.03767210457581269,False,False,0.9227009336391508,0.0003278832126505497
10.286903,1,265.774873,True,0.03399723977496435,False,False,0.8550124321908589,0.0003275662610671885
9.726154,1,265.774873,True,0.05622175179919052,False,False,0.9313472072944784,0.00032679461057431646
10.756997,1,265.774873,True,0.021184685252810784,False,False,0.9115825398933256,0.00032748639405113226
10.267319,1,267.284623,True,0.0345523820805355,False,False,0.9662889829324567,0.00032782727668514164
9.867368,1,267.284623,True,0.049617560663166034,False,False,0.9527202144009905,0.0003277601395163791
10.176635,1,267.284623,True,0.03763090753141006,False,False,0.8785523451085214,0.00032725298419970946
10.299204,1,267.284623,True,0.03354313279001787,False,False,0.9581364035531931,0.00032764396817252134
10.337613,1,267.284623,True,0.032331557644194556,False,False,0.990664636350039,0.0003280456942667452
10.6335125,1,267.284623,True,0.024189757830975017,False,False,0.8790745052668772,0.00032739270127120774
-1.0642895,1,267.284623,False,0.10976276462817071,False,False,0.9095399309663518,0.0003249282151914633
10.643318,1,267.284623,True,0.023906626387856025,False,False,0.9537239408565393,0.0003273389831209572
-1.050277,1,268.664986,False,0.1084815602996688,False,False,0.9619327741738438,0.0003270069329404111
10.4775095,1,268.664986,True,0.028300132489714247,False,False,0.9070625094821149,0.00032774514207404274
10.114374,1,268.664986,True,0.03978165569185148,False,False,0.9427485453340435,0.00032756513014464266
10.895976,1,268.664986,True,0.01805101038114758,False,False,0.9636246741239418,0.00032762176198835956
10.75789,1,268.664986,True,0.021168619320941114,False,False,0.9014028555997879,0.00032771338633446224
10.362419,1,268.664986,True,0.031591828416791715,False,False,0.969971369241237,0.0003274628021048421
10.371754,1,268.664986,True,0.03133801977977708,False,False,0.9265500986854266,0.0003276585302466964
10.529451,1,268.664986,True,0.02683604485926438,False,False,0.989179843886217,0.0003273906470216128
10.5307865,1,270.137397,True,0.026819632718170457,False,False,0.953005252964816,0.00032764547016643877
10.709456,1,270.137397,True,0.022299241670310974,False,False,0.9313577925289941,0.00032773064949017045
10.406197,1,270.137397,True,0.030295333126335866,False,False,0.9700663330636,0.00032776786192619293
10.469334,1,270.137397,True,0.028521082916851695,False,False,0.9196975785238874,0.00032771616634334896
10.36419,1,270.137397,True,0.03154065205965049,False,False,0.9665346204282866,0.0003277787445458041
10.515842,1,270.137397,True,0.027217856107857877,False,False,0.9617535413859407,0.00032771826524654257
9.34091,1,270.137397,True,0.07853042302130468,False,False,0.9865024445277719,0.0003263923560693772
9.180085,1,270.137397,True,0.09006210966112256,False,False,0.9330867468658544,0.00031854534861085247
9.656999,1,271.60023,True,0.059731713233788813,False,False,0.9393272423647142,0.0003278620154331756
10.569877,1,271.60023,True,0.025788124997513377,False,False,0.945046650386845,0.00032771544344484266
10.48094,1,271.60023,True,0.028171591921456653,False,False,0.9670167035153663,0.00032788287538681316
9.875117,1,271.60023,True,0.049263438717914235,False,False,0.9694461220932037,0.000326781564980694
10.858587,1,271.60023,True,0.018852866687405975,False,False,0.9871109186018852,0.0003278136460759684
10.434851,1,271.60023,True,0.029555847974707793,False,False,0.8161762287340887,0.00032773789547838766
10.510244,1,271.60023,True,0.02736383168611323,False,False,0.9727427130767076,0.00032775940368231257
9.772089,1,271.60023,True,0.053947687001225236,False,False,0.98044378117927,0.00032648183345984584
9.756692,1,272.909391,True,0.05472226541287893,False,False,0.9409235901712044,0.0003274766148707702
9.506504,1,272.909391,True,0.0681521957727401,False,False,0.9119665586824823,0.0003276613243109938
10.75605,1,272.909391,True,0.021196868067392016,False,False,0.9327631510746445,0.0003274908800316487
9.473772,1,272.910394,True,0.07007275185866775,False,False,0.948741784714678,0.0003277469815704956
10.137536,1,272.910394,True,0.0389811656090594,False,False,0.902923919300208,0.0003275654646663805
9.3073435,1,272.910394,True,0.08080358664767981,False,False,0.9957232132373676,0.00032775953092557597
10.459235,1,272.910394,True,0.028765902289519266,False,False,0.9881433658417312,0.000327812716824751
10.263167,1,272.910394,True,0.03468415273339747,False,False,0.9694696495229855,0.00032828285870495875
10.78269,1,274.279421,True,0.02059373194180473,False,False,0.9042322764116645,0.00032784504202089057
9.080536,1,274.279421,True,0.0978766125653308,False,False,0.8639326657074077,0.00032579229061852695
9.329081,1,274.279421,True,0.07938546594938588,False,False,0.9453959593969612,0.00032699230633995965
9.847856,1,274.279421,True,0.05047665750556289,False,False,0.9587340180643518,0.0003262918391809228
10.49872,1,274.279421,True,0.02777659817544493,False,False,0.7937039579186863,0.0003276380614599036
10.676337,1,274.279421,True,0.023074186001159062,False,False,0.9872321969035679,0.0003277716714384052
9.366127,1,274.279421,True,0.07693951860327006,False,False,0.918503584850346,0.00032782942341439374
10.237198,1,274.279421,True,0.03554824562415992,False,False,0.9423816707223378,0.0003276447811334359
10.730614,1,275.602642,True,0.02177800473399757,False,False,0.9675818050691973,0.0003278084462899058
10.299744,1,275.602642,True,0.03358247967859573,False,False,0.8686028957291931,0.00032749145029992843
9.732733,1,275.602642,True,0.0559391427135369,False,False,0.889011460097605,0.00032712569890401533
-1.0249249,1,275.602642,False,0.10637988738922484,False,False,0.9402877659075763,0.00032725238890319723
9.13508,1,275.602642,True,0.09354827626297678,False,False,0.8952011509331572,0.0003164265295167099
10.816071,1,275.602642,True,0.019830635040399752,False,False,0.9135516466838702,0.0003277254048116977
10.827799,1,275.602642,True,0.0196128965461497,False,False,0.8120755798790171,0.00032767921478155543
9.556255,1,275.602642,True,0.06521685965419924,False,False,0.9521868206959596,0.0003279442535628208
10.072583,1,276.982287,True,0.04129968318753699,False,False,0.9631165432364323,0.00032702935131755963
-2.3420787,1,276.982287,False,0.23240965679618075,False,False,0.9423122023498597,0.00031382066460294763
10.462888,1,276.982287,True,0.02866565562884115,False,False,0.9839126781975464,0.00032822822964917827
9.1273155,1,276.982287,True,0.09400612010811008,False,False,0.9874962673498398,0.00031930858201531656
9.947036,1,276.982287,True,0.046201092633517016,False,False,0.9849953191841773,0.0003277977385242559
10.288156,1,276.982287,True,0.033948108675503665,False,False,0.8697244176358344,0.0003271605427292737
9.435096,1,276.982287,True,0.07259443192300473,False,False,0.8418060343281446,0.00032777976345051276
9.173622,1,276.982287,True,0.09051834691783373,False,False,0.9531289002309028,0.00031896755127582753
10.578786,1,278.355774,True,0.025565870426124918,False,False,0.9255245052810186,0.00032788710671197526
10.76293,1,278.355774,True,0.021069625544073604,False,False,0.8621193913746529,0.000327347557926193
10.103819,1,278.355774,True,0.04016736586356194,False,False,0.9384179800750625,0.00032744546206154744
10.479288,1,278.355774,True,0.02824790342125091,False,False,0.9120805650149786,0.0003277716642294607
-1.172639,1,278.355774,False,0.11909280576876183,False,False,0.9733426911823365,0.0003265412892851781
10.404489,1,278.355774,True,0.030329480848736528,False,False,0.9969524226728258,0.0003278055680469119
10.402747,1,278.355774,True,0.03041698713949042,False,False,0.9342943785315085,0.00032737418089721345
9.548382,1,278.355774,True,0.0656294338232053,False,False,0.9842190685294903,0.0003274554407914126
9.646737,1,279.785458,True,0.0602471486477106,False,False,0.9620510231434783,0.0003276354480994841
10.205966,1,279.785458,True,0.03655153433631536,False,False,0.9966744513679434,0.0003277709986474055
9.521598,1,279.785458,True,0.06719205373285568,False,False,0.9727332812531884,0.00032775663278075044
10.262541,1,279.785458,True,0.034760551536881436,False,False,0.8825422010613981,0.00032745579084758044
9.389056,1,279.785458,True,0.07545128277140777,False,False,0.9074738226901748,0.00032601805597738833
10.684375,1,279.785458,True,0.022875020640245873,False,False,0.9935945607344591,0.0003274171412365347
9.812498,1,279.785458,True,0.052046538928407306,False,False,0.9938716962511321,0.00032666424986387395
10.088852,1,279.785458,True,0.040720051218457815,False,False,0.9319383582599042,0.00032751622629910654
10.479893,1,281.182468,True,0.028190464647723665,False,False,0.9853422880578874,0.0003266596399212617
10.471339,1,281.182468,True,0.02842500764494761,False,False,0.9914500159688664,0.0003275457338976131
10.817464,1,281.182468,True,0.019770045471038705,False,False,0.9785713028345727,0.0003275008888725276
9.084248,1,281.182468,True,0.09737250582991747,False,False,0.9952988891262748,0.0003155273512970947
9.145465,1,281.182468,True,0.09264716470011576,False,False,0.9613950303597605,0.00031926183305261955
10.73795,1,281.182468,True,0.021593998218355465,False,False,0.9904268794508949,0.00032725702968500317
9.192256,1,281.182468,True,0.0890689268873709,False,False,0.9883964896557996,0.00031924008234014435
10.8276615,1,281.182468,True,0.019558640874393882,False,False,0.9402428622709884,0.0003277739447189156
-1.0095705,1,282.413734,False,0.1051536623754458,False,False,0.9060004951783285,0.0003235436342502282
10.651387,1,282.413734,True,0.023695360009466843,False,False,0.9744739736368236,0.00032702914146159797
10.855116,1,282.413734,True,0.018927083382416027,False,False,0.9917853855286459,0.00032777275477666244
-0.9496819,1,282.413734,False,0.10021311943330657,False,False,0.9196816230353223,0.000319723338837773
10.558156,1,282.413734,True,0.02611252845419432,False,False,0.9136074136580128,0.0003272598543942555
9.160627,1,282.413734,True,0.0914384135910833,False,False,0.9950452528053354,0.00031958967843637154
9.999642,1,282.413734,True,0.04415170088897715,False,False,0.894967843958964,0.00032771657669649766
10.62391,1,282.413734,True,0.0244091656290641,False,False,0.9241270211340911,0.0003276775273151064
10.385977,1,283.590618,True,0.0309016433325428,False,False,0.9490821067392882,0.00032736493485904637
10.469779,1,283.591621,True,0.02853916492502849,False,False,0.8651126934214481,0.0003276137116453546
10.697366,1,283.591621,True,0.022602613111948753,False,False,0.9057745691607764,0.0003273747008067221
10.635173,1,283.591621,True,0.024094506565450865,False,False,0.9856812703952279,0.00032773625621964725
10.154608,1,283.591621,True,0.03831535952236001,False,False,0.9942002323834368,0.00032735333015490716
10.20871,1,283.591621,True,0.03646504205914772,False,False,0.988107524882927,0.0003270464684582345
10.703182,1,283.591621,True,0.022448296211468256,False,False,0.9348822802975197,0.0003270859125558144
10.730538,1,283.591621,True,0.021766103235593033,False,False,0.9964997979442195,0.00032728241261047197
9.071208,1,284.855963,True,0.09841647130459773,False,False,0.9921328406242551,0.00031922827752188185
9.154641,1,284.855963,True,0.09196052572363221,False,False,0.9514397236367702,0.0003254093993749906
9.633064,1,284.855963,True,0.06095362004860602,False,False,0.9800575274018359,0.0003277322541193563
10.04026,1,284.855963,True,0.042545065381353386,False,False,0.9301474143546199,0.00032666837107717106
10.295611,1,284.855963,True,0.033660425176721444,False,False,0.9515553600168601,0.0003282935722320216
-0.97472775,1,284.855963,False,0.1021849913385315,False,False,0.960702345419773,0.00032139618768037704
9.305157,1,284.855963,True,0.08097672940355449,False,False,0.9795433582910396,0.00032599836006853996
-1.0571547,1,284.855963,False,0.10907151770456078,False,False,0.958475847988947,0.00032321756318881215
-0.9875727,1,286.151243,False,0.10322515582828277,False,False,0.9698381784941669,0.00032328164892893286
10.864679,1,286.151243,True,0.018740377320621393,False,False,0.9391548346348829,0.0003273737597356465
10.674213,1,286.151243,True,0.023172938826502315,False,False,0.8917371855015332,0.0003274161227583147
9.11503,1,286.151243,True,0.09503442301153427,False,False,0.9408028732968731,0.0003203358077126433
-1.0350282,1,286.151243,False,0.10719040936538692,False,False,0.963317236076482,0.00032103131464268864
-0.9523232,1,286.151243,False,0.10043797424344351,False,False,0.912868503551302,0.00032554742667840466
-4.5502443,1,286.151243,False,0.45313219502837165,False,False,0.9461417529795376,0.0003292030906291787
9.818705,1,286.151243,True,0.05179885887387264,False,False,0.9536618741341947,0.0003266596471034244
9.27242,1,287.468628,True,0.0832707045504478,False,False,0.9742959796269041,0.00032648212350775834
10.197616,1,287.468628,True,0.036869675505227434,False,False,0.9431807136968072,0.00032700660957333654
10.567448,1,287.468628,True,0.025872302372466065,False,False,0.9058097078140234,0.00032735090967068444
9.28247,1,287.468628,True,0.08253182076547036,False,False,0.9966027186432481,0.0003264034746655821
10.078756,1,287.468628,True,0.04104946795462183,False,False,0.990996530091978,0.00032727874968808594
10.190145,1,287.468628,True,0.0371667354216239,False,False,0.8799181319229283,0.00032707324181683705
9.226716,1,287.468628,True,0.08668759211677934,False,False,0.880319720605079,0.0003193847531502246
10.518929,1,287.468628,True,0.027147854925949864,False,False,0.9367213195778054,0.00032770140301242114
9.64092,1,288.761793,True,0.06063012656832302,False,False,0.8911882432693978,0.0003270400204073406
10.651011,1,288.761793,True,0.02377270348212054,False,False,0.837704605230623,0.00032754642198200745
10.465592,1,288.761793,True,0.028587588991587254,False,False,0.9879340993027725,0.00032745727590678566
10.355593,1,288.761793,True,0.03185377470102496,False,False,0.8770062924643641,0.0003271324046433867
9.369647,1,288.761793,True,0.076623625493376,False,False,0.9819022700956055,0.000326005670672377
9.653189,1,288.761793,True,0.05989817626393533,False,False,0.9710197005199009,0.00032598294946431554
10.361631,1,288.761793,True,0.03165094976306058,False,False,0.9111044912298757,0.0003274575138468876
9.568545,1,288.761793,True,0.06459666919729208,False,False,0.8853262910021352,0.0003274788387099955
-1.0457457,1,290.34645,False,0.10806951421683708,False,False,0.9785748356685844,0.00032175132045712823
10.415701,1,290.34645,True,0.03005420886200448,False,False,0.9093658615012139,0.0003264907382174841
10.789207,1,290.34645,True,0.02040156790947161,False,False,0.9978740890147051,0.00032707042575514327
10.293893,1,290.34645,True,0.03371506622630964,False,False,0.950875198564506,0.00032802996518673704
9.940006,1,290.34645,True,0.046508464923380094,False,False,0.9642558637392546,0.000326341972475545
9.925394,1,290.34645,True,0.047097679960880434,False,False,0.9875681862232633,0.00032668591824807985
10.80054,1,290.34645,True,0.0201591799497627,False,False,0.9634411056328318,0.0003271504279368637
10.334828,1,290.34645,True,0.03242092913526182,False,False,0.9839821986978902,0.0003265455175728397
10.860109,1,291.677426,True,0.018852903808836186,False,False,0.9109573673353173,0.00032776315004452527
10.721998,1,291.677426,True,0.021971193428424265,False,False,0.9911526094221905,0.00032707098174539163
9.51219,1,291.677426,True,0.06774205404896685,False,False,0.9746964298900129,0.0003270566501624182
-0.969771,1,291.677426,False,0.10178066499580782,False,False,0.9600360475685176,0.00032570100444342807
10.559949,1,291.677426,True,0.026059301215017337,False,False,0.9249406839131742,0.00032738966091947646
9.962214,1,291.677426,True,0.04564475721429003,False,False,0.9054750293053961,0.00032748864742611713
10.139753,1,291.677426,True,0.0389275430611476,False,False,0.8676428529366674,0.0003272393825203211
9.6370125,1,291.677426,True,0.06078292770720717,False,False,0.9428320961450043,0.0003274831238794509
9.609788,1,293.033474,True,0.062231037554385964,False,False,0.9586790002889439,0.00032708619995204275
10.61865,1,293.033474,True,0.02457517964104653,False,False,0.8594854993921098,0.0003271431681201777
9.492787,1,293.033474,True,0.0688881345888233,False,False,0.9798953859492,0.0003272754303389953
-1.0168055,1,293.033474,False,0.10564805165326766,False,False,0.9714578295122661,0.00032441316284816384
9.69688,1,293.033474,True,0.05765988236525338,False,False,0.9575180374400498,0.0003272910266370198
9.740443,1,293.033474,True,0.05546613361270553,False,False,0.986263052346365,0.0003274295862919645
9.188865,1,293.033474,True,0.08935746651632791,False,False,0.9645098128207416,0.00032652524025768086
10.304734,1,293.033474,True,0.03345770570694557,False,False,0.8175229920869082,0.000327217938994679
9.777628,1,294.294828,True,0.053685109488367695,False,False,0.9803465919722901,0.00032704603372984774
10.460917,1,294.294828,True,0.028720748712285957,False,False,0.9843002863552549,0.0003276509444812656
9.971958,1,294.294828,True,0.04518686038836796,False,False,0.9831318694549206,0.00032654689528718276
10.027604,1,294.294828,True,0.04307477122476774,False,False,0.8742782935762254,0.0003271243256377028
10.402366,1,294.294828,True,0.030393561453909087,False,False,0.9934237404535582,0.00032727458802599683
9.560542,1,294.294828,True,0.06493917074203022,False,False,0.9824477184298028,0.000325990267482612
9.986724,1,294.294828,True,0.04461061539950018,False,False,0.9630253839158719,0.0003266732104677417
10.494428,1,294.294828,True,0.02779033810059024,False,False,0.9833047890233023,0.0003271717821484973
9.813692,1,295.515623,True,0.05199235802547043,False,False,0.9931853026502899,0.0003260094382088439
9.923765,1,295.515623,True,0.04725437890888263,False,False,0.882262130605578,0.00032689698689102254
9.83593,1,295.515623,True,0.05101128233697514,False,False,0.9593477031477288,0.00032699221981719913
10.565299,1,295.515623,True,0.025919471270899913,False,False,0.9233413313204496,0.00032716711125398466
10.112705,1,295.515623,True,0.039808207389933264,False,False,0.9893868979777596,0.00032767050319135074
10.362245,1,295.515623,True,0.031588344476941733,False,False,0.9844868433603199,0.000327090919145764
9.754041,1,295.515623,True,0.05480868903902256,False,False,0.9838629084398124,0.0003274417903131344
10.811858,1,295.515623,True,0.01992823762913849,False,False,0.9076256179083672,0.00032737104649662666
10.1284,1,296.747917,True,0.03924214175740111,False,False,0.9930530214366217,0.0003271319390142037
10.693022,1,296.748909,True,0.02267002227054069,False,False,0.9836261087207184,0.00032715498308611573
-3.121011,1,296.748909,False,0.31011908698911045,False,False,0.9942487619823868,0.00032176619171585106
9.991064,1,296.748909,True,0.04444676768431653,False,False,0.9517438175005393,0.00032686870290631666
10.319993,1,296.748909,True,0.032895358920673745,False,False,0.9560950434900758,0.0003273909492966081
9.61416,1,296.748909,True,0.061952647814164076,False,False,0.996418818091625,0.0003270711261672121
10.3158865,1,296.748909,True,0.033073232638227534,False,False,0.8750261616576603,0.00032709275355785996
9.633168,1,296.748909,True,0.06101232821115441,False,False,0.91989067219528,0.00032531983249251456
9.125523,1,298.019751,True,0.09434288560675817,False,False,0.8601348443756888,0.0003197700902796176
9.197492,1,298.019751,True,0.08867552623266636,False,False,0.9910855646006029,0.00031924406769961885
9.230822,1,298.019751,True,0.08646991889715834,False,False,0.8243672192196498,0.0003203154526986804
9.099341,1,298.019751,True,0.0961965855679908,False,False,0.984239059045094,0.00031799419856065034
9.841704,1,298.019751,True,0.05078656920755309,False,False,0.9202813602292355,0.00032703049710552413
9.079466,1,298.019751,True,0.09784196299099476,False,False,0.939216254585114,0.0003254483570130171
10.778366,1,298.019751,True,0.020658057434604173,False,False,0.9804313998433014,0.00032744751708857126
9.96833,1,298.019751,True,0.04535140383706141,False,False,0.9609380836276297,0.0003270505421939935
9.821957,1,299.216506,True,0.051690862339165686,False,False,0.9092127352724115,0.00032740840055169344
11.043833,1,299.216506,True,0.015002327881433008,False,False,0.9555609400632008,0.00032745928123020633
10.1762495,1,299.216506,True,0.03757339556886427,False,False,0.98128323389456,0.000327432243199098
9.253543,1,299.216506,True,0.08461492427911613,False,False,0.9730338480391119,0.00031882151896536363
9.909556,1,299.216506,True,0.047757598445558005,False,False,0.9968312718221656,0.0003270725930450952
-0.95293444,1,299.216506,False,0.10047424274883904,False,False,0.921048823681874,0.00032471373923440196
10.180809,1,299.216506,True,0.03743330675387583,False,False,0.9571456828945701,0.0003264735049624617
9.071967,1,299.216506,True,0.09846755707846289,False,False,0.922244245568677,0.0003253528945777939
9.6870775,1,300.485681,True,0.05812724744712251,False,False,0.9877780736603955,0.00032704953707110964
9.669314,1,300.485681,True,0.05911873255534677,False,False,0.9118780449622425,0.00032598005128537267
10.328647,1,300.485681,True,0.03269118271431623,False,False,0.8536080859023756,0.0003276326712532252
10.109097,1,300.485681,True,0.03994817642272655,False,False,0.9763791646627752,0.0003259027583868272
9.164572,1,300.485681,True,0.09118545678291903,False,False,0.9644947828984679,0.00032463826403234187
9.513558,1,300.485681,True,0.06765508377910649,False,False,0.9801110144636466,0.0003274780543605382
9.169425,1,300.485681,True,0.09089148435870294,False,False,0.9159335327447854,0.00032000303515505
10.418106,1,300.485681,True,0.029980760903587606,False,False,0.9158737823247792,0.0003274739425652517
10.493535,1,301.699879,True,0.027841532274214327,False,False,0.9348195722371507,0.00032663509806656125
9.280702,1,301.699879,True,0.08270371451694385,False,False,0.9625841974590111,0.0003196673695008359
-2.7351923,1,301.699879,False,0.27155607055547765,False,False,0.9933011914833775,0.0003195887487976734
10.5336275,1,301.699879,True,0.02674237980273982,False,False,0.9550416608290367,0.00032745087402785955
10.748896,1,301.699879,True,0.021335173130508724,False,False,0.9944212422069488,0.0003268909602689432
9.470251,1,301.699879,True,0.0702270031532582,False,False,0.9980394464184906,0.00032705336625580607
10.491416,1,301.699879,True,0.027891694694329974,False,False,0.9496323911776284,0.0003271402066671889
9.564954,1,301.699879,True,0.06471910455510628,False,False,0.9564034239408753,0.0003252444527278607
-2.1355572,1,302.911022,False,0.21178239427547854,False,False,0.9725841926915645,0.0003264792002980839
-0.9727166,1,302.911022,False,0.10207869933571134,False,False,0.9250658806480817,0.0003224106050357348
10.899041,1,302.911022,True,0.017979449061767044,False,False,0.9769689861875257,0.0003270325871396421
9.543245,1,302.912014,True,0.06592454806243138,False,False,0.9836880601761604,0.0003270764948537986
10.438373,1,302.912014,True,0.029394931976948105,False,False,0.9213634046494341,0.00032679329732958345
9.194183,1,302.912014,True,0.08892264145163575,False,False,0.9902729619750706,0.00031882319701704
9.615836,1,302.912014,True,0.06186791191842407,False,False,0.9908053106128665,0.00032706100679547875
-1.8745401,1,302.912014,False,0.18591649628273824,False,False,0.9722666054206622,0.00032780375055956035
9.174262,1,304.145785,True,0.09053740004214063,False,False,0.9085217435683132,0.0003180941415304261
10.505875,1,304.145785,True,0.027553221411266312,False,False,0.8437311060002112,0.00032725568759316506
-0.96533525,1,304.145785,False,0.101514982457096,False,False,0.9009926871413647,0.0003191632104033451
10.8258705,1,304.145785,True,0.01959357456450031,False,False,0.9516645184228913,0.0003269973838451756
9.630935,1,304.145785,True,0.061100709972576855,False,False,0.9488836125901228,0.0003252632561329642
9.109612,1,304.145785,True,0.09539001123307227,False,False,0.9843091258250153,0.000325308595170957
-1.02711,1,304.145785,False,0.10649925111050956,False,False,0.9784061886626179,0.0003251202885953626
10.6067915,1,304.145785,True,0.02483894547113388,False,False,0.9347150791204402,0.00032727257123713955
-0.97482634,1,305.385228,False,0.10222133799666709,False,False,0.9434420877779227,0.0003225321082381417
-0.9507683,1,305.385228,False,0.10027757587341464,False,False,0.9341719394751276,0.0003190042539125714
-2.833525,1,305.385228,False,0.2814559123246058,False,False,0.956709336403672,0.0003281548366142203
9.09237,1,305.385228,True,0.0968925108546865,False,False,0.8919716185824602,0.0003199262008069746
9.195972,1,305.385228,True,0.08882765811194895,False,False,0.9646508939256134,0.00032028793419174343
10.050714,1,305.385228,True,0.042139951047036016,False,False,0.9392953708707718,0.00032688558871410753
9.192593,1,305.385228,True,0.08911609847595231,False,False,0.9398944394387165,0.0003193319348145153
9.614098,1,305.385228,True,0.061958139740872636,False,False,0.9944509255280681,0.0003270629052608044
9.531722,1,306.627908,True,0.06658453511609126,False,False,0.9881391678654351,0.00032758975357316663
9.815302,1,306.627908,True,0.051984687782681956,False,False,0.9210258539131452,0.00032637420155690744
10.615546,1,306.627908,True,0.02460484831873077,False,False,0.9563206844594611,0.0003280498131297596
-0.9824471,1,306.627908,False,0.10277040023204402,False,False,0.989870800502523,0.00031991682555827734
9.83779,1,306.627908,True,0.050934658086271484,False,False,0.951365756673155,0.000327024266359337
10.36032,1,306.627908,True,0.0316624726956474,False,False,0.9575280055603358,0.0003271404407272878
10.617632,1,306.627908,True,0.02456997482103761,False,False,0.9206700784144635,0.00032649681630559036
9.777598,1,306.627908,True,0.05367593817029417,False,False,0.9915472126139108,0.0003270728354589843
10.256331,1,308.002987,True,0.034890275570605735,False,False,0.9927273810345955,0.00032704586229251716
10.089326,1,308.002987,True,0.04072634567038304,False,False,0.8997105830363749,0.00032744295776045
10.253468,1,308.002987,True,0.03500801719182374,False,False,0.9546243462088856,0.0003265844629882577
-0.9677665,1,308.002987,False,0.10166236694389395,False,False,0.9322405904470389,0.0003216001928582022
10.635779,1,308.002987,True,0.02408529879063156,False,False,0.9737246881820868,0.00032706030753546064
10.387629,1,308.002987,True,0.030871086113395577,False,False,0.9181417872024327,0.0003269406831640632
9.23018,1,308.002987,True,0.08644734020738702,False,False,0.8719515012742605,0.0003193136391068925
9.601883,1,308.002987,True,0.06263319028889427,False,False,0.9855496164651327,0.0003270490936110551
9.195167,1,309.40076,True,0.08901653423961894,False,False,0.8780237808131716,0.00031824365765345563
10.501575,1,309.401756,True,0.02760450709133552,False,False,0.9648898699844182,0.0003273913843720532
-1.0754428,1,309.401756,False,0.11056535544966611,False,False,0.9978939410770048,0.00032313049192028183
9.443531,1,309.401756,True,0.0718814280806,False,False,0.9904766863126596,0.00032704896109999866
9.365746,1,309.401756,True,0.0769788230654644,False,False,0.9078652219672423,0.0003256202628063318
10.725987,1,309.401756,True,0.021890591830074718,False,False,0.9613552423151819,0.000326958721265774
9.561544,1,309.401756,True,0.0648681217987396,False,False,0.9950927649724011,0.0003270581336897077
-1.8539225,1,309.401756,False,0.18384551961578086,False,False,0.9914207790416983,0.0003272712525676261
10.115397,1,310.673615,True,0.039785738782805335,False,False,0.8859092759632446,0.00032695750987070393
10.69245,1,310.673615,True,0.022705237442734397,False,False,0.9395063825199291,0.00032745787460360164
9.584312,1,310.673615,True,0.06365894287046421,False,False,0.9345182579662716,0.00032685596239393454
10.610428,1,310.673615,True,0.02475365679993262,False,False,0.9199214350971455,0.00032730227394529995
9.687645,1,310.673615,True,0.05810270500325124,False,False,0.983481297065979,0.00032704658060561757
9.122276,1,310.673615,True,0.09439393745878938,False,False,0.9895888385155864,0.000324550536618234
10.618817,1,310.673615,True,0.02453388327793917,False,False,0.9325244193732888,0.0003270903598978987
9.704055,1,310.673615,True,0.05730603712857525,False,False,0.9492799524834681,0.00032534717424971153
10.042017,1,311.886146,True,0.042488882145678544,False,False,0.9158112605119993,0.0003273956802791789
9.504116,1,311.886146,True,0.06830738659731547,False,False,0.9005612610436591,0.000327485953150948
10.324874,1,311.886146,True,0.03281193514772643,False,False,0.8467817283050126,0.000327283352363998
9.180395,1,311.886146,True,0.08998716330383404,False,False,0.9675044637620843,0.00031889744822082326
10.448427,1,311.886146,True,0.029098594820212098,False,False,0.9394369887575309,0.00032713646543358133
10.703774,1,311.886146,True,0.022445856647931042,False,False,0.9103499602713641,0.0003271616785735187
9.2184305,1,311.886146,True,0.08720664354268555,False,False,0.9397257490254949,0.0003251626409301345
9.878497,1,311.886146,True,0.04913540405726776,False,False,0.9472642632585571,0.0003275180686184819
9.934386,1,313.095091,True,0.046775444668602804,False,False,0.9237932130464332,0.0003265571177237877
9.601501,1,313.095091,True,0.06273558954317185,False,False,0.9111920748789911,0.00032712296594738523
10.070394,1,313.095091,True,0.04137937856932877,False,False,0.965796310506745,0.0003275184594102488
10.213643,1,313.095091,True,0.0363111888159878,False,False,0.9708596603513697,0.0003280907526939586
10.193896,1,313.095091,True,0.03703884777902216,False,False,0.8800651504623059,0.0003268387836809817
9.222219,1,313.095091,True,0.08693984103066779,False,False,0.9324869301648012,0.00032008032688027294
9.813081,1,313.095091,True,0.05202287342260085,False,False,0.9905031457808823,0.0003274364011150999
9.327077,1,313.095091,True,0.07947135112001032,False,False,0.9823690773192804,0.0003264845709314257
9.918539,1,314.365563,True,0.047460722829854335,False,False,0.8985680829046387,0.0003269173901832625
9.468859,1,314.365563,True,0.07032188164571278,False,False,0.9898436174599425,0.00032706304915932054
10.891735,1,314.365563,True,0.018131342085045743,False,False,0.9889687246355614,0.0003270487756467927
9.81099,1,314.365563,True,0.052113190561228394,False,False,0.9967817888547091,0.00032751961347876276
9.891569,1,314.365563,True,0.048559728666857004,False,False,0.9581543625356183,0.00032713040551345584
10.640536,1,314.365563,True,0.023955620481331617,False,False,0.9948018350230714,0.0003271300425979868
9.391807,1,314.365563,True,0.0751741956958249,False,False,0.9835702008937734,0.00032705673848136546
10.954205,1,314.36656,True,0.01684779354792785,False,False,0.8958676269115341,0.0003270812683740432
9.431363,1,315.716594,True,0.0727132855424059,False,False,0.9338330868097356,0.00032717581395025146
10.522675,1,315.716594,True,0.027027463740841577,False,False,0.972297481560265,0.0003271406949519564
-1.0037338,1,315.716594,False,0.10451549103519672,False,False,0.9978478115544611,0.00032073593136099115
10.737702,1,315.716594,True,0.02164186384100825,False,False,0.9012871386039462,0.0003267995680669398
9.118664,1,315.716594,True,0.09472493358581704,False,False,0.9575485131104773,0.00032659249579932256
10.448904,1,315.716594,True,0.0290626931959271,False,False,0.9789337278834942,0.0003271481933509822
9.562759,1,315.716594,True,0.06485550052127435,False,False,0.9454760060369781,0.00032748048162686876
9.146901,1,315.716594,True,0.09253292444395378,False,False,0.964081509641267,0.0003245938000829386
10.530539,1,316.94741,True,0.026803627505573552,False,False,0.995203899797992,0.0003265167578630958
9.136454,1,316.94741,True,0.09328591372167838,False,False,0.9965547665432581,0.00031766705514593723
10.466975,1,316.94741,True,0.02858520785213112,False,False,0.9230629360679526,0.00032726364897260114
10.199553,1,316.94741,True,0.03680316220572835,False,False,0.9445523975064757,0.00032712950481192144
10.389121,1,316.94741,True,0.030794765405677285,False,False,0.9727222272181273,0.0003272388457930013
10.0158415,1,316.94741,True,0.04347915744380739,False,False,0.941688275968598,0.0003273958765267642
9.561128,1,316.94741,True,0.06493701931610757,False,False,0.9550433787977757,0.00032707159153966557
10.511082,1,316.94741,True,0.027351278417985344,False,False,0.9539726963633695,0.0003272033770184289
9.583824,1,318.260841,True,0.06364082505895068,False,False,0.9752156344845382,0.00032708116542006735
9.53336,1,318.260841,True,0.0664803031813899,False,False,0.9962231887206107,0.0003275186640705903
10.724597,1,318.260841,True,0.021939018277640696,False,False,0.928908153858742,0.00032747718950246874
9.5575905,1,318.260841,True,0.06509740599358364,False,False,0.990542120436718,0.00032712512048472956
10.569013,1,318.260841,True,0.02579955562866748,False,False,0.9664257508819968,0.00032751820798812656
-2.351501,1,318.260841,False,0.23337375356034087,False,False,0.9300055219143876,0.00031922832967817627
10.910215,1,318.260841,True,0.017751595157304914,False,False,0.9509183056194196,0.00032713523253940884
10.032283,1,318.260841,True,0.04281395065211736,False,False,0.9785170301474769,0.00032689797802962445
10.2470045,1,319.637486,True,0.03525900049668316,False,False,0.8929054690463369,0.00032825551157531483
9.95143,1,319.637486,True,0.04602752209133528,False,False,0.9764392809778855,0.0003268876092511944
10.859589,1,319.637486,True,0.01886774869119384,False,False,0.9031540734498653,0.0003275434766605846
9.751803,1,319.637486,True,0.05494192945136401,False,False,0.9578050550730784,0.0003273928154639371
9.785713,1,319.637486,True,0.05331381664905889,False,False,0.9697822796942884,0.0003275163218547795
9.895875,1,319.637486,True,0.048493473464968094,False,False,0.8198029237652344,0.0003271011173387125
9.72544,1,319.637486,True,0.056192286394171155,False,False,0.9968667167829575,0.00032751815148624125
9.505863,1,319.637486,True,0.06809205678338388,False,False,0.9947713381467284,0.00032713238277754517
9.800566,1,320.987281,True,0.05272103278231701,False,False,0.8610202791680747,0.0003274725519631506
10.836835,1,320.987281,True,0.019341203289945912,False,False,0.9692821014400669,0.0003274733306415518
10.040415,1,320.987281,True,0.04248916870744978,False,False,0.9955342532025537,0.0003274580203890743
9.109273,1,320.987281,True,0.09549733354969105,False,False,0.9327821589713745,0.00031957813982709754
9.497714,1,320.987281,True,0.0685965556786813,False,False,0.9776289431879434,0.00032751424256739585
10.534193,1,320.987281,True,0.026731902986436407,False,False,0.9463384617332359,0.0003275296924707347
10.818984,1,320.987281,True,0.0197436635747895,False,False,0.9612392465502528,0.00032751250778539546
9.690504,1,320.987281,True,0.058097308689377625,False,False,0.845811896625792,0.0003274790590832832
-3.1355932,1,322.498076,False,0.3116757276956874,False,False,0.9448689716364036,0.0003219996702012501
9.724046,1,322.498076,True,0.056273716028980195,False,False,0.9842091188948646,0.00032751375043241964
9.99454,1,322.498076,True,0.04433583592257508,False,False,0.9175580219028203,0.0003274527302335707
10.629224,1,322.498076,True,0.02424288590620847,False,False,0.9879367762837883,0.0003274417728981714
10.259258,1,322.498076,True,0.03482837285058962,False,False,0.9418687067772991,0.000326849703632048
9.878168,1,322.498076,True,0.04910800801001909,False,False,0.9951578284237405,0.0003271492269985732
10.257926,1,322.498076,True,0.03484458282848412,False,False,0.9834869368229697,0.0003271358572551622
9.319729,1,322.498076,True,0.08017559356209084,False,False,0.8335705502026457,0.000325633708131376
9.492545,1,324.112321,True,0.06890397191234397,False,False,0.978796266220261,0.00032708924808213087
10.470595,1,324.112321,True,0.02844650998669226,False,False,0.9900752902990019,0.0003272648330834374
9.649966,1,324.112321,True,0.06003812191972736,False,False,0.9989605288810152,0.0003275209314659286
10.692156,1,324.112321,True,0.02276445598760249,False,False,0.8320467827237105,0.00032744165874367136
10.555326,1,324.112321,True,0.026144545972760058,False,False,0.994386778692697,0.000327519484663951
10.615983,1,324.112321,True,0.024575470310292894,False,False,0.9923030849510742,0.00032752097655468546
10.310874,1,324.112321,True,0.03315534422001658,False,False,0.9938222002569674,0.00032765470248732274
10.960389,1,324.112321,True,0.01672014105253449,False,False,0.8936323755484925,0.0003274024621990508
9.555304,1,325.659521,True,0.06525899218728082,False,False,0.9627354992219566,0.0003274799437487485
9.943022,1,325.659521,True,0.046356087933200917,False,False,0.997725168439266,0.00032752151225396965
9.808987,1,325.659521,True,0.05221470853018869,False,False,0.9867714499150689,0.00032743312184982235
10.4216385,1,325.659521,True,0.02984965259835436,False,False,0.965999964242707,0.0003276042677240906
9.830184,1,325.659521,True,0.0512426672227586,False,False,0.9906609269848299,0.00032751971229005866
9.697006,1,325.659521,True,0.057645721626786814,False,False,0.9652099201780402,0.00032750338849530796
9.84583,1,325.659521,True,0.05056858967658067,False,False,0.9571689590602153,0.00032730222912376707
10.643195,1,325.659521,True,0.023922023783051374,False,False,0.9290548259164854,0.0003274242919559754
9.806344,1,327.32829,True,0.052325364730388145,False,False,0.9989677123577285,0.00032752103446247654
9.618908,1,327.32829,True,0.06170965580590631,False,False,0.9836106242972679,0.00032753752975986405
9.227963,1,327.32829,True,0.08648710623918222,False,False,0.9554749674103514,0.00032654396883376435
10.5108595,1,327.32829,True,0.027371621400135868,False,False,0.9276365502954022,0.0003281660351444242
10.043372,1,327.32829,True,0.04237878011639134,False,False,0.992285418478577,0.00032743116519663246
9.77925,1,327.32829,True,0.05359170334577244,False,False,0.9980561675665462,0.00032752159077537583
9.612348,1,327.32829,True,0.06215201526752236,False,False,0.9033301993668987,0.00032688512886377323
9.75468,1,327.32829,True,0.054763696901584814,False,False,0.9985595526249279,0.0003275209999590833
-0.95542234,1,328.963508,False,0.1006404885005727,False,False,0.9429174166606965,0.00032704996324710474
-3.898465,1,328.963508,False,0.387858265446209,False,False,0.9943587252799335,0.0003291128737897544
10.430573,1,328.963508,True,0.02959556006810536,False,False,0.9608039671948734,0.0003276257171109597
9.456239,1,328.963508,True,0.07110124024285464,False,False,0.9851283172113126,0.00032715011195939104
10.275361,1,328.963508,True,0.03428072175015891,False,False,0.9875538893647807,0.00032750383112705177
10.236991,1,328.963508,True,0.03551813774690209,False,False,0.9984951582571627,0.0003275208826142324
9.816249,1,328.963508,True,0.051887397622939396,False,False,0.97975453242491,0.00032742613214740046
9.22448,1,328.963508,True,0.08669363940625578,False,False,0.9879731157877588,0.00032586404972227446
9.838905,1,330.64169,True,0.0509165775161811,False,False,0.9156594177802364,0.0003273428228841844
9.675549,1,330.64169,True,0.058721472887236933,False,False,0.9845814352843874,0.00032749940951457186
9.974009,1,330.64169,True,0.04510211567549516,False,False,0.9857053565386451,0.000327537423556797
9.553248,1,330.64169,True,0.06537080477323547,False,False,0.9673468991013865,0.00032725836409563773
10.680261,1,330.64169,True,0.02298101289403251,False,False,0.9817949491349877,0.00032751671193315243
10.351574,1,330.64169,True,0.031980016420507795,False,False,0.8696066065528841,0.0003270111076332018
9.266573,1,330.64169,True,0.08368248134371041,False,False,0.975831880136586,0.0003265355259334002
10.53576,1,330.64169,True,0.02669568094719958,False,False,0.9356747757379661,0.0003274260321107442
9.808174,1,332.681998,True,0.052246677545243335,False,False,0.9927144178766175,0.0003275162108604551
9.585939,1,332.681998,True,0.0635580347435261,False,False,0.9439679641498898,0.0003276526322490135
10.819968,1,332.681998,True,0.019737835491613186,False,False,0.925006042638517,0.00032752801037032065
9.202702,1,332.681998,True,0.08838037278202317,False,False,0.9296237630970211,0.00032723434038813226
9.967847,1,332.681998,True,0.045358808550654786,False,False,0.9759800394688551,0.00032744353339582167
9.152254,1,332.681998,True,0.09214773581743778,False,False,0.9481528140813469,0.0003195573380355794
9.810932,1,332.681998,True,0.05211449827538013,False,False,0.9982857827264068,0.00032752141160782454
9.57055,1,332.681998,True,0.06435717444454857,False,False,0.9979307133084809,0.0003275217744243895
9.714034,1,334.380731,True,0.05675707526161261,False,False,0.998221063782511,0.0003275208801003111
9.747196,1,334.380731,True,0.05512569510282639,False,False,0.9984758257115359,0.0003275213746989639
10.158548,1,334.380731,True,0.03823423983242568,False,False,0.9132215587374872,0.00032682441586804494
9.693329,1,334.380731,True,0.057800254480579974,False,False,0.9965678039093383,0.00032752064057058386
9.923936,1,334.380731,True,0.04715301032512903,False,False,0.9944832807291858,0.0003275231958808655
10.838777,1,334.380731,True,0.019287959590604198,False,False,0.9920639545760153,0.00032751740871231447
10.308336,1,334.380731,True,0.03324693761936616,False,False,0.9739518190668847,0.000327652340123632
9.719747,1,334.380731,True,0.05647388796592387,False,False,0.9972100043443397,0.00032752127447599705
9.194992,1,336.088585,True,0.08890231999080189,False,False,0.9635063672684723,0.0003190702908771473
10.784733,1,336.088585,True,0.02052361892898236,False,False,0.9549274029164636,0.0003275523725714155
10.298662,1,336.088585,True,0.03354237949046389,False,False,0.9864180580747629,0.00032750331825548456
9.426404,1,336.088585,True,0.07294625216358618,False,False,0.9967807387724211,0.000326272164870351
10.324181,1,336.088585,True,0.03274144325219103,False,False,0.9954941000511918,0.00032713151606963997
10.364583,1,336.08958,True,0.03153435158069806,False,False,0.9573777707978048,0.00032744055554999514
9.301244,1,336.08958,True,0.08131581302039884,False,False,0.9300796937740929,0.000326397018400749
9.926171,1,336.08958,True,0.04705967498371062,False,False,0.9941031398626168,0.00032652645817136006
9.657374,1,337.754167,True,0.0596627854869481,False,False,0.9864173985759705,0.00032752665902506295
10.660239,1,337.754167,True,0.02350461055537664,False,False,0.9167626664574295,0.0003275170424659601
10.251797,1,337.754167,True,0.035118028944487664,False,False,0.8692055160646108,0.00032738603534764645
9.610181,1,337.754167,True,0.06216935814306413,False,False,0.9957336356211826,0.0003275207682344303
9.769972,1,337.754167,True,0.05405279317009168,False,False,0.9758241379446317,0.000327513771707534
10.589893,1,337.754167,True,0.025285619370204477,False,False,0.9105616970290572,0.0003267401497015776
9.774792,1,337.754167,True,0.05383846202164196,False,False,0.960329784611083,0.0003275211533852577
10.694839,1,337.754167,True,0.022661582059288844,False,False,0.9101943011261736,0.0003271204756343453
10.943023,1,339.28252,True,0.017090706891245325,False,False,0.8735921367969807,0.0003275101798351827
9.761536,1,339.28252,True,0.054463851483828284,False,False,0.9675799073734304,0.00032749163079085614
10.918232,1,339.28252,True,0.01758824907820743,False,False,0.9339015373318263,0.0003274752987067883
10.379373,1,339.28252,True,0.031086535637781614,False,False,0.9675108176174689,0.00032758254502516674
10.031867,1,339.28252,True,0.042820019129972096,False,False,0.9914388664089915,0.0003275172282832481
10.146049,1,339.28252,True,0.0386418005626732,False,False,0.9571997232354967,0.0003275135122923796
9.993499,1,339.28252,True,0.044313812087714635,False,False,0.9973991250904944,0.00032751857880195315
10.241432,1,339.28252,True,0.03543098448926179,False,False,0.9090449558909607,0.00032754254918041724
9.512484,1,341.032547,True,0.06769710614678154,False,False,0.9981860226584274,0.000327533335368341
9.951398,1,341.03355,True,0.04602570687895253,False,False,0.9802865002377856,0.00032710098508324467
9.537395,1,341.03355,True,0.06624581824261402,False,False,0.9972645136426644,0.0003276678736034562
9.975774,1,341.03355,True,0.04506874781764614,False,False,0.9388808484300166,0.00032711162592354264
9.4888115,1,341.03355,True,0.06925114414102346,False,False,0.8761522984448369,0.00032683737848140536
10.141867,1,341.03355,True,0.03877087402749932,False,False,0.9833519712756307,0.0003275285617901197
10.371698,1,341.03355,True,0.03133601977676345,False,False,0.9326243474512588,0.0003276691461201723
10.507812,1,341.03355,True,0.027420296915089834,False,False,0.9906344684047904,0.0003275027524527544
9.9920025,1,342.694218,True,0.04439983124380962,False,False,0.9638446280528236,0.000327079503073772
10.308947,1,342.694218,True,0.03326729612559867,False,False,0.9108712950215493,0.0003269064799182965
10.132966,1,342.695214,True,0.039075722466785166,False,False,0.9982915810338374,0.0003275203764344855
9.550433,1,342.695214,True,0.06550539582481354,False,False,0.9901422154918348,0.0003276570618978435
10.257542,1,342.695214,True,0.03487753390946794,False,False,0.9518584002933527,0.0003275094381518769
10.069101,1,342.695214,True,0.04145374811831562,False,False,0.9308877803410515,0.0003273498940014812
10.187621,1,342.695214,True,0.03717202390596705,False,False,0.998355363154476,0.00032753261591325216
9.573228,1,342.695214,True,0.0642759903668193,False,False,0.9363540781183846,0.00032752030243826604
9.75285,1,344.366645,True,0.05487537152521938,False,False,0.9743482774563338,0.0003275177027616225
9.724536,1,344.366645,True,0.05623590692221585,False,False,0.9979592123767463,0.00032752178873309327
10.680645,1,344.366645,True,0.022969634946299024,False,False,0.9858647736641707,0.0003275350954355069
10.530798,1,344.366645,True,0.026807476473011564,False,False,0.9751050217718704,0.000327484017855604
9.945174,1,344.366645,True,0.04628785107133768,False,False,0.9728023638507547,0.00032752677368307607
9.87753,1,344.366645,True,0.04917732467633571,False,False,0.9475042971735095,0.0003274413011509717
9.898037,1,344.366645,True,0.04827177617069546,False,False,0.9698469911514913,0.0003274758004375562
9.713534,1,344.366645,True,0.05684764058248916,False,False,0.932483862340209,0.0003275213252882617
9.722458,1,346.036462,True,0.05634760557695397,False,False,0.9889640059752668,0.000327531752085054
9.544093,1,346.036462,True,0.06599652347638153,False,False,0.878681842047753,0.00032665729170774287
10.830925,1,346.036462,True,0.01950855977098526,False,False,0.8891551085124815,0.0003273347165121816
9.710668,1,346.036462,True,0.05694597708143988,False,False,0.9774666369899414,0.00032752296686015326
10.284388,1,346.036462,True,0.034056576540551435,False,False,0.8874921024026617,0.0003275968346682714
9.824634,1,346.036462,True,0.051487240669255474,False,False,0.9987564055060348,0.0003270433066658674
9.864116,1,346.036462,True,0.0497272868392287,False,False,0.9906032674558906,0.0003275269447667432
10.1806965,1,346.036462,True,0.03741466302762171,False,False,0.9899608975135966,0.0003276654214896462
10.065341,1,347.61083,True,0.04155745499588964,False,False,0.98038937734468,0.0003275221110958543
10.597807,1,347.61083,True,0.025086212254612918,False,False,0.9016355416103979,0.00032754637075775226
10.535435,1,347.61083,True,0.026682372553061516,False,False,0.9767776469213892,0.00032766533227576207
10.078458,1,347.61083,True,0.04106560293854555,False,False,0.9841549162945324,0.0003275401676245724
9.433087,1,347.61083,True,0.07257817218367606,False,False,0.9551694123786899,0.0003258594621808959
9.782532,1,347.61083,True,0.05343900675432595,False,False,0.995801459780904,0.0003275334435082285
9.656479,1,347.61083,True,0.05976294196566877,False,False,0.9354895859640328,0.00032751632020624674
10.201636,1,347.61083,True,0.0367438397778289,False,False,0.9280641322622565,0.0003275942695386468
10.062369,1,349.124377,True,0.04166968946353128,False,False,0.9793791176949678,0.0003274804733198839
10.665245,1,349.124377,True,0.023385394911612286,False,False,0.9079687597010367,0.0003275690072102891
9.707784,1,349.124377,True,0.057086164623155015,False,False,0.981713366060683,0.0003270292847259049
10.396138,1,349.124377,True,0.030602848078015422,False,False,0.9477212001344292,0.000327281888486836
9.817005,1,349.124377,True,0.05183716343607645,False,False,0.9967805339559919,0.00032752087674938694
10.433413,1,349.124377,True,0.02953179529727992,False,False,0.9300673024431423,0.00032753400676901193
9.533053,1,349.124377,True,0.06657626205521903,False,False,0.9287275783887762,0.00032751000854528084
9.977408,1,349.124377,True,0.044960992029867974,False,False,0.9911302778300156,0.00032752935931098126
9.897613,1,350.638222,True,0.04828392243984984,False,False,0.9768728277519185,0.0003275341139944771
9.473551,1,350.639223,True,0.07006966879357479,False,False,0.9623431016388947,0.0003275412734146566
10.671606,1,350.639223,True,0.02318909114219707,False,False,0.9891529265933341,0.00032750984845213214
10.476688,1,350.639223,True,0.028279600145124675,False,False,0.985063013763948,0.0003271349330345516
9.920359,1,350.639223,True,0.04737437442107004,False,False,0.9099822476499483,0.00032692114136734435
9.710572,1,350.639223,True,0.05694357698749035,False,False,0.984632995898771,0.0003275164859267396
10.042624,1,350.639223,True,0.042434244030757816,False,False,0.9570000305528559,0.00032750843772682626
9.98435,1,350.639223,True,0.04469413412934417,False,False,0.9770856686115351,0.00032753633155148594
10.008288,1,352.00341,True,0.04373620300908022,False,False,0.9905472534369897,0.0003275160105871393
10.302987,1,352.00341,True,0.03346678340026997,False,False,0.8904629441212158,0.00032743687672005133
10.020193,1,352.00341,True,0.043268926168427285,False,False,0.9942835129719708,0.0003275331144946368
10.037099,1,352.00341,True,0.04263643002150718,False,False,0.9689042606769187,0.0003271559498531376
9.77544,1,352.00341,True,0.05383472984373513,False,False,0.931808059116545,0.0003275236147794891
9.732593,1,352.00341,True,0.05583968711077366,False,False,0.9972281616840791,0.00032751994920675613
9.4141245,1,352.00341,True,0.07374328853674593,False,False,0.9818075069594976,0.00032765593022914056
9.696017,1,352.00341,True,0.05768202695457511,False,False,0.9787764102747839,0.000327564001039654
10.3286,1,353.356244,True,0.03262022294606435,False,False,0.9710671617503308,0.0003274926319408274
10.055863,1,353.356244,True,0.04202836637612162,False,False,0.8290282680303583,0.0003267346597996415
10.743635,1,353.356244,True,0.021475313240178352,False,False,0.9585400467989371,0.00032751255886936183
10.966636,1,353.356244,True,0.016575824244913738,False,False,0.9296324952602362,0.0003275627962999685
9.625049,1,353.356244,True,0.06136441777016731,False,False,0.9971628706434181,0.00032753147636120807
10.680671,1,353.356244,True,0.022971048672779475,False,False,0.9817005458163983,0.00032753215914313753
9.169976,1,353.356244,True,0.09077083840560453,False,False,0.9681704324512009,0.0003190812001558278
10.785032,1,353.356244,True,0.020503038822125386,False,False,0.9848369746843214,0.000327515446553319
10.510933,1,354.721172,True,0.027369905368197122,False,False,0.9271491689958059,0.0003275931235711857
10.571417,1,354.721172,True,0.025753265945899367,False,False,0.9347239975539949,0.0003274965389077928
9.760216,1,354.721172,True,0.054627637999240634,False,False,0.863054434799091,0.00032757359354523266
9.770729,1,354.721172,True,0.05399910988729458,False,False,0.9943779355815484,0.0003275183800996228
10.364352,1,354.721172,True,0.031519811957819714,False,False,0.9931682900832008,0.0003275349079164665
10.571187,1,354.721172,True,0.025771737754340718,False,False,0.910861811495487,0.00032757060568229393
9.883392,1,354.721172,True,0.04897900631874756,False,False,0.8823146961375348,0.0003274315755924148
10.268885,1,354.721172,True,0.034496871415494304,False,False,0.9743118119608468,0.0003275745361334125
